-- phpMyAdmin SQL Dump
-- version 3.5.5
-- http://www.phpmyadmin.net
--
-- Host: localhost
-- Generation Time: Mar 09, 2013 at 03:13 PM
-- Server version: 5.5.16
-- PHP Version: 5.3.8

SET SQL_MODE="NO_AUTO_VALUE_ON_ZERO";
SET time_zone = "+00:00";


/*!40101 SET @OLD_CHARACTER_SET_CLIENT=@@CHARACTER_SET_CLIENT */;
/*!40101 SET @OLD_CHARACTER_SET_RESULTS=@@CHARACTER_SET_RESULTS */;
/*!40101 SET @OLD_COLLATION_CONNECTION=@@COLLATION_CONNECTION */;
/*!40101 SET NAMES utf8 */;

--
-- Database: `sisvinto`
--

-- --------------------------------------------------------

--
-- Table structure for table `acos`
--

CREATE TABLE IF NOT EXISTS `acos` (
  `id` int(10) NOT NULL AUTO_INCREMENT,
  `parent_id` int(10) DEFAULT NULL,
  `model` varchar(255) DEFAULT NULL,
  `foreign_key` int(10) DEFAULT NULL,
  `alias` varchar(255) DEFAULT NULL,
  `lft` int(10) DEFAULT NULL,
  `rght` int(10) DEFAULT NULL,
  PRIMARY KEY (`id`)
) ENGINE=MyISAM DEFAULT CHARSET=latin1 AUTO_INCREMENT=1 ;

-- --------------------------------------------------------

--
-- Table structure for table `almacen`
--

CREATE TABLE IF NOT EXISTS `almacen` (
  `id` int(11) NOT NULL AUTO_INCREMENT,
  `insumo_id` int(11) NOT NULL,
  `preciocompra` float(15,2) NOT NULL DEFAULT '0.00',
  `ingreso` int(11) NOT NULL DEFAULT '0',
  `salida` int(11) NOT NULL DEFAULT '0',
  `total` int(11) NOT NULL DEFAULT '0',
  `fecha` date NOT NULL,
  `lugar` varchar(255) NOT NULL,
  `observaciones` varchar(500) DEFAULT NULL,
  `usuario_id` int(11) DEFAULT NULL,
  PRIMARY KEY (`id`)
) ENGINE=MyISAM  DEFAULT CHARSET=latin1 AUTO_INCREMENT=149 ;

--
-- Dumping data for table `almacen`
--

INSERT INTO `almacen` (`id`, `insumo_id`, `preciocompra`, `ingreso`, `salida`, `total`, `fecha`, `lugar`, `observaciones`, `usuario_id`) VALUES
(1, 1, 0.00, 0, 0, 0, '2012-09-21', '', NULL, 1),
(2, 2, 0.00, 0, 0, 0, '2012-09-21', '', NULL, 1),
(3, 3, 0.00, 0, 0, 0, '2012-09-21', '', NULL, 1),
(4, 4, 0.00, 0, 0, 0, '2012-09-21', '', NULL, NULL),
(5, 5, 0.00, 0, 0, 0, '2012-09-21', '', NULL, NULL),
(6, 6, 0.00, 0, 0, 0, '2012-09-21', '', NULL, NULL),
(7, 7, 0.00, 0, 0, 0, '2012-09-21', '', NULL, NULL),
(8, 8, 0.00, 0, 0, 0, '2012-09-21', '', NULL, NULL),
(9, 9, 0.00, 0, 0, 0, '2012-09-21', '', NULL, NULL),
(10, 10, 0.00, 0, 0, 0, '2012-09-21', '', NULL, NULL),
(11, 11, 0.00, 72, 0, 72, '2012-09-21', '', NULL, NULL),
(12, 12, 0.00, 0, 0, 0, '2012-09-21', '', NULL, NULL),
(13, 13, 0.00, 0, 0, 0, '2012-09-21', '', NULL, NULL),
(14, 14, 0.00, 0, 0, 0, '2012-09-21', '', NULL, NULL),
(15, 15, 0.00, 0, 0, 0, '2012-09-21', '', NULL, NULL),
(16, 16, 0.00, 0, 0, 0, '2012-09-21', '', NULL, NULL),
(17, 17, 0.00, 0, 0, 0, '2012-09-21', '', NULL, NULL),
(18, 18, 0.00, 0, 0, 0, '2012-09-21', '', NULL, NULL),
(19, 19, 0.00, 0, 0, 0, '2012-09-21', '', NULL, NULL),
(20, 20, 0.00, 0, 0, 0, '2012-09-21', '', NULL, NULL),
(21, 21, 0.00, 0, 0, 0, '2012-09-21', '', NULL, NULL),
(22, 22, 0.00, 0, 0, 0, '2012-09-21', '', NULL, NULL),
(23, 23, 0.00, 0, 0, 0, '2012-09-21', '', NULL, NULL),
(24, 24, 0.00, 0, 0, 0, '2012-09-21', '', NULL, NULL),
(25, 25, 0.00, 0, 0, 0, '2012-09-21', '', NULL, NULL),
(26, 6, 11.00, 10, 0, 10, '2012-09-22', '', NULL, NULL),
(27, 6, 11.00, 0, 10, 0, '2012-09-22', '', NULL, NULL),
(28, 1, 12.00, 20, 0, 20, '2012-09-22', '', NULL, NULL),
(29, 1, 12.00, 0, 10, 10, '2012-09-22', '', NULL, NULL),
(30, 6, 11.00, 20, 0, 20, '2012-09-22', '', NULL, NULL),
(31, 6, 11.00, 0, 18, 2, '2012-09-22', '', NULL, NULL),
(32, 1, 12.00, 90, 0, 100, '2012-09-22', '', NULL, NULL),
(33, 1, 12.00, 0, 50, 50, '2012-09-22', '', NULL, NULL),
(34, 6, 11.00, 48, 0, 50, '2012-09-22', '', NULL, NULL),
(35, 6, 11.00, 0, 50, 0, '2012-09-22', '', NULL, NULL),
(36, 6, 11.00, 10, 0, 10, '2012-09-24', '', NULL, NULL),
(37, 1, 12.00, 0, 20, 30, '2012-09-24', '', NULL, NULL),
(38, 26, 700.00, 2, 0, 2, '2012-09-28', '', NULL, NULL),
(39, 7, 0.00, 12, 0, 12, '2012-09-28', '', NULL, NULL),
(40, 7, 0.00, 0, 1, 11, '2012-09-28', '', NULL, NULL),
(41, 7, 0.00, 0, 5, 6, '2012-09-28', '', NULL, NULL),
(42, 1, 12.00, 0, 25, 5, '2012-09-28', '', NULL, NULL),
(43, 27, 12.00, 10, 0, 10, '2012-10-03', '', NULL, NULL),
(44, 28, 12.00, 10, 0, 10, '2012-10-03', '', NULL, NULL),
(45, 24, 0.00, 80, 0, 80, '2012-10-04', '', NULL, NULL),
(46, 24, 0.00, 0, 10, 70, '2012-10-04', '', NULL, NULL),
(47, 24, 0.00, 0, 70, 0, '2012-10-04', '', NULL, NULL),
(48, 5, 0.00, 10, 0, 10, '2012-10-05', '', NULL, NULL),
(49, 2, 0.00, 10, 0, 10, '2012-10-05', '', NULL, NULL),
(50, 5, 0.00, 0, 5, 5, '2012-10-05', '', NULL, NULL),
(51, 2, 0.00, 0, 5, 5, '2012-10-05', '', NULL, NULL),
(52, 2, 0.00, 0, 5, 0, '2012-10-05', '', NULL, NULL),
(53, 5, 0.00, 0, 5, 0, '2012-10-05', '', NULL, NULL),
(54, 29, 0.00, 0, 0, 0, '2012-10-06', '', NULL, NULL),
(55, 30, 0.00, 0, 0, 0, '2012-10-06', '', NULL, NULL),
(56, 31, 0.00, 0, 0, 0, '2012-10-06', '', NULL, NULL),
(57, 32, 0.00, 0, 0, 0, '2012-10-06', '', NULL, NULL),
(58, 33, 0.00, 0, 0, 0, '2012-10-06', '', NULL, NULL),
(59, 34, 0.00, 0, 0, 0, '2012-10-06', '', NULL, NULL),
(60, 5, 0.00, 50, 0, 50, '2012-10-06', '', NULL, NULL),
(61, 1, 12.00, 45, 0, 50, '2012-10-06', '', NULL, NULL),
(62, 2, 0.00, 50, 0, 50, '2012-10-06', '', NULL, NULL),
(63, 3, 0.00, 50, 0, 50, '2012-10-06', '', NULL, NULL),
(64, 4, 0.00, 50, 0, 50, '2012-10-06', '', NULL, NULL),
(65, 2, 0.00, 0, 50, 0, '2012-10-06', '', NULL, NULL),
(66, 5, 0.00, 0, 50, 0, '2012-10-06', '', NULL, NULL),
(67, 7, 0.00, 44, 0, 50, '2012-10-06', '', NULL, NULL),
(68, 7, 0.00, 0, 50, 0, '2012-10-06', '', NULL, NULL),
(69, 7, 0.00, 50, 0, 50, '2012-10-06', '', NULL, NULL),
(70, 7, 0.00, 0, 50, 0, '2012-10-06', '', NULL, NULL),
(85, 29, 0.00, 2, 0, 8, '2012-12-29', '', NULL, NULL),
(84, 6, 11.00, 2, 0, 12, '2012-12-29', '', NULL, NULL),
(83, 33, 0.00, 4, 0, 7, '2012-12-27', '', NULL, NULL),
(82, 29, 0.00, 3, 0, 6, '2012-12-27', '', NULL, NULL),
(81, 29, 0.00, 3, 0, 3, '2012-12-27', '', NULL, NULL),
(80, 33, 0.00, 3, 0, 3, '2012-12-27', '', NULL, NULL),
(86, 5, 0.00, 50, 0, 50, '2013-02-06', '', NULL, NULL),
(87, 5, 0.00, 0, 20, 30, '2013-02-06', '', NULL, NULL),
(88, 10, 0.00, 5, 0, 5, '2013-02-07', '', NULL, NULL),
(89, 10, 0.00, 0, 2, 3, '2013-02-07', '', NULL, NULL),
(90, 10, 0.00, 0, 2, 1, '2013-02-07', '', NULL, NULL),
(91, 14, 0.00, 50, 0, 50, '2013-02-11', '', NULL, NULL),
(92, 14, 0.00, 0, 50, 0, '2013-02-11', '', NULL, NULL),
(93, 14, 0.00, 50, 0, 50, '2013-02-11', '', NULL, NULL),
(94, 14, 0.00, 0, 40, 10, '2013-02-11', '', NULL, NULL),
(95, 15, 0.00, 50, 0, 50, '2013-02-11', '', NULL, NULL),
(96, 15, 0.00, 0, 40, 10, '2013-02-11', '', NULL, NULL),
(97, 12, 0.00, 50, 0, 50, '2013-02-16', '', NULL, NULL),
(98, 12, 0.00, 0, 30, 20, '2013-02-16', '', NULL, NULL),
(99, 13, 0.00, 50, 0, 50, '2013-02-16', '', NULL, NULL),
(100, 16, 0.00, 50, 0, 50, '2013-02-16', '', NULL, NULL),
(101, 16, 0.00, 0, 20, 30, '2013-02-16', '', NULL, NULL),
(102, 43, 0.20, 40, 0, 40, '2013-02-16', '', NULL, NULL),
(103, 43, 0.20, 0, 10, 40, '2013-02-16', '', NULL, NULL),
(104, 1, 12.00, 1000, 0, 1050, '2013-02-17', '', NULL, NULL),
(105, 1, 12.00, 0, 1000, 50, '2013-02-17', '', NULL, NULL),
(106, 14, 0.00, 1000, 0, 1010, '2013-02-17', '', NULL, NULL),
(107, 14, 0.00, 0, 1000, 10, '2013-02-17', '', NULL, NULL),
(108, 4, 0.00, 1000, 0, 1050, '2013-02-17', '', NULL, NULL),
(109, 15, 0.00, 1000, 0, 1010, '2013-02-17', '', NULL, NULL),
(110, 4, 0.00, 0, 1000, 50, '2013-02-17', '', NULL, NULL),
(111, 15, 0.00, 0, 1000, 10, '2013-02-17', '', NULL, NULL),
(112, 44, 0.00, 5, 0, 5, '2013-03-02', '', NULL, NULL),
(113, 45, 0.00, 10, 0, 10, '2013-03-02', '', NULL, NULL),
(114, 46, 0.00, 10, 0, 10, '2013-03-02', '', NULL, NULL),
(115, 47, 0.00, 10, 0, 10, '2013-03-02', '', NULL, NULL),
(116, 48, 0.00, 10, 0, 10, '2013-03-02', '', NULL, NULL),
(117, 49, 0.00, 110, 0, 110, '2013-03-02', '', NULL, NULL),
(118, 50, 0.00, 10, 0, 10, '2013-03-02', '', NULL, NULL),
(119, 51, 0.00, 10, 0, 10, '2013-03-02', '', NULL, NULL),
(120, 52, 0.00, 10, 0, 10, '2013-03-02', '', NULL, NULL),
(121, 53, 0.00, 10, 0, 10, '2013-03-02', '', NULL, NULL),
(122, 44, 0.00, 0, 5, 5, '2013-03-02', '', NULL, NULL),
(123, 44, 0.00, 0, 2, 3, '2013-03-02', '', NULL, NULL),
(124, 2, 0.00, 1000, 0, 1000, '2013-03-05', '', NULL, NULL),
(125, 1, 12.00, 1000, 0, 1050, '2013-03-05', '', NULL, NULL),
(126, 10, 0.00, 1000, 0, 1001, '2013-03-05', '', NULL, NULL),
(127, 11, 0.00, 1000, 0, 1072, '2013-03-05', '', NULL, NULL),
(128, 12, 0.00, 1000, 0, 1020, '2013-03-05', '', NULL, NULL),
(129, 13, 0.00, 1000, 0, 1050, '2013-03-05', '', NULL, NULL),
(130, 14, 0.00, 1000, 0, 1010, '2013-03-05', '', NULL, NULL),
(131, 15, 0.00, 1000, 0, 1010, '2013-03-05', '', NULL, NULL),
(132, 16, 0.00, 1000, 0, 1030, '2013-03-05', '', NULL, NULL),
(133, 17, 0.00, 10, 0, 10, '2013-03-05', '', NULL, NULL),
(134, 18, 0.00, 5, 0, 5, '2013-03-05', '', NULL, NULL),
(135, 20, 0.00, 10, 0, 10, '2013-03-05', '', NULL, NULL),
(136, 21, 0.00, 50, 0, 50, '2013-03-05', '', NULL, NULL),
(137, 30, 0.00, 10, 0, 10, '2013-03-05', '', NULL, NULL),
(138, 14, 0.00, 0, 10, 1000, '2013-03-05', '', NULL, NULL),
(139, 2, 0.00, 0, 500, 500, '2013-03-05', '', NULL, NULL),
(140, 5, 0.00, 100, 0, 130, '2013-03-05', '', NULL, NULL),
(141, 5, 0.00, 0, 50, 80, '2013-03-05', '', NULL, NULL),
(142, 18, 0.00, 0, 5, 0, '2013-03-05', '', NULL, NULL),
(143, 1, 12.00, 0, 100, 950, '2013-03-05', '', NULL, NULL),
(144, 1, 12.00, 0, 100, 850, '2013-03-05', '', NULL, NULL),
(145, 10, 0.00, 0, 100, 901, '2013-03-05', '', NULL, NULL),
(146, 1, 12.00, 0, 850, 0, '2013-03-06', '', NULL, NULL),
(147, 2, 0.00, 0, 500, 0, '2013-03-06', '', NULL, NULL);

-- --------------------------------------------------------

--
-- Table structure for table `aros`
--

CREATE TABLE IF NOT EXISTS `aros` (
  `id` int(10) NOT NULL AUTO_INCREMENT,
  `parent_id` int(10) DEFAULT NULL,
  `model` varchar(255) DEFAULT NULL,
  `foreign_key` int(10) DEFAULT NULL,
  `alias` varchar(255) DEFAULT NULL,
  `lft` int(10) DEFAULT NULL,
  `rght` int(10) DEFAULT NULL,
  PRIMARY KEY (`id`)
) ENGINE=MyISAM  DEFAULT CHARSET=latin1 AUTO_INCREMENT=4 ;

--
-- Dumping data for table `aros`
--

INSERT INTO `aros` (`id`, `parent_id`, `model`, `foreign_key`, `alias`, `lft`, `rght`) VALUES
(1, NULL, NULL, NULL, 'Administrador', 1, 4),
(2, NULL, NULL, NULL, 'Moso', 5, 6),
(3, 1, NULL, NULL, 'Cristiam', 2, 3);

-- --------------------------------------------------------

--
-- Table structure for table `aros_acos`
--

CREATE TABLE IF NOT EXISTS `aros_acos` (
  `id` int(10) NOT NULL AUTO_INCREMENT,
  `aro_id` int(10) NOT NULL,
  `aco_id` int(10) NOT NULL,
  `_create` varchar(2) NOT NULL DEFAULT '0',
  `_read` varchar(2) NOT NULL DEFAULT '0',
  `_update` varchar(2) NOT NULL DEFAULT '0',
  `_delete` varchar(2) NOT NULL DEFAULT '0',
  PRIMARY KEY (`id`),
  UNIQUE KEY `ARO_ACO_KEY` (`aro_id`,`aco_id`)
) ENGINE=MyISAM DEFAULT CHARSET=latin1 AUTO_INCREMENT=1 ;

-- --------------------------------------------------------

--
-- Table structure for table `asistencias`
--

CREATE TABLE IF NOT EXISTS `asistencias` (
  `id` int(11) NOT NULL AUTO_INCREMENT,
  `usuario_id` int(11) NOT NULL,
  `horaingreso` time NOT NULL,
  `horasalida` time NOT NULL,
  `fecha` date NOT NULL,
  `observaciones` text,
  PRIMARY KEY (`id`)
) ENGINE=MyISAM  DEFAULT CHARSET=latin1 AUTO_INCREMENT=22 ;

--
-- Dumping data for table `asistencias`
--

INSERT INTO `asistencias` (`id`, `usuario_id`, `horaingreso`, `horasalida`, `fecha`, `observaciones`) VALUES
(1, 2, '18:11:21', '00:00:00', '2012-07-21', NULL),
(2, 5, '18:13:21', '00:00:00', '2012-07-21', NULL),
(3, 2, '01:50:37', '00:00:00', '2012-07-23', NULL),
(4, 3, '17:01:22', '00:00:00', '2012-07-23', NULL),
(5, 2, '23:34:31', '00:00:00', '2012-08-20', NULL),
(6, 1, '23:34:53', '00:00:00', '2012-08-20', NULL),
(7, 2, '14:12:15', '00:00:00', '2012-09-06', NULL),
(16, 2, '13:20:50', '00:00:00', '2012-09-10', NULL),
(15, 2, '23:25:19', '00:00:00', '2012-09-07', NULL),
(17, 2, '15:51:03', '00:00:00', '2012-09-17', NULL),
(18, 2, '20:14:04', '00:00:00', '2012-09-18', NULL),
(19, 2, '14:32:26', '00:00:00', '2012-09-21', NULL),
(20, 2, '23:00:39', '00:00:00', '2012-10-05', NULL),
(21, 3, '23:04:45', '00:00:00', '2012-10-05', NULL);

-- --------------------------------------------------------

--
-- Table structure for table `bodegas`
--

CREATE TABLE IF NOT EXISTS `bodegas` (
  `id` int(11) NOT NULL AUTO_INCREMENT,
  `insumo_id` int(11) NOT NULL,
  `preciocompra` float(15,2) NOT NULL DEFAULT '0.00',
  `ingreso` int(11) NOT NULL DEFAULT '0',
  `salida` int(11) NOT NULL DEFAULT '0',
  `total` int(11) NOT NULL DEFAULT '0',
  `fecha` date NOT NULL,
  `lugar` varchar(255) DEFAULT NULL,
  `observaciones` varchar(500) DEFAULT NULL,
  PRIMARY KEY (`id`)
) ENGINE=MyISAM  DEFAULT CHARSET=latin1 AUTO_INCREMENT=2037 ;

--
-- Dumping data for table `bodegas`
--

INSERT INTO `bodegas` (`id`, `insumo_id`, `preciocompra`, `ingreso`, `salida`, `total`, `fecha`, `lugar`, `observaciones`) VALUES
(1, 6, 11.00, 10, 0, 10, '2012-09-22', NULL, NULL),
(2, 6, 11.00, 0, 1, 9, '2012-09-22', NULL, NULL),
(3, 6, 11.00, 0, 1, 8, '2012-09-22', NULL, NULL),
(4, 6, 11.00, 0, 1, 7, '2012-09-22', NULL, NULL),
(5, 6, 11.00, 0, 1, 6, '2012-09-22', NULL, NULL),
(6, 6, 11.00, 0, 1, 5, '2012-09-22', NULL, NULL),
(7, 6, 11.00, 0, 1, 4, '2012-09-22', NULL, NULL),
(8, 6, 11.00, 0, 1, 3, '2012-09-22', NULL, NULL),
(9, 1, 12.00, 10, 0, 10, '2012-09-22', NULL, NULL),
(10, 6, 11.00, 18, 0, 21, '2012-09-22', NULL, NULL),
(11, 6, 11.00, 0, 1, 20, '2012-09-22', NULL, NULL),
(12, 6, 11.00, 0, 1, 19, '2012-09-22', NULL, NULL),
(13, 1, 12.00, 0, 1, 9, '2012-09-22', NULL, NULL),
(14, 6, 11.00, 0, 1, 18, '2012-09-22', NULL, NULL),
(15, 6, 11.00, 0, 1, 17, '2012-09-22', NULL, NULL),
(16, 6, 11.00, 0, 1, 16, '2012-09-22', NULL, NULL),
(17, 1, 12.00, 0, 1, 8, '2012-09-22', NULL, NULL),
(18, 1, 12.00, 0, 1, 7, '2012-09-22', NULL, NULL),
(19, 1, 12.00, 0, 1, 6, '2012-09-22', NULL, NULL),
(20, 1, 12.00, 0, 1, 5, '2012-09-22', NULL, NULL),
(21, 1, 12.00, 0, 1, 4, '2012-09-22', NULL, NULL),
(22, 1, 12.00, 0, 1, 3, '2012-09-22', NULL, NULL),
(23, 1, 12.00, 0, 1, 2, '2012-09-22', NULL, NULL),
(24, 6, 11.00, 0, 1, 15, '2012-09-22', NULL, NULL),
(25, 6, 11.00, 0, 1, 14, '2012-09-22', NULL, NULL),
(26, 1, 12.00, 0, 1, 1, '2012-09-22', NULL, NULL),
(27, 1, 12.00, 0, 1, 0, '2012-09-22', NULL, NULL),
(28, 1, 12.00, 50, 0, 50, '2012-09-22', NULL, NULL),
(29, 6, 11.00, 50, 0, 64, '2012-09-22', NULL, NULL),
(30, 1, 12.00, 0, 1, 49, '2012-09-22', NULL, NULL),
(31, 1, 12.00, 0, 1, 48, '2012-09-22', NULL, NULL),
(32, 6, 11.00, 0, 1, 63, '2012-09-22', NULL, NULL),
(33, 6, 11.00, 0, 1, 62, '2012-09-22', NULL, NULL),
(34, 1, 12.00, 0, 1, 47, '2012-09-22', NULL, NULL),
(35, 1, 12.00, 0, 1, 46, '2012-09-22', NULL, NULL),
(36, 1, 12.00, 0, 1, 45, '2012-09-22', NULL, NULL),
(37, 6, 11.00, 0, 1, 61, '2012-09-22', NULL, NULL),
(38, 6, 11.00, 0, 1, 60, '2012-09-22', NULL, NULL),
(39, 1, 12.00, 0, 1, 44, '2012-09-22', NULL, NULL),
(40, 1, 12.00, 0, 1, 43, '2012-09-22', NULL, NULL),
(41, 1, 12.00, 0, 1, 42, '2012-09-22', NULL, NULL),
(42, 6, 11.00, 0, 1, 59, '2012-09-22', NULL, NULL),
(43, 1, 12.00, 20, 0, 62, '2012-09-24', NULL, NULL),
(44, 6, 11.00, 0, 1, 58, '2012-09-24', NULL, NULL),
(45, 1, 12.00, 0, 1, 61, '2012-09-24', NULL, NULL),
(46, 1, 12.00, 0, 1, 60, '2012-09-24', NULL, NULL),
(47, 6, 11.00, 0, 1, 57, '2012-09-26', NULL, NULL),
(48, 6, 11.00, 0, 1, 56, '2012-09-27', NULL, NULL),
(49, 6, 11.00, 0, 1, 55, '2012-09-27', NULL, NULL),
(50, 6, 11.00, 0, 1, 54, '2012-09-27', NULL, NULL),
(51, 6, 11.00, 0, 1, 53, '2012-09-27', NULL, NULL),
(52, 1, 12.00, 0, 1, 59, '2012-09-28', NULL, NULL),
(53, 1, 12.00, 0, 1, 58, '2012-09-28', NULL, NULL),
(54, 6, 11.00, 0, 1, 52, '2012-09-28', NULL, NULL),
(55, 1, 12.00, 0, 1, 57, '2012-09-28', NULL, NULL),
(56, 6, 11.00, 0, 1, 51, '2012-09-28', NULL, NULL),
(57, 6, 11.00, 0, 1, 50, '2012-09-28', NULL, NULL),
(58, 6, 11.00, 0, 1, 49, '2012-09-28', NULL, NULL),
(59, 6, 11.00, 0, 1, 48, '2012-09-28', NULL, NULL),
(60, 6, 11.00, 0, 1, 47, '2012-09-28', NULL, NULL),
(61, 1, 12.00, 0, 1, 56, '2012-09-28', NULL, NULL),
(62, 7, 0.00, 1, 0, 1, '2012-09-28', NULL, NULL),
(63, 7, 0.00, 0, 1, 0, '2012-09-28', NULL, NULL),
(64, 7, 0.00, 5, 0, 5, '2012-09-28', NULL, NULL),
(65, 7, 0.00, 0, 1, 4, '2012-09-28', NULL, NULL),
(66, 1, 12.00, 25, 0, 81, '2012-09-28', NULL, NULL),
(67, 1, 12.00, 0, 1, 80, '2012-09-28', NULL, NULL),
(68, 1, 12.00, 0, 1, 79, '2012-09-28', NULL, NULL),
(69, 7, 0.00, 0, 1, 3, '2012-09-29', NULL, NULL),
(70, 1, 12.00, 0, 1, 78, '2012-09-29', NULL, NULL),
(71, 1, 12.00, 0, 1, 77, '2012-09-29', NULL, NULL),
(72, 7, 0.00, 0, 1, 2, '2012-09-29', NULL, NULL),
(73, 1, 12.00, 0, 1, 76, '2012-09-30', NULL, NULL),
(74, 1, 12.00, 0, 1, 75, '2012-09-30', NULL, NULL),
(75, 7, 0.00, 0, 1, 1, '2012-09-30', NULL, NULL),
(76, 7, 0.00, 0, 1, 0, '2012-09-30', NULL, NULL),
(77, 24, 0.00, 10, 0, 10, '2012-10-04', NULL, NULL),
(78, 24, 0.00, 0, 1, 9, '2012-10-04', NULL, NULL),
(79, 6, 11.00, 0, 1, 46, '2012-10-04', NULL, NULL),
(80, 24, 0.00, 0, 1, 8, '2012-10-04', NULL, NULL),
(81, 6, 11.00, 0, 1, 45, '2012-10-04', NULL, NULL),
(82, 24, 0.00, 0, 1, 7, '2012-10-04', NULL, NULL),
(83, 6, 11.00, 0, 1, 44, '2012-10-04', NULL, NULL),
(84, 6, 11.00, 0, 1, 43, '2012-10-04', NULL, NULL),
(85, 24, 0.00, 0, 1, 6, '2012-10-04', NULL, NULL),
(86, 6, 11.00, 0, 1, 42, '2012-10-04', NULL, NULL),
(87, 24, 0.00, 0, 1, 5, '2012-10-04', NULL, NULL),
(88, 24, 0.00, 0, 1, 4, '2012-10-04', NULL, NULL),
(89, 6, 11.00, 0, 1, 41, '2012-10-04', NULL, NULL),
(90, 24, 0.00, 0, 1, 3, '2012-10-04', NULL, NULL),
(91, 6, 11.00, 0, 1, 40, '2012-10-04', NULL, NULL),
(92, 24, 0.00, 0, 1, 2, '2012-10-04', NULL, NULL),
(93, 6, 11.00, 0, 1, 39, '2012-10-04', NULL, NULL),
(94, 24, 0.00, 0, 1, 1, '2012-10-04', NULL, NULL),
(95, 6, 11.00, 0, 1, 38, '2012-10-04', NULL, NULL),
(96, 6, 11.00, 0, 1, 37, '2012-10-04', NULL, NULL),
(97, 24, 0.00, 70, 0, 71, '2012-10-04', NULL, NULL),
(98, 24, 0.00, 0, 1, 70, '2012-10-04', NULL, NULL),
(99, 6, 11.00, 0, 1, 36, '2012-10-04', NULL, NULL),
(100, 6, 11.00, 0, 1, 35, '2012-10-04', NULL, NULL),
(101, 24, 0.00, 0, 1, 69, '2012-10-04', NULL, NULL),
(102, 24, 0.00, 0, 1, 68, '2012-10-04', NULL, NULL),
(103, 24, 0.00, 0, 1, 67, '2012-10-04', NULL, NULL),
(104, 24, 0.00, 0, 1, 66, '2012-10-04', NULL, NULL),
(105, 6, 11.00, 0, 1, 34, '2012-10-04', NULL, NULL),
(106, 6, 11.00, 0, 1, 33, '2012-10-04', NULL, NULL),
(107, 24, 0.00, 0, 1, 65, '2012-10-04', NULL, NULL),
(108, 6, 11.00, 0, 1, 32, '2012-10-04', NULL, NULL),
(109, 6, 11.00, 0, 1, 31, '2012-10-04', NULL, NULL),
(110, 6, 11.00, 0, 1, 30, '2012-10-04', NULL, NULL),
(111, 24, 0.00, 0, 1, 64, '2012-10-04', NULL, NULL),
(112, 24, 0.00, 0, 1, 63, '2012-10-05', NULL, NULL),
(113, 24, 0.00, 0, 1, 62, '2012-10-05', NULL, NULL),
(114, 6, 11.00, 0, 1, 29, '2012-10-05', NULL, NULL),
(115, 6, 11.00, 0, 1, 28, '2012-10-05', NULL, NULL),
(116, 5, 0.00, 5, 0, 5, '2012-10-05', NULL, NULL),
(117, 2, 0.00, 5, 0, 5, '2012-10-05', NULL, NULL),
(118, 5, 0.00, 0, 1, 4, '2012-10-05', NULL, NULL),
(119, 2, 0.00, 0, 1, 4, '2012-10-05', NULL, NULL),
(120, 5, 0.00, 0, 1, 3, '2012-10-05', NULL, NULL),
(121, 2, 0.00, 0, 1, 3, '2012-10-05', NULL, NULL),
(122, 6, 11.00, 0, 1, 27, '2012-10-05', NULL, NULL),
(123, 5, 0.00, 0, 1, 2, '2012-10-05', NULL, NULL),
(124, 2, 0.00, 0, 1, 2, '2012-10-05', NULL, NULL),
(125, 6, 11.00, 0, 1, 26, '2012-10-05', NULL, NULL),
(126, 5, 0.00, 0, 1, 1, '2012-10-05', NULL, NULL),
(127, 2, 0.00, 0, 1, 1, '2012-10-05', NULL, NULL),
(128, 5, 0.00, 0, 1, 0, '2012-10-05', NULL, NULL),
(129, 2, 0.00, 0, 1, 0, '2012-10-05', NULL, NULL),
(130, 6, 11.00, 0, 1, 25, '2012-10-05', NULL, NULL),
(131, 2, 0.00, 5, 0, 5, '2012-10-05', NULL, NULL),
(132, 5, 0.00, 5, 0, 5, '2012-10-05', NULL, NULL),
(133, 5, 0.00, 0, 1, 4, '2012-10-05', NULL, NULL),
(134, 2, 0.00, 0, 1, 4, '2012-10-05', NULL, NULL),
(135, 5, 0.00, 0, 1, 3, '2012-10-06', NULL, NULL),
(136, 2, 0.00, 0, 1, 3, '2012-10-06', NULL, NULL),
(137, 5, 0.00, 0, 1, 2, '2012-10-06', NULL, NULL),
(138, 5, 0.00, 0, 1, 1, '2012-10-06', NULL, NULL),
(139, 5, 0.00, 0, 1, 0, '2012-10-06', NULL, NULL),
(140, 1, 12.00, 0, 1, 74, '2012-10-06', NULL, NULL),
(141, 2, 0.00, 50, 0, 53, '2012-10-06', NULL, NULL),
(142, 5, 0.00, 50, 0, 50, '2012-10-06', NULL, NULL),
(143, 7, 0.00, 50, 0, 50, '2012-10-06', NULL, NULL),
(144, 7, 0.00, 50, 0, 100, '2012-10-06', NULL, NULL),
(145, 5, 0.00, 0, 1, 49, '2012-10-06', NULL, NULL),
(146, 2, 0.00, 0, 1, 52, '2012-10-06', NULL, NULL),
(147, 6, 11.00, 0, 1, 24, '2012-10-06', NULL, NULL),
(148, 5, 0.00, 0, 1, 48, '2012-10-07', NULL, NULL),
(149, 2, 0.00, 0, 1, 51, '2012-10-07', NULL, NULL),
(150, 5, 0.00, 0, 1, 47, '2012-10-07', NULL, NULL),
(151, 2, 0.00, 0, 1, 50, '2012-10-07', NULL, NULL),
(152, 6, 11.00, 0, 1, 23, '2012-10-07', NULL, NULL),
(153, 5, 0.00, 0, 1, 46, '2012-10-07', NULL, NULL),
(154, 2, 0.00, 0, 1, 49, '2012-10-07', NULL, NULL),
(155, 6, 11.00, 0, 1, 22, '2012-10-07', NULL, NULL),
(156, 5, 0.00, 0, 1, 45, '2012-10-07', NULL, NULL),
(157, 5, 0.00, 0, 1, 44, '2012-10-07', NULL, NULL),
(158, 2, 0.00, 0, 1, 48, '2012-10-07', NULL, NULL),
(159, 5, 0.00, 0, 1, 43, '2012-10-07', NULL, NULL),
(160, 2, 0.00, 0, 1, 47, '2012-10-07', NULL, NULL),
(161, 7, 0.00, 0, 1, 99, '2012-10-07', NULL, NULL),
(162, 5, 0.00, 0, 1, 42, '2012-10-07', NULL, NULL),
(163, 5, 0.00, 0, 1, 41, '2012-10-07', NULL, NULL),
(164, 5, 0.00, 0, 1, 40, '2012-10-07', NULL, NULL),
(165, 2, 0.00, 0, 1, 46, '2012-10-07', NULL, NULL),
(166, 5, 0.00, 0, 1, 39, '2012-10-07', NULL, NULL),
(167, 2, 0.00, 0, 1, 45, '2012-10-07', NULL, NULL),
(168, 5, 0.00, 0, 1, 38, '2012-10-07', NULL, NULL),
(169, 6, 11.00, 0, 1, 21, '2012-10-07', NULL, NULL),
(170, 5, 0.00, 0, 1, 37, '2012-12-18', NULL, NULL),
(171, 2, 0.00, 0, 1, 44, '2012-12-18', NULL, NULL),
(172, 5, 0.00, 0, 1, 36, '2012-12-18', NULL, NULL),
(173, 1, 12.00, 0, 1, 73, '2012-12-18', NULL, NULL),
(174, 5, 0.00, 0, 1, 35, '2012-12-18', NULL, NULL),
(175, 1, 12.00, 0, 1, 72, '2012-12-18', NULL, NULL),
(176, 5, 0.00, 0, 1, 34, '2012-12-18', NULL, NULL),
(177, 1, 12.00, 0, 1, 71, '2012-12-18', NULL, NULL),
(178, 2, 0.00, 0, 1, 43, '2012-12-18', NULL, NULL),
(179, 2, 0.00, 0, 1, 42, '2012-12-18', NULL, NULL),
(180, 5, 0.00, 0, 1, 33, '2012-12-18', NULL, NULL),
(181, 5, 0.00, 0, 1, 32, '2012-12-18', NULL, NULL),
(182, 1, 12.00, 0, 1, 70, '2012-12-18', NULL, NULL),
(183, 2, 0.00, 0, 1, 41, '2012-12-18', NULL, NULL),
(184, 5, 0.00, 0, 1, 31, '2012-12-18', NULL, NULL),
(185, 5, 0.00, 0, 1, 30, '2012-12-18', NULL, NULL),
(186, 2, 0.00, 0, 1, 40, '2012-12-18', NULL, NULL),
(187, 1, 12.00, 0, 1, 69, '2012-12-18', NULL, NULL),
(188, 1, 12.00, 0, 1, 68, '2012-12-18', NULL, NULL),
(189, 5, 0.00, 0, 1, 29, '2012-12-18', NULL, NULL),
(190, 5, 0.00, 0, 1, 28, '2012-12-18', NULL, NULL),
(191, 5, 0.00, 0, 1, 27, '2012-12-18', NULL, NULL),
(192, 5, 0.00, 0, 1, 26, '2012-12-18', NULL, NULL),
(193, 5, 0.00, 0, 1, 25, '2012-12-18', NULL, NULL),
(194, 1, 12.00, 0, 1, 67, '2012-12-18', NULL, NULL),
(195, 5, 0.00, 0, 1, 24, '2012-12-18', NULL, NULL),
(196, 5, 0.00, 0, 1, 23, '2012-12-18', NULL, NULL),
(197, 5, 0.00, 0, 1, 22, '2012-12-18', NULL, NULL),
(198, 5, 0.00, 0, 1, 21, '2012-12-18', NULL, NULL),
(199, 5, 0.00, 0, 1, 20, '2012-12-18', NULL, NULL),
(200, 5, 0.00, 0, 1, 19, '2012-12-18', NULL, NULL),
(201, 5, 0.00, 0, 1, 18, '2012-12-18', NULL, NULL),
(202, 1, 12.00, 0, 1, 66, '2012-12-18', NULL, NULL),
(203, 2, 0.00, 0, 1, 39, '2012-12-18', NULL, NULL),
(204, 2, 0.00, 0, 1, 38, '2012-12-18', NULL, NULL),
(205, 5, 0.00, 0, 1, 17, '2012-12-18', NULL, NULL),
(206, 5, 0.00, 0, 1, 16, '2012-12-18', NULL, NULL),
(207, 1, 12.00, 0, 1, 65, '2012-12-18', NULL, NULL),
(208, 2, 0.00, 0, 1, 37, '2012-12-18', NULL, NULL),
(209, 5, 0.00, 0, 1, 15, '2012-12-18', NULL, NULL),
(210, 2, 0.00, 0, 1, 36, '2012-12-18', NULL, NULL),
(211, 2, 0.00, 0, 1, 35, '2012-12-18', NULL, NULL),
(212, 2, 0.00, 0, 1, 34, '2012-12-18', NULL, NULL),
(213, 1, 12.00, 0, 1, 64, '2012-12-18', NULL, NULL),
(214, 5, 0.00, 0, 1, 14, '2012-12-18', NULL, NULL),
(215, 1, 12.00, 0, 1, 63, '2012-12-18', NULL, NULL),
(216, 5, 0.00, 0, 1, 13, '2012-12-18', NULL, NULL),
(217, 1, 12.00, 0, 1, 62, '2012-12-18', NULL, NULL),
(218, 5, 0.00, 0, 1, 12, '2012-12-18', NULL, NULL),
(219, 1, 12.00, 0, 1, 61, '2012-12-18', NULL, NULL),
(220, 5, 0.00, 0, 1, 11, '2012-12-18', NULL, NULL),
(221, 5, 0.00, 0, 1, 10, '2012-12-18', NULL, NULL),
(222, 5, 0.00, 0, 1, 9, '2012-12-18', NULL, NULL),
(223, 1, 12.00, 0, 1, 60, '2012-12-18', NULL, NULL),
(224, 5, 0.00, 0, 1, 8, '2012-12-18', NULL, NULL),
(225, 1, 12.00, 0, 1, 59, '2012-12-18', NULL, NULL),
(226, 5, 0.00, 0, 1, 7, '2012-12-18', NULL, NULL),
(227, 1, 12.00, 0, 1, 58, '2012-12-18', NULL, NULL),
(228, 5, 0.00, 0, 1, 6, '2012-12-18', NULL, NULL),
(229, 1, 12.00, 0, 1, 57, '2012-12-18', NULL, NULL),
(230, 5, 0.00, 0, 1, 5, '2012-12-18', NULL, NULL),
(231, 1, 12.00, 0, 1, 56, '2012-12-18', NULL, NULL),
(232, 2, 0.00, 0, 1, 33, '2012-12-18', NULL, NULL),
(233, 5, 0.00, 0, 1, 4, '2012-12-18', NULL, NULL),
(234, 1, 12.00, 0, 1, 55, '2012-12-18', NULL, NULL),
(235, 2, 0.00, 0, 1, 32, '2012-12-18', NULL, NULL),
(236, 2, 0.00, 0, 1, 31, '2012-12-18', NULL, NULL),
(237, 5, 0.00, 0, 1, 3, '2012-12-18', NULL, NULL),
(238, 2, 0.00, 0, 1, 30, '2012-12-18', NULL, NULL),
(239, 2, 0.00, 0, 1, 29, '2012-12-18', NULL, NULL),
(240, 5, 0.00, 0, 1, 2, '2012-12-18', NULL, NULL),
(241, 1, 12.00, 0, 1, 54, '2012-12-18', NULL, NULL),
(242, 2, 0.00, 0, 1, 28, '2012-12-18', NULL, NULL),
(243, 5, 0.00, 0, 1, 1, '2012-12-18', NULL, NULL),
(244, 1, 12.00, 0, 1, 53, '2012-12-18', NULL, NULL),
(245, 2, 0.00, 0, 1, 27, '2012-12-18', NULL, NULL),
(246, 2, 0.00, 0, 1, 26, '2012-12-18', NULL, NULL),
(247, 1, 12.00, 0, 1, 52, '2012-12-18', NULL, NULL),
(248, 2, 0.00, 0, 1, 25, '2012-12-18', NULL, NULL),
(249, 5, 0.00, 0, 0, 1, '2012-12-18', NULL, NULL),
(250, 1, 12.00, 0, 1, 51, '2012-12-18', NULL, NULL),
(251, 1, 12.00, 0, 0, 51, '2012-12-18', NULL, NULL),
(252, 7, 0.00, 0, 1, 98, '2012-12-18', NULL, NULL),
(253, 2, 0.00, 0, 1, 24, '2012-12-18', NULL, NULL),
(254, 2, 0.00, 0, 1, 23, '2012-12-18', NULL, NULL),
(255, 1, 12.00, 0, 1, 50, '2012-12-18', NULL, NULL),
(256, 2, 0.00, 0, 1, 22, '2012-12-18', NULL, NULL),
(257, 5, 0.00, 0, 1, 0, '2012-12-18', NULL, NULL),
(258, 1, 12.00, 0, 1, 49, '2012-12-18', NULL, NULL),
(259, 1, 12.00, 0, 1, 48, '2012-12-18', NULL, NULL),
(260, 2, 0.00, 0, 1, 21, '2012-12-18', NULL, NULL),
(261, 2, 0.00, 0, 1, 20, '2012-12-18', NULL, NULL),
(262, 1, 12.00, 0, 1, 47, '2012-12-18', NULL, NULL),
(264, 2, 0.00, 0, 1, 19, '2012-12-21', NULL, NULL),
(265, 1, 12.00, 0, 1, 46, '2012-12-21', NULL, NULL),
(266, 1, 12.00, 0, 1, 45, '2012-12-21', NULL, NULL),
(267, 2, 0.00, 0, 1, 18, '2012-12-21', NULL, NULL),
(268, 2, 0.00, 0, 1, 17, '2012-12-21', NULL, NULL),
(269, 2, 0.00, 0, 1, 16, '2012-12-21', NULL, NULL),
(270, 1, 12.00, 0, 1, 44, '2012-12-21', NULL, NULL),
(271, 2, 0.00, 0, 1, 15, '2012-12-21', NULL, NULL),
(272, 1, 12.00, 0, 1, 43, '2012-12-21', NULL, NULL),
(273, 2, 0.00, 0, 1, 14, '2012-12-21', NULL, NULL),
(274, 1, 12.00, 0, 1, 42, '2012-12-21', NULL, NULL),
(275, 6, 11.00, 0, 1, 20, '2012-12-21', NULL, NULL),
(276, 2, 0.00, 0, 1, 13, '2012-12-22', NULL, NULL),
(277, 2, 0.00, 0, 1, 12, '2013-01-31', NULL, NULL),
(278, 2, 0.00, 0, 1, 11, '2013-01-31', NULL, NULL),
(279, 1, 12.00, 0, 1, 41, '2013-01-31', NULL, NULL),
(280, 2, 0.00, 0, 1, 10, '2013-01-31', NULL, NULL),
(281, 1, 12.00, 0, 1, 40, '2013-01-31', NULL, NULL),
(282, 1, 12.00, 0, 1, 39, '2013-01-31', NULL, NULL),
(283, 2, 0.00, 0, 1, 9, '2013-02-02', NULL, NULL),
(284, 1, 12.00, 0, 1, 38, '2013-02-02', NULL, NULL),
(285, 2, 0.00, 0, 1, 8, '2013-02-02', NULL, NULL),
(286, 1, 12.00, 0, 1, 37, '2013-02-02', NULL, NULL),
(287, 6, 11.00, 0, 1, 19, '2013-02-02', NULL, NULL),
(288, 2, 0.00, 0, 1, 7, '2013-02-02', NULL, NULL),
(289, 1, 12.00, 0, 1, 36, '2013-02-02', NULL, NULL),
(290, 2, 0.00, 0, 1, 6, '2013-02-02', NULL, NULL),
(291, 1, 12.00, 0, 1, 35, '2013-02-02', NULL, NULL),
(292, 2, 0.00, 0, 0, 6, '2013-02-02', NULL, NULL),
(293, 1, 12.00, 0, 0, 35, '2013-02-02', NULL, NULL),
(294, 7, 0.00, 0, 1, 97, '2013-02-02', NULL, NULL),
(295, 2, 0.00, 0, 1, 5, '2013-02-06', NULL, NULL),
(296, 5, 0.00, 20, 0, 20, '2013-02-06', NULL, NULL),
(297, 5, 0.00, 0, 1, 19, '2013-02-06', NULL, NULL),
(298, 5, 0.00, 0, 1, 18, '2013-02-06', NULL, NULL),
(299, 5, 0.00, 0, 1, 17, '2013-02-07', NULL, NULL),
(300, 2, 0.00, 0, 1, 4, '2013-02-07', NULL, NULL),
(301, 1, 12.00, 0, 1, 34, '2013-02-07', NULL, NULL),
(302, 10, 0.00, 2, 0, 2, '2013-02-07', NULL, NULL),
(303, 10, 0.00, 2, 0, 4, '2013-02-07', NULL, NULL),
(304, 1, 12.00, 0, 1, 33, '2013-02-11', NULL, NULL),
(305, 1, 12.00, 0, 1, 32, '2013-02-11', NULL, NULL),
(306, 14, 0.00, 50, 0, 50, '2013-02-11', NULL, NULL),
(307, 14, 0.00, 0, 1, 49, '2013-02-11', NULL, NULL),
(308, 14, 0.00, 0, 1, 48, '2013-02-11', NULL, NULL),
(309, 5, 0.00, 0, 1, 16, '2013-02-11', NULL, NULL),
(310, 2, 0.00, 0, 1, 3, '2013-02-11', NULL, NULL),
(311, 5, 0.00, 0, 1, 15, '2013-02-11', NULL, NULL),
(312, 2, 0.00, 0, 1, 2, '2013-02-11', NULL, NULL),
(313, 2, 0.00, 0, 1, 1, '2013-02-11', NULL, NULL),
(314, 1, 12.00, 0, 1, 31, '2013-02-11', NULL, NULL),
(315, 2, 0.00, 0, 0, 2, '2013-02-11', NULL, NULL),
(316, 1, 12.00, 0, 0, 32, '2013-02-11', NULL, NULL),
(317, 2, 0.00, 0, 1, 1, '2013-02-11', NULL, NULL),
(318, 1, 12.00, 0, 1, 31, '2013-02-11', NULL, NULL),
(319, 14, 0.00, 0, 1, 47, '2013-02-11', NULL, NULL),
(320, 14, 0.00, 0, 1, 46, '2013-02-11', NULL, NULL),
(321, 14, 0.00, 40, 0, 86, '2013-02-11', NULL, NULL),
(322, 14, 0.00, 0, 0, 87, '2013-02-11', NULL, NULL),
(323, 14, 0.00, 0, 1, 86, '2013-02-11', NULL, NULL),
(324, 15, 0.00, 40, 0, 40, '2013-02-11', NULL, NULL),
(325, 15, 0.00, 0, 1, 39, '2013-02-11', NULL, NULL),
(326, 2, 0.00, 0, 1, 0, '2013-02-11', NULL, NULL),
(327, 1, 12.00, 0, 1, 30, '2013-02-11', NULL, NULL),
(328, 1, 12.00, 0, 1, 29, '2013-02-11', NULL, NULL),
(329, 5, 0.00, 0, 1, 14, '2013-02-11', NULL, NULL),
(330, 5, 0.00, 0, 1, 13, '2013-02-11', NULL, NULL),
(331, 5, 0.00, 0, 1, 12, '2013-02-11', NULL, NULL),
(332, 5, 0.00, 0, 1, 11, '2013-02-11', NULL, NULL),
(333, 1, 12.00, 0, 1, 28, '2013-02-11', NULL, NULL),
(334, 1, 12.00, 0, 1, 27, '2013-02-11', NULL, NULL),
(335, 15, 0.00, 0, 1, 38, '2013-02-11', NULL, NULL),
(336, 14, 0.00, 0, 1, 85, '2013-02-11', NULL, NULL),
(337, 5, 0.00, 0, 1, 10, '2013-02-15', NULL, NULL),
(338, 5, 0.00, 0, 1, 9, '2013-02-15', NULL, NULL),
(339, 5, 0.00, 0, 1, 8, '2013-02-15', NULL, NULL),
(340, 1, 12.00, 0, 1, 26, '2013-02-15', NULL, NULL),
(341, 1, 12.00, 0, 1, 25, '2013-02-15', NULL, NULL),
(342, 14, 0.00, 0, 1, 84, '2013-02-15', NULL, NULL),
(343, 15, 0.00, 0, 1, 37, '2013-02-15', NULL, NULL),
(344, 12, 0.00, 30, 0, 30, '2013-02-16', NULL, NULL),
(345, 16, 0.00, 20, 0, 20, '2013-02-16', NULL, NULL),
(346, 43, 0.20, 10, 0, 10, '2013-02-16', NULL, NULL),
(347, 5, 0.00, 0, 1, 7, '2013-02-16', NULL, NULL),
(348, 5, 0.00, 0, 1, 6, '2013-02-16', NULL, NULL),
(349, 43, 0.20, 0, 1, 9, '2013-02-17', NULL, NULL),
(350, 43, 0.20, 0, 1, 8, '2013-02-17', NULL, NULL),
(351, 1, 12.00, 0, 1, 24, '2013-02-17', NULL, NULL),
(352, 5, 0.00, 0, 1, 5, '2013-02-17', NULL, NULL),
(353, 1, 12.00, 0, 1, 23, '2013-02-17', NULL, NULL),
(354, 5, 0.00, 0, 1, 4, '2013-02-17', NULL, NULL),
(355, 5, 0.00, 0, 1, 3, '2013-02-17', NULL, NULL),
(356, 14, 0.00, 0, 1, 83, '2013-02-17', NULL, NULL),
(357, 15, 0.00, 0, 1, 36, '2013-02-17', NULL, NULL),
(358, 5, 0.00, 0, 1, 2, '2013-02-17', NULL, NULL),
(359, 15, 0.00, 0, 1, 35, '2013-02-17', NULL, NULL),
(360, 1, 12.00, 0, 1, 22, '2013-02-17', NULL, NULL),
(361, 1, 12.00, 0, 1, 21, '2013-02-17', NULL, NULL),
(362, 1, 12.00, 0, 1, 20, '2013-02-17', NULL, NULL),
(363, 14, 0.00, 0, 1, 82, '2013-02-17', NULL, NULL),
(364, 14, 0.00, 0, 1, 81, '2013-02-17', NULL, NULL),
(365, 15, 0.00, 0, 1, 34, '2013-02-17', NULL, NULL),
(366, 14, 0.00, 0, 1, 80, '2013-02-17', NULL, NULL),
(367, 15, 0.00, 0, 1, 33, '2013-02-17', NULL, NULL),
(368, 1, 12.00, 0, 1, 19, '2013-02-17', NULL, NULL),
(369, 1, 12.00, 0, 1, 18, '2013-02-17', NULL, NULL),
(370, 15, 0.00, 0, 1, 32, '2013-02-17', NULL, NULL),
(371, 1, 12.00, 0, 1, 17, '2013-02-17', NULL, NULL),
(372, 14, 0.00, 0, 1, 79, '2013-02-17', NULL, NULL),
(373, 14, 0.00, 0, 1, 78, '2013-02-17', NULL, NULL),
(374, 1, 12.00, 0, 1, 16, '2013-02-17', NULL, NULL),
(375, 1, 12.00, 0, 1, 15, '2013-02-17', NULL, NULL),
(376, 1, 12.00, 0, 1, 14, '2013-02-17', NULL, NULL),
(377, 15, 0.00, 0, 1, 31, '2013-02-17', NULL, NULL),
(378, 15, 0.00, 0, 1, 30, '2013-02-17', NULL, NULL),
(379, 1, 12.00, 0, 1, 13, '2013-02-17', NULL, NULL),
(380, 5, 0.00, 0, 1, 1, '2013-02-17', NULL, NULL),
(381, 14, 0.00, 0, 1, 77, '2013-02-17', NULL, NULL),
(382, 1, 12.00, 0, 1, 12, '2013-02-17', NULL, NULL),
(383, 1, 12.00, 0, 1, 11, '2013-02-17', NULL, NULL),
(384, 5, 0.00, 0, 1, 0, '2013-02-17', NULL, NULL),
(385, 14, 0.00, 0, 1, 76, '2013-02-17', NULL, NULL),
(386, 1, 12.00, 0, 1, 10, '2013-02-17', NULL, NULL),
(387, 14, 0.00, 0, 1, 75, '2013-02-17', NULL, NULL),
(388, 1, 12.00, 0, 1, 9, '2013-02-17', NULL, NULL),
(389, 14, 0.00, 0, 1, 74, '2013-02-17', NULL, NULL),
(390, 1, 12.00, 0, 1, 8, '2013-02-17', NULL, NULL),
(391, 1, 12.00, 0, 1, 7, '2013-02-17', NULL, NULL),
(392, 1, 12.00, 0, 1, 6, '2013-02-17', NULL, NULL),
(393, 1, 12.00, 0, 1, 5, '2013-02-17', NULL, NULL),
(394, 1, 12.00, 0, 1, 4, '2013-02-17', NULL, NULL),
(395, 1, 12.00, 0, 1, 3, '2013-02-17', NULL, NULL),
(396, 1, 12.00, 0, 1, 2, '2013-02-17', NULL, NULL),
(397, 1, 12.00, 0, 1, 1, '2013-02-17', NULL, NULL),
(398, 1, 12.00, 0, 1, 0, '2013-02-17', NULL, NULL),
(399, 1, 12.00, 1000, 0, 1000, '2013-02-17', NULL, NULL),
(400, 14, 0.00, 1000, 0, 1074, '2013-02-17', NULL, NULL),
(401, 1, 12.00, 0, 1, 999, '2013-02-17', NULL, NULL),
(402, 14, 0.00, 0, 1, 1073, '2013-02-17', NULL, NULL),
(403, 1, 12.00, 0, 1, 998, '2013-02-17', NULL, NULL),
(404, 14, 0.00, 0, 1, 1072, '2013-02-17', NULL, NULL),
(405, 1, 12.00, 0, 1, 997, '2013-02-17', NULL, NULL),
(406, 14, 0.00, 0, 1, 1071, '2013-02-17', NULL, NULL),
(407, 1, 12.00, 0, 1, 996, '2013-02-17', NULL, NULL),
(408, 14, 0.00, 0, 1, 1070, '2013-02-17', NULL, NULL),
(409, 1, 12.00, 0, 1, 995, '2013-02-17', NULL, NULL),
(410, 14, 0.00, 0, 1, 1069, '2013-02-17', NULL, NULL),
(411, 1, 12.00, 0, 1, 994, '2013-02-17', NULL, NULL),
(412, 14, 0.00, 0, 1, 1068, '2013-02-17', NULL, NULL),
(413, 1, 12.00, 0, 1, 993, '2013-02-17', NULL, NULL),
(414, 14, 0.00, 0, 1, 1067, '2013-02-17', NULL, NULL),
(415, 1, 12.00, 0, 0, 993, '2013-02-17', NULL, NULL),
(416, 4, 0.00, 1000, 0, 1000, '2013-02-17', NULL, NULL),
(417, 15, 0.00, 1000, 0, 1030, '2013-02-17', NULL, NULL),
(418, 1, 12.00, 0, 1, 992, '2013-02-17', NULL, NULL),
(419, 14, 0.00, 0, 1, 1066, '2013-02-17', NULL, NULL),
(420, 4, 0.00, 0, 1, 999, '2013-02-17', NULL, NULL),
(421, 15, 0.00, 0, 1, 1029, '2013-02-17', NULL, NULL),
(422, 15, 0.00, 0, 1, 1028, '2013-02-17', NULL, NULL),
(423, 15, 0.00, 0, 1, 1027, '2013-02-17', NULL, NULL),
(424, 1, 12.00, 0, 1, 991, '2013-02-17', NULL, NULL),
(425, 1, 12.00, 0, 1, 990, '2013-02-17', NULL, NULL),
(426, 4, 0.00, 0, 1, 998, '2013-02-17', NULL, NULL),
(427, 14, 0.00, 0, 1, 1065, '2013-02-17', NULL, NULL),
(428, 15, 0.00, 0, 1, 1026, '2013-02-17', NULL, NULL),
(429, 4, 0.00, 0, 1, 997, '2013-02-17', NULL, NULL),
(430, 1, 12.00, 0, 1, 989, '2013-02-17', NULL, NULL),
(431, 14, 0.00, 0, 1, 1064, '2013-02-17', NULL, NULL),
(432, 4, 0.00, 0, 1, 996, '2013-02-17', NULL, NULL),
(433, 1, 12.00, 0, 1, 988, '2013-02-17', NULL, NULL),
(434, 4, 0.00, 0, 1, 995, '2013-02-17', NULL, NULL),
(435, 15, 0.00, 0, 1, 1025, '2013-02-17', NULL, NULL),
(436, 15, 0.00, 0, 1, 1024, '2013-02-17', NULL, NULL),
(437, 15, 0.00, 0, 1, 1023, '2013-02-17', NULL, NULL),
(438, 4, 0.00, 0, 1, 994, '2013-02-17', NULL, NULL),
(439, 4, 0.00, 0, 1, 993, '2013-02-17', NULL, NULL),
(440, 4, 0.00, 0, 1, 992, '2013-02-17', NULL, NULL),
(441, 1, 12.00, 0, 1, 987, '2013-02-17', NULL, NULL),
(442, 14, 0.00, 0, 1, 1063, '2013-02-17', NULL, NULL),
(443, 1, 12.00, 0, 1, 986, '2013-02-17', NULL, NULL),
(444, 4, 0.00, 0, 1, 991, '2013-02-17', NULL, NULL),
(445, 14, 0.00, 0, 1, 1062, '2013-02-17', NULL, NULL),
(446, 15, 0.00, 0, 1, 1022, '2013-02-17', NULL, NULL),
(447, 4, 0.00, 0, 1, 990, '2013-02-17', NULL, NULL),
(448, 4, 0.00, 0, 1, 989, '2013-02-17', NULL, NULL),
(449, 4, 0.00, 0, 1, 988, '2013-02-17', NULL, NULL),
(450, 15, 0.00, 0, 1, 1021, '2013-02-17', NULL, NULL),
(451, 15, 0.00, 0, 1, 1020, '2013-02-17', NULL, NULL),
(452, 4, 0.00, 0, 1, 987, '2013-02-17', NULL, NULL),
(453, 1, 12.00, 0, 1, 985, '2013-02-17', NULL, NULL),
(454, 14, 0.00, 0, 1, 1061, '2013-02-17', NULL, NULL),
(455, 1, 12.00, 0, 1, 984, '2013-02-17', NULL, NULL),
(456, 4, 0.00, 0, 1, 986, '2013-02-17', NULL, NULL),
(457, 15, 0.00, 0, 1, 1019, '2013-02-17', NULL, NULL),
(458, 1, 12.00, 0, 1, 983, '2013-02-17', NULL, NULL),
(459, 14, 0.00, 0, 1, 1060, '2013-02-17', NULL, NULL),
(460, 4, 0.00, 0, 1, 985, '2013-02-17', NULL, NULL),
(461, 14, 0.00, 0, 1, 1059, '2013-02-17', NULL, NULL),
(462, 1, 12.00, 0, 1, 982, '2013-02-17', NULL, NULL),
(463, 14, 0.00, 0, 1, 1058, '2013-02-17', NULL, NULL),
(464, 4, 0.00, 0, 1, 984, '2013-02-17', NULL, NULL),
(465, 4, 0.00, 0, 1, 983, '2013-02-17', NULL, NULL),
(466, 15, 0.00, 0, 1, 1018, '2013-02-17', NULL, NULL),
(467, 1, 12.00, 0, 1, 981, '2013-02-17', NULL, NULL),
(468, 4, 0.00, 0, 1, 982, '2013-02-17', NULL, NULL),
(469, 4, 0.00, 0, 1, 981, '2013-02-17', NULL, NULL),
(470, 1, 12.00, 0, 1, 980, '2013-02-17', NULL, NULL),
(471, 1, 12.00, 0, 1, 979, '2013-02-17', NULL, NULL),
(472, 15, 0.00, 0, 1, 1017, '2013-02-17', NULL, NULL),
(473, 15, 0.00, 0, 1, 1016, '2013-02-17', NULL, NULL),
(474, 14, 0.00, 0, 1, 1057, '2013-02-17', NULL, NULL),
(475, 1, 12.00, 0, 1, 978, '2013-02-17', NULL, NULL),
(476, 14, 0.00, 0, 1, 1056, '2013-02-17', NULL, NULL),
(477, 1, 12.00, 0, 1, 977, '2013-02-17', NULL, NULL),
(478, 4, 0.00, 0, 1, 980, '2013-02-17', NULL, NULL),
(479, 1, 12.00, 0, 1, 976, '2013-02-17', NULL, NULL),
(480, 14, 0.00, 0, 1, 1055, '2013-02-17', NULL, NULL),
(481, 1, 12.00, 0, 1, 975, '2013-02-17', NULL, NULL),
(482, 15, 0.00, 0, 1, 1015, '2013-02-17', NULL, NULL),
(483, 15, 0.00, 0, 1, 1014, '2013-02-17', NULL, NULL),
(484, 1, 12.00, 0, 1, 974, '2013-02-17', NULL, NULL),
(485, 4, 0.00, 0, 1, 979, '2013-02-17', NULL, NULL),
(486, 1, 12.00, 0, 1, 973, '2013-02-17', NULL, NULL),
(487, 1, 12.00, 0, 1, 972, '2013-02-17', NULL, NULL),
(488, 14, 0.00, 0, 1, 1054, '2013-02-17', NULL, NULL),
(489, 15, 0.00, 0, 1, 1013, '2013-02-17', NULL, NULL),
(490, 1, 12.00, 0, 1, 971, '2013-02-17', NULL, NULL),
(491, 1, 12.00, 0, 1, 970, '2013-02-17', NULL, NULL),
(492, 4, 0.00, 0, 1, 978, '2013-02-17', NULL, NULL),
(493, 15, 0.00, 0, 1, 1012, '2013-02-17', NULL, NULL),
(494, 1, 12.00, 0, 1, 969, '2013-02-17', NULL, NULL),
(495, 1, 12.00, 0, 1, 968, '2013-02-17', NULL, NULL),
(496, 1, 12.00, 0, 1, 967, '2013-02-17', NULL, NULL),
(497, 4, 0.00, 0, 1, 977, '2013-02-17', NULL, NULL),
(498, 14, 0.00, 0, 1, 1053, '2013-02-17', NULL, NULL),
(499, 14, 0.00, 0, 1, 1052, '2013-02-17', NULL, NULL),
(500, 4, 0.00, 0, 1, 976, '2013-02-17', NULL, NULL),
(501, 4, 0.00, 0, 1, 975, '2013-02-17', NULL, NULL),
(502, 1, 12.00, 0, 1, 966, '2013-02-17', NULL, NULL),
(503, 4, 0.00, 0, 1, 974, '2013-02-17', NULL, NULL),
(504, 14, 0.00, 0, 1, 1051, '2013-02-17', NULL, NULL),
(505, 14, 0.00, 0, 1, 1050, '2013-02-17', NULL, NULL),
(506, 14, 0.00, 0, 1, 1049, '2013-02-17', NULL, NULL),
(507, 15, 0.00, 0, 1, 1011, '2013-02-17', NULL, NULL),
(508, 1, 12.00, 0, 1, 965, '2013-02-17', NULL, NULL),
(509, 4, 0.00, 0, 1, 973, '2013-02-17', NULL, NULL),
(510, 14, 0.00, 0, 1, 1048, '2013-02-17', NULL, NULL),
(511, 1, 12.00, 0, 1, 964, '2013-02-17', NULL, NULL),
(512, 4, 0.00, 0, 1, 972, '2013-02-17', NULL, NULL),
(513, 14, 0.00, 0, 1, 1047, '2013-02-17', NULL, NULL),
(514, 1, 12.00, 0, 1, 963, '2013-02-17', NULL, NULL),
(515, 14, 0.00, 0, 1, 1046, '2013-02-17', NULL, NULL),
(516, 1, 12.00, 0, 1, 962, '2013-02-17', NULL, NULL),
(517, 1, 12.00, 0, 1, 961, '2013-02-17', NULL, NULL),
(518, 4, 0.00, 0, 1, 971, '2013-02-17', NULL, NULL),
(519, 1, 12.00, 0, 1, 960, '2013-02-17', NULL, NULL),
(520, 1, 12.00, 0, 1, 959, '2013-02-17', NULL, NULL),
(521, 15, 0.00, 0, 1, 1010, '2013-02-17', NULL, NULL),
(522, 15, 0.00, 0, 1, 1009, '2013-02-17', NULL, NULL),
(523, 4, 0.00, 0, 1, 970, '2013-02-17', NULL, NULL),
(524, 1, 12.00, 0, 1, 958, '2013-02-17', NULL, NULL),
(525, 14, 0.00, 0, 1, 1045, '2013-02-17', NULL, NULL),
(526, 1, 12.00, 0, 1, 957, '2013-02-17', NULL, NULL),
(527, 1, 12.00, 0, 1, 956, '2013-02-17', NULL, NULL),
(528, 15, 0.00, 0, 1, 1008, '2013-02-17', NULL, NULL),
(529, 1, 12.00, 0, 1, 955, '2013-02-17', NULL, NULL),
(530, 4, 0.00, 0, 1, 969, '2013-02-17', NULL, NULL),
(531, 14, 0.00, 0, 1, 1044, '2013-02-17', NULL, NULL),
(532, 15, 0.00, 0, 1, 1007, '2013-02-17', NULL, NULL),
(533, 4, 0.00, 0, 1, 968, '2013-02-17', NULL, NULL),
(534, 1, 12.00, 0, 1, 954, '2013-02-17', NULL, NULL),
(535, 14, 0.00, 0, 1, 1043, '2013-02-17', NULL, NULL),
(536, 1, 12.00, 0, 1, 953, '2013-02-17', NULL, NULL),
(537, 4, 0.00, 0, 1, 967, '2013-02-17', NULL, NULL),
(538, 14, 0.00, 0, 1, 1042, '2013-02-17', NULL, NULL),
(539, 1, 12.00, 0, 1, 952, '2013-02-17', NULL, NULL),
(540, 4, 0.00, 0, 1, 966, '2013-02-17', NULL, NULL),
(541, 14, 0.00, 0, 1, 1041, '2013-02-17', NULL, NULL),
(542, 1, 12.00, 0, 1, 951, '2013-02-17', NULL, NULL),
(543, 4, 0.00, 0, 1, 965, '2013-02-17', NULL, NULL),
(544, 1, 12.00, 0, 1, 950, '2013-02-17', NULL, NULL),
(545, 4, 0.00, 0, 1, 964, '2013-02-17', NULL, NULL),
(546, 14, 0.00, 0, 1, 1040, '2013-02-17', NULL, NULL),
(547, 1, 12.00, 0, 1, 949, '2013-02-17', NULL, NULL),
(548, 4, 0.00, 0, 1, 963, '2013-02-17', NULL, NULL),
(549, 14, 0.00, 0, 1, 1039, '2013-02-17', NULL, NULL),
(550, 1, 12.00, 0, 1, 948, '2013-02-17', NULL, NULL),
(551, 4, 0.00, 0, 1, 962, '2013-02-17', NULL, NULL),
(552, 14, 0.00, 0, 1, 1038, '2013-02-17', NULL, NULL),
(553, 1, 12.00, 0, 1, 947, '2013-02-17', NULL, NULL),
(554, 14, 0.00, 0, 1, 1037, '2013-02-17', NULL, NULL),
(555, 1, 12.00, 0, 1, 946, '2013-02-17', NULL, NULL),
(556, 1, 12.00, 0, 1, 945, '2013-02-17', NULL, NULL),
(557, 4, 0.00, 0, 1, 961, '2013-02-17', NULL, NULL),
(558, 14, 0.00, 0, 1, 1036, '2013-02-17', NULL, NULL),
(559, 1, 12.00, 0, 1, 944, '2013-02-17', NULL, NULL),
(560, 4, 0.00, 0, 1, 960, '2013-02-17', NULL, NULL),
(561, 15, 0.00, 0, 1, 1006, '2013-02-17', NULL, NULL),
(562, 14, 0.00, 0, 1, 1035, '2013-02-17', NULL, NULL),
(563, 1, 12.00, 0, 1, 943, '2013-02-17', NULL, NULL),
(564, 1, 12.00, 0, 1, 942, '2013-02-17', NULL, NULL),
(565, 15, 0.00, 0, 1, 1005, '2013-02-17', NULL, NULL),
(566, 1, 12.00, 0, 1, 941, '2013-02-17', NULL, NULL),
(567, 4, 0.00, 0, 1, 959, '2013-02-17', NULL, NULL),
(568, 4, 0.00, 0, 1, 958, '2013-02-17', NULL, NULL),
(569, 14, 0.00, 0, 1, 1034, '2013-02-17', NULL, NULL),
(570, 4, 0.00, 0, 1, 957, '2013-02-17', NULL, NULL),
(571, 14, 0.00, 0, 1, 1033, '2013-02-17', NULL, NULL),
(572, 14, 0.00, 0, 1, 1032, '2013-02-17', NULL, NULL),
(573, 1, 12.00, 0, 1, 940, '2013-02-17', NULL, NULL),
(574, 4, 0.00, 0, 1, 956, '2013-02-17', NULL, NULL),
(575, 1, 12.00, 0, 1, 939, '2013-02-17', NULL, NULL),
(576, 4, 0.00, 0, 1, 955, '2013-02-17', NULL, NULL),
(577, 14, 0.00, 0, 1, 1031, '2013-02-17', NULL, NULL),
(578, 15, 0.00, 0, 1, 1004, '2013-02-17', NULL, NULL),
(579, 10, 0.00, 0, 1, 3, '2013-02-17', NULL, NULL),
(580, 15, 0.00, 0, 1, 1003, '2013-02-17', NULL, NULL),
(581, 1, 12.00, 0, 1, 938, '2013-02-17', NULL, NULL),
(582, 1, 12.00, 0, 1, 937, '2013-02-17', NULL, NULL),
(583, 1, 12.00, 0, 1, 936, '2013-02-17', NULL, NULL),
(584, 1, 12.00, 0, 1, 935, '2013-02-17', NULL, NULL),
(585, 4, 0.00, 0, 1, 954, '2013-02-17', NULL, NULL),
(586, 4, 0.00, 0, 1, 953, '2013-02-17', NULL, NULL),
(587, 14, 0.00, 0, 1, 1030, '2013-02-17', NULL, NULL),
(588, 14, 0.00, 0, 1, 1029, '2013-02-17', NULL, NULL),
(589, 1, 12.00, 0, 1, 934, '2013-02-17', NULL, NULL),
(590, 4, 0.00, 0, 1, 952, '2013-02-17', NULL, NULL),
(591, 14, 0.00, 0, 1, 1028, '2013-02-17', NULL, NULL),
(592, 4, 0.00, 0, 1, 951, '2013-02-17', NULL, NULL),
(593, 1, 12.00, 0, 1, 933, '2013-02-17', NULL, NULL),
(594, 4, 0.00, 0, 1, 950, '2013-02-17', NULL, NULL),
(595, 1, 12.00, 0, 1, 932, '2013-02-17', NULL, NULL),
(596, 15, 0.00, 0, 1, 1002, '2013-02-17', NULL, NULL),
(597, 16, 0.00, 0, 1, 19, '2013-02-17', NULL, NULL),
(598, 14, 0.00, 0, 1, 1027, '2013-02-17', NULL, NULL),
(599, 1, 12.00, 0, 1, 931, '2013-02-17', NULL, NULL),
(600, 4, 0.00, 0, 1, 949, '2013-02-17', NULL, NULL),
(601, 14, 0.00, 0, 1, 1026, '2013-02-17', NULL, NULL),
(602, 1, 12.00, 0, 1, 930, '2013-02-17', NULL, NULL),
(603, 4, 0.00, 0, 1, 948, '2013-02-17', NULL, NULL),
(604, 14, 0.00, 0, 1, 1025, '2013-02-17', NULL, NULL),
(605, 1, 12.00, 0, 1, 929, '2013-02-17', NULL, NULL),
(606, 16, 0.00, 0, 1, 18, '2013-02-17', NULL, NULL),
(607, 1, 12.00, 0, 1, 928, '2013-02-17', NULL, NULL),
(608, 4, 0.00, 0, 1, 947, '2013-02-17', NULL, NULL),
(609, 14, 0.00, 0, 1, 1024, '2013-02-17', NULL, NULL),
(610, 4, 0.00, 0, 1, 946, '2013-02-17', NULL, NULL),
(611, 1, 12.00, 0, 1, 927, '2013-02-17', NULL, NULL),
(612, 4, 0.00, 0, 1, 945, '2013-02-17', NULL, NULL),
(613, 1, 12.00, 0, 1, 926, '2013-02-17', NULL, NULL),
(614, 1, 12.00, 0, 1, 925, '2013-02-17', NULL, NULL),
(615, 15, 0.00, 0, 1, 1001, '2013-02-17', NULL, NULL),
(616, 15, 0.00, 0, 1, 1000, '2013-02-17', NULL, NULL),
(617, 15, 0.00, 0, 1, 999, '2013-02-17', NULL, NULL),
(618, 1, 12.00, 0, 1, 924, '2013-02-17', NULL, NULL),
(619, 4, 0.00, 0, 1, 944, '2013-02-17', NULL, NULL),
(620, 1, 12.00, 0, 1, 923, '2013-02-17', NULL, NULL),
(621, 4, 0.00, 0, 1, 943, '2013-02-17', NULL, NULL),
(622, 1, 12.00, 0, 1, 922, '2013-02-17', NULL, NULL),
(623, 4, 0.00, 0, 1, 942, '2013-02-17', NULL, NULL),
(624, 14, 0.00, 0, 1, 1023, '2013-02-17', NULL, NULL),
(625, 1, 12.00, 0, 1, 921, '2013-02-18', NULL, NULL),
(626, 4, 0.00, 0, 1, 941, '2013-02-18', NULL, NULL),
(627, 14, 0.00, 0, 1, 1022, '2013-02-18', NULL, NULL),
(628, 15, 0.00, 0, 1, 998, '2013-02-18', NULL, NULL),
(629, 1, 12.00, 0, 1, 920, '2013-02-18', NULL, NULL),
(630, 14, 0.00, 0, 1, 1021, '2013-02-18', NULL, NULL),
(631, 1, 12.00, 0, 1, 919, '2013-02-18', NULL, NULL),
(632, 15, 0.00, 0, 1, 997, '2013-02-18', NULL, NULL),
(633, 4, 0.00, 0, 1, 940, '2013-02-18', NULL, NULL),
(634, 15, 0.00, 0, 1, 996, '2013-02-18', NULL, NULL),
(635, 15, 0.00, 0, 1, 995, '2013-02-18', NULL, NULL),
(636, 1, 12.00, 0, 1, 918, '2013-02-18', NULL, NULL),
(637, 4, 0.00, 0, 1, 939, '2013-02-18', NULL, NULL),
(638, 4, 0.00, 0, 1, 938, '2013-02-18', NULL, NULL),
(639, 1, 12.00, 0, 1, 917, '2013-02-18', NULL, NULL),
(640, 4, 0.00, 0, 1, 937, '2013-02-18', NULL, NULL),
(641, 14, 0.00, 0, 1, 1020, '2013-02-18', NULL, NULL),
(642, 1, 12.00, 0, 1, 916, '2013-02-24', NULL, NULL),
(643, 14, 0.00, 0, 1, 1019, '2013-02-24', NULL, NULL),
(644, 1, 12.00, 0, 1, 915, '2013-02-24', NULL, NULL),
(645, 14, 0.00, 0, 1, 1018, '2013-02-24', NULL, NULL),
(646, 1, 12.00, 0, 1, 914, '2013-02-24', NULL, NULL),
(647, 14, 0.00, 0, 1, 1017, '2013-02-24', NULL, NULL),
(648, 1, 12.00, 0, 1, 913, '2013-02-24', NULL, NULL),
(649, 1, 12.00, 0, 1, 912, '2013-02-24', NULL, NULL),
(650, 15, 0.00, 0, 1, 994, '2013-02-24', NULL, NULL),
(651, 15, 0.00, 0, 1, 993, '2013-02-24', NULL, NULL),
(652, 15, 0.00, 0, 1, 992, '2013-02-24', NULL, NULL),
(653, 1, 12.00, 0, 1, 911, '2013-02-24', NULL, NULL),
(654, 1, 12.00, 0, 1, 910, '2013-02-24', NULL, NULL),
(655, 1, 12.00, 0, 1, 909, '2013-02-24', NULL, NULL),
(656, 4, 0.00, 0, 1, 936, '2013-02-24', NULL, NULL),
(657, 14, 0.00, 0, 1, 1016, '2013-02-24', NULL, NULL),
(658, 15, 0.00, 0, 1, 991, '2013-02-24', NULL, NULL),
(659, 1, 12.00, 0, 1, 908, '2013-02-25', NULL, NULL),
(660, 14, 0.00, 0, 1, 1015, '2013-02-25', NULL, NULL),
(661, 1, 12.00, 0, 2, 906, '2013-02-26', NULL, NULL),
(662, 4, 0.00, 0, 2, 934, '2013-02-26', NULL, NULL),
(663, 14, 0.00, 0, 1, 1014, '2013-02-26', NULL, NULL),
(664, 1, 12.00, 0, 2, 904, '2013-02-26', NULL, NULL),
(665, 4, 0.00, 0, 2, 932, '2013-02-26', NULL, NULL),
(666, 1, 12.00, 0, 2, 902, '2013-02-26', NULL, NULL),
(667, 1, 12.00, 0, 2, 900, '2013-02-26', NULL, NULL),
(668, 14, 0.00, 0, 1, 1013, '2013-02-26', NULL, NULL),
(669, 1, 12.00, 0, 2, 898, '2013-02-26', NULL, NULL),
(670, 1, 12.00, 0, 2, 896, '2013-02-26', NULL, NULL),
(671, 1, 12.00, 0, 2, 894, '2013-02-26', NULL, NULL),
(672, 4, 0.00, 0, 2, 930, '2013-02-26', NULL, NULL),
(673, 14, 0.00, 0, 1, 1012, '2013-02-26', NULL, NULL),
(674, 10, 0.00, 0, 1, 2, '2013-02-26', NULL, NULL),
(675, 1, 12.00, 0, 1, 893, '2013-02-26', NULL, NULL),
(676, 1, 12.00, 0, 1, 892, '2013-02-26', NULL, NULL),
(677, 1, 12.00, 0, 2, 890, '2013-02-26', NULL, NULL),
(678, 4, 0.00, 0, 2, 928, '2013-02-26', NULL, NULL),
(679, 14, 0.00, 0, 1, 1011, '2013-02-26', NULL, NULL),
(680, 1, 12.00, 0, 1, 889, '2013-02-26', NULL, NULL),
(681, 1, 12.00, 0, 2, 887, '2013-02-26', NULL, NULL),
(682, 15, 0.00, 0, 1, 990, '2013-02-26', NULL, NULL),
(683, 6, 11.00, 0, 0, 19, '2013-02-26', NULL, NULL),
(684, 1, 12.00, 0, 2, 885, '2013-03-01', NULL, NULL),
(685, 14, 0.00, 0, 1, 1010, '2013-03-01', NULL, NULL),
(686, 1, 12.00, 0, 2, 883, '2013-03-01', NULL, NULL),
(687, 1, 12.00, 0, 2, 881, '2013-03-01', NULL, NULL),
(688, 15, 0.00, 0, 1, 989, '2013-03-01', NULL, NULL),
(689, 14, 0.00, 0, 1, 1009, '2013-03-01', NULL, NULL),
(690, 15, 0.00, 0, 1, 988, '2013-03-01', NULL, NULL),
(691, 1, 12.00, 0, 2, 879, '2013-03-01', NULL, NULL),
(692, 4, 0.00, 0, 2, 926, '2013-03-01', NULL, NULL),
(693, 14, 0.00, 0, 1, 1008, '2013-03-01', NULL, NULL),
(694, 15, 0.00, 0, 1, 987, '2013-03-01', NULL, NULL),
(695, 44, 0.00, 5, 0, 5, '2013-03-02', NULL, NULL),
(696, 44, 0.00, 2, 0, 7, '2013-03-02', NULL, NULL),
(697, 15, 0.00, 0, 1, 986, '2013-03-02', NULL, NULL),
(698, 44, 0.00, 0, 1, 6, '2013-03-02', NULL, NULL),
(699, 1, 12.00, 0, 2, 877, '2013-03-02', NULL, NULL),
(700, 1, 12.00, 0, 1, 876, '2013-03-02', NULL, NULL),
(701, 1, 12.00, 0, 2, 874, '2013-03-02', NULL, NULL),
(702, 4, 0.00, 0, 2, 924, '2013-03-02', NULL, NULL),
(703, 1, 12.00, 0, 1, 873, '2013-03-02', NULL, NULL),
(704, 1, 12.00, 0, 2, 871, '2013-03-02', NULL, NULL),
(705, 1, 12.00, 0, 2, 869, '2013-03-02', NULL, NULL),
(706, 1, 12.00, 0, 2, 867, '2013-03-02', NULL, NULL),
(707, 1, 12.00, 0, 2, 865, '2013-03-02', NULL, NULL),
(708, 1, 12.00, 0, 2, 863, '2013-03-02', NULL, NULL),
(709, 1, 12.00, 0, 2, 861, '2013-03-02', NULL, NULL),
(710, 1, 12.00, 0, 2, 859, '2013-03-02', NULL, NULL),
(711, 4, 0.00, 0, 2, 922, '2013-03-02', NULL, NULL),
(712, 15, 0.00, 0, 1, 985, '2013-03-02', NULL, NULL),
(713, 1, 12.00, 0, 2, 857, '2013-03-02', NULL, NULL),
(714, 6, 11.00, 0, 1, 18, '2013-03-02', NULL, NULL),
(715, 44, 0.00, 0, 1, 5, '2013-03-02', NULL, NULL),
(716, 14, 0.00, 0, 1, 1007, '2013-03-02', NULL, NULL),
(717, 1, 12.00, 0, 2, 855, '2013-03-03', NULL, NULL),
(718, 44, 0.00, 0, 1, 4, '2013-03-03', NULL, NULL),
(719, 1, 12.00, 0, 2, 853, '2013-03-03', NULL, NULL),
(720, 4, 0.00, 0, 2, 920, '2013-03-03', NULL, NULL),
(721, 44, 0.00, 0, 1, 3, '2013-03-03', NULL, NULL),
(722, 1, 12.00, 0, 2, 851, '2013-03-03', NULL, NULL),
(723, 1, 12.00, 0, 2, 849, '2013-03-05', NULL, NULL),
(724, 1, 12.00, 0, 2, 847, '2013-03-05', NULL, NULL),
(725, 1, 12.00, 0, 2, 845, '2013-03-05', NULL, NULL),
(726, 1, 12.00, 0, 1, 844, '2013-03-05', NULL, NULL),
(727, 4, 0.00, 0, 2, 918, '2013-03-05', NULL, NULL),
(728, 15, 0.00, 0, 1, 984, '2013-03-05', NULL, NULL),
(729, 14, 0.00, 10, 0, 1017, '2013-03-05', NULL, NULL),
(730, 1, 12.00, 0, 1, 843, '2013-03-05', NULL, NULL),
(731, 2, 0.00, 500, 0, 500, '2013-03-05', NULL, NULL),
(732, 5, 0.00, 50, 0, 50, '2013-03-05', NULL, NULL),
(733, 2, 0.00, 0, 2, 498, '2013-03-05', NULL, NULL),
(734, 1, 12.00, 0, 1, 842, '2013-03-05', NULL, NULL),
(735, 5, 0.00, 0, 1, 49, '2013-03-05', NULL, NULL),
(736, 1, 12.00, 0, 1, 841, '2013-03-05', NULL, NULL),
(737, 18, 0.00, 5, 0, 5, '2013-03-05', NULL, NULL),
(738, 18, 0.00, 0, 1, 4, '2013-03-05', NULL, NULL),
(739, 18, 0.00, 0, 0, 4, '2013-03-05', NULL, NULL),
(740, 2, 0.00, 0, 2, 496, '2013-03-05', NULL, NULL),
(741, 1, 12.00, 0, 1, 840, '2013-03-05', NULL, NULL),
(742, 1, 12.00, 100, 0, 940, '2013-03-05', NULL, NULL),
(743, 5, 0.00, 0, 1, 48, '2013-03-05', NULL, NULL),
(744, 2, 0.00, 0, 1, 495, '2013-03-05', NULL, NULL),
(745, 5, 0.00, 0, 1, 47, '2013-03-05', NULL, NULL),
(746, 2, 0.00, 0, 1, 494, '2013-03-05', NULL, NULL),
(747, 5, 0.00, 0, 1, 46, '2013-03-05', NULL, NULL),
(748, 2, 0.00, 0, 1, 493, '2013-03-05', NULL, NULL),
(749, 1, 12.00, 0, 2, 938, '2013-03-05', NULL, NULL),
(750, 5, 0.00, 0, 2, 44, '2013-03-05', NULL, NULL),
(751, 5, 0.00, 0, 2, 42, '2013-03-05', NULL, NULL),
(752, 5, 0.00, 0, 0, 42, '2013-03-05', NULL, NULL),
(753, 5, 0.00, 0, 2, 40, '2013-03-05', NULL, NULL),
(754, 7, 0.00, 0, 1, 96, '2013-03-05', NULL, NULL),
(755, 7, 0.00, 0, 1, 95, '2013-03-05', NULL, NULL),
(756, 7, 0.00, 0, 1, 94, '2013-03-05', NULL, NULL),
(757, 6, 11.00, 0, 1, 17, '2013-03-05', NULL, NULL),
(758, 16, 0.00, 0, 1, 17, '2013-03-05', NULL, NULL),
(759, 16, 0.00, 0, 1, 16, '2013-03-05', NULL, NULL),
(760, 18, 0.00, 0, 1, 3, '2013-03-05', NULL, NULL),
(761, 2, 0.00, 0, 2, 491, '2013-03-05', NULL, NULL),
(762, 4, 0.00, 0, 2, 916, '2013-03-05', NULL, NULL),
(763, 2, 0.00, 0, 2, 489, '2013-03-05', NULL, NULL),
(764, 4, 0.00, 0, 2, 914, '2013-03-05', NULL, NULL),
(765, 5, 0.00, 0, 2, 38, '2013-03-05', NULL, NULL),
(766, 1, 12.00, 0, 2, 936, '2013-03-05', NULL, NULL),
(767, 7, 0.00, 0, 1, 93, '2013-03-05', NULL, NULL),
(768, 6, 11.00, 0, 1, 16, '2013-03-05', NULL, NULL),
(769, 16, 0.00, 0, 1, 15, '2013-03-05', NULL, NULL),
(770, 14, 0.00, 0, 1, 1016, '2013-03-05', NULL, NULL),
(771, 10, 0.00, 0, 1, 1, '2013-03-05', NULL, NULL),
(772, 24, 0.00, 0, 1, 61, '2013-03-05', NULL, NULL),
(773, 24, 0.00, 0, 1, 60, '2013-03-05', NULL, NULL),
(774, 44, 0.00, 0, 1, 2, '2013-03-05', NULL, NULL),
(775, 2, 0.00, 0, 2, 487, '2013-03-05', NULL, NULL),
(776, 1, 12.00, 0, 2, 934, '2013-03-05', NULL, NULL),
(777, 2, 0.00, 0, 2, 485, '2013-03-05', NULL, NULL),
(778, 1, 12.00, 0, 2, 932, '2013-03-05', NULL, NULL),
(779, 2, 0.00, 0, 2, 483, '2013-03-05', NULL, NULL),
(780, 4, 0.00, 0, 2, 912, '2013-03-05', NULL, NULL),
(781, 1, 12.00, 0, 1, 931, '2013-03-05', NULL, NULL),
(782, 2, 0.00, 0, 2, 481, '2013-03-05', NULL, NULL),
(783, 1, 12.00, 0, 1, 930, '2013-03-05', NULL, NULL),
(784, 5, 0.00, 0, 1, 37, '2013-03-05', NULL, NULL),
(785, 1, 12.00, 0, 1, 929, '2013-03-05', NULL, NULL),
(786, 1, 12.00, 0, 1, 928, '2013-03-05', NULL, NULL),
(787, 4, 0.00, 0, 2, 910, '2013-03-05', NULL, NULL),
(788, 2, 0.00, 0, 2, 479, '2013-03-05', NULL, NULL),
(789, 5, 0.00, 0, 1, 36, '2013-03-05', NULL, NULL),
(790, 1, 12.00, 0, 1, 927, '2013-03-05', NULL, NULL),
(791, 2, 0.00, 0, 2, 477, '2013-03-05', NULL, NULL),
(792, 4, 0.00, 0, 1, 909, '2013-03-05', NULL, NULL),
(793, 2, 0.00, 0, 2, 475, '2013-03-05', NULL, NULL),
(794, 1, 12.00, 0, 0, 928, '2013-03-05', NULL, NULL),
(795, 5, 0.00, 0, 0, 37, '2013-03-05', NULL, NULL),
(796, 2, 0.00, 0, 0, 477, '2013-03-05', NULL, NULL),
(797, 7, 0.00, 0, 1, 92, '2013-03-05', NULL, NULL),
(798, 10, 0.00, 0, 0, 1, '2013-03-05', NULL, NULL),
(799, 2, 0.00, 0, 2, 475, '2013-03-05', NULL, NULL),
(800, 1, 12.00, 0, 2, 926, '2013-03-05', NULL, NULL),
(801, 5, 0.00, 0, 2, 35, '2013-03-05', NULL, NULL),
(802, 2, 0.00, 0, 2, 473, '2013-03-05', NULL, NULL),
(803, 1, 12.00, 0, 2, 924, '2013-03-05', NULL, NULL),
(804, 2, 0.00, 0, 2, 471, '2013-03-05', NULL, NULL),
(805, 1, 12.00, 0, 2, 922, '2013-03-05', NULL, NULL),
(806, 5, 0.00, 0, 1, 34, '2013-03-05', NULL, NULL),
(807, 2, 0.00, 0, 1, 470, '2013-03-05', NULL, NULL),
(808, 5, 0.00, 0, 1, 33, '2013-03-05', NULL, NULL),
(809, 4, 0.00, 0, 2, 907, '2013-03-05', NULL, NULL),
(810, 5, 0.00, 0, 1, 32, '2013-03-05', NULL, NULL),
(811, 4, 0.00, 0, 2, 905, '2013-03-05', NULL, NULL),
(812, 5, 0.00, 0, 1, 31, '2013-03-05', NULL, NULL),
(813, 1, 12.00, 0, 1, 921, '2013-03-05', NULL, NULL),
(814, 5, 0.00, 0, 1, 30, '2013-03-05', NULL, NULL),
(815, 1, 12.00, 0, 1, 920, '2013-03-05', NULL, NULL),
(816, 2, 0.00, 0, 2, 468, '2013-03-05', NULL, NULL),
(817, 4, 0.00, 0, 2, 903, '2013-03-05', NULL, NULL),
(818, 1, 12.00, 0, 1, 919, '2013-03-05', NULL, NULL),
(819, 2, 0.00, 0, 2, 466, '2013-03-05', NULL, NULL),
(820, 1, 12.00, 0, 1, 918, '2013-03-05', NULL, NULL),
(821, 2, 0.00, 0, 2, 464, '2013-03-05', NULL, NULL),
(822, 5, 0.00, 0, 1, 29, '2013-03-05', NULL, NULL),
(823, 4, 0.00, 0, 2, 901, '2013-03-05', NULL, NULL),
(824, 5, 0.00, 0, 1, 28, '2013-03-05', NULL, NULL),
(825, 1, 12.00, 0, 1, 917, '2013-03-05', NULL, NULL),
(826, 5, 0.00, 0, 1, 27, '2013-03-05', NULL, NULL),
(827, 4, 0.00, 0, 2, 899, '2013-03-05', NULL, NULL),
(828, 5, 0.00, 0, 1, 26, '2013-03-05', NULL, NULL),
(829, 5, 0.00, 0, 1, 25, '2013-03-05', NULL, NULL),
(830, 4, 0.00, 0, 2, 897, '2013-03-05', NULL, NULL),
(831, 1, 12.00, 0, 1, 916, '2013-03-05', NULL, NULL),
(832, 2, 0.00, 0, 2, 462, '2013-03-05', NULL, NULL),
(833, 4, 0.00, 0, 2, 895, '2013-03-05', NULL, NULL),
(834, 2, 0.00, 0, 2, 460, '2013-03-05', NULL, NULL),
(835, 4, 0.00, 0, 2, 893, '2013-03-05', NULL, NULL),
(836, 2, 0.00, 0, 2, 458, '2013-03-05', NULL, NULL),
(837, 4, 0.00, 0, 2, 891, '2013-03-05', NULL, NULL),
(838, 2, 0.00, 0, 2, 456, '2013-03-05', NULL, NULL),
(839, 2, 0.00, 0, 2, 454, '2013-03-05', NULL, NULL),
(840, 4, 0.00, 0, 2, 889, '2013-03-05', NULL, NULL),
(841, 5, 0.00, 0, 1, 24, '2013-03-05', NULL, NULL),
(842, 1, 12.00, 0, 1, 915, '2013-03-05', NULL, NULL),
(843, 1, 12.00, 0, 1, 914, '2013-03-05', NULL, NULL),
(844, 5, 0.00, 0, 1, 23, '2013-03-05', NULL, NULL),
(845, 5, 0.00, 0, 1, 22, '2013-03-05', NULL, NULL),
(846, 5, 0.00, 0, 1, 21, '2013-03-05', NULL, NULL),
(847, 2, 0.00, 0, 1, 453, '2013-03-05', NULL, NULL),
(848, 5, 0.00, 0, 1, 20, '2013-03-05', NULL, NULL),
(849, 4, 0.00, 0, 2, 887, '2013-03-05', NULL, NULL),
(850, 5, 0.00, 0, 1, 19, '2013-03-05', NULL, NULL),
(851, 1, 12.00, 0, 1, 913, '2013-03-05', NULL, NULL),
(852, 2, 0.00, 0, 2, 451, '2013-03-05', NULL, NULL),
(853, 2, 0.00, 0, 2, 449, '2013-03-05', NULL, NULL),
(854, 1, 12.00, 0, 1, 912, '2013-03-05', NULL, NULL),
(855, 2, 0.00, 0, 2, 447, '2013-03-05', NULL, NULL),
(856, 1, 12.00, 0, 1, 911, '2013-03-05', NULL, NULL),
(857, 2, 0.00, 0, 2, 445, '2013-03-05', NULL, NULL),
(858, 4, 0.00, 0, 2, 885, '2013-03-05', NULL, NULL),
(859, 1, 12.00, 0, 1, 910, '2013-03-05', NULL, NULL),
(860, 7, 0.00, 0, 1, 91, '2013-03-05', NULL, NULL),
(861, 6, 11.00, 0, 1, 15, '2013-03-05', NULL, NULL),
(862, 18, 0.00, 0, 1, 2, '2013-03-05', NULL, NULL),
(863, 14, 0.00, 0, 1, 1015, '2013-03-05', NULL, NULL),
(864, 10, 0.00, 0, 1, 0, '2013-03-05', NULL, NULL),
(865, 1, 12.00, 0, 2, 908, '2013-03-05', NULL, NULL),
(866, 5, 0.00, 0, 1, 18, '2013-03-05', NULL, NULL),
(867, 1, 12.00, 0, 1, 907, '2013-03-05', NULL, NULL),
(868, 5, 0.00, 0, 1, 17, '2013-03-05', NULL, NULL),
(869, 4, 0.00, 0, 2, 883, '2013-03-05', NULL, NULL),
(870, 5, 0.00, 0, 1, 16, '2013-03-05', NULL, NULL),
(871, 1, 12.00, 0, 1, 906, '2013-03-05', NULL, NULL),
(872, 5, 0.00, 0, 1, 15, '2013-03-05', NULL, NULL),
(873, 2, 0.00, 0, 1, 444, '2013-03-05', NULL, NULL),
(874, 2, 0.00, 0, 2, 442, '2013-03-05', NULL, NULL),
(875, 1, 12.00, 0, 1, 905, '2013-03-05', NULL, NULL),
(876, 5, 0.00, 0, 2, 13, '2013-03-05', NULL, NULL),
(877, 1, 12.00, 0, 2, 903, '2013-03-05', NULL, NULL),
(878, 4, 0.00, 0, 2, 881, '2013-03-05', NULL, NULL),
(879, 2, 0.00, 0, 2, 440, '2013-03-05', NULL, NULL),
(880, 1, 12.00, 0, 2, 901, '2013-03-05', NULL, NULL),
(881, 7, 0.00, 0, 1, 90, '2013-03-05', NULL, NULL),
(882, 6, 11.00, 0, 1, 14, '2013-03-05', NULL, NULL),
(883, 18, 0.00, 0, 1, 1, '2013-03-05', NULL, NULL),
(884, 5, 0.00, 0, 0, 13, '2013-03-05', NULL, NULL),
(885, 4, 0.00, 0, 1, 880, '2013-03-05', NULL, NULL),
(886, 24, 0.00, 0, 1, 59, '2013-03-05', NULL, NULL),
(887, 24, 0.00, 0, 1, 58, '2013-03-05', NULL, NULL),
(888, 1, 12.00, 0, 1, 900, '2013-03-05', NULL, NULL),
(889, 4, 0.00, 0, 1, 879, '2013-03-05', NULL, NULL),
(890, 2, 0.00, 0, 2, 438, '2013-03-05', NULL, NULL),
(891, 5, 0.00, 0, 1, 12, '2013-03-05', NULL, NULL),
(892, 1, 12.00, 0, 1, 899, '2013-03-05', NULL, NULL),
(893, 4, 0.00, 0, 2, 877, '2013-03-05', NULL, NULL),
(894, 15, 0.00, 0, 1, 983, '2013-03-05', NULL, NULL),
(895, 15, 0.00, 0, 1, 982, '2013-03-05', NULL, NULL),
(896, 15, 0.00, 0, 1, 981, '2013-03-05', NULL, NULL),
(897, 15, 0.00, 0, 1, 980, '2013-03-05', NULL, NULL),
(898, 15, 0.00, 0, 0, 981, '2013-03-05', NULL, NULL),
(899, 44, 0.00, 0, 1, 1, '2013-03-05', NULL, NULL),
(900, 1, 12.00, 0, 2, 897, '2013-03-05', NULL, NULL),
(901, 5, 0.00, 0, 1, 11, '2013-03-05', NULL, NULL),
(902, 2, 0.00, 0, 1, 437, '2013-03-05', NULL, NULL),
(903, 2, 0.00, 0, 2, 435, '2013-03-05', NULL, NULL),
(904, 1, 12.00, 0, 1, 896, '2013-03-05', NULL, NULL),
(905, 5, 0.00, 0, 2, 9, '2013-03-05', NULL, NULL),
(906, 2, 0.00, 0, 2, 433, '2013-03-05', NULL, NULL),
(907, 1, 12.00, 0, 2, 894, '2013-03-05', NULL, NULL),
(908, 2, 0.00, 0, 2, 431, '2013-03-05', NULL, NULL),
(909, 2, 0.00, 0, 2, 429, '2013-03-05', NULL, NULL),
(910, 1, 12.00, 0, 1, 893, '2013-03-05', NULL, NULL),
(911, 1, 12.00, 0, 1, 892, '2013-03-05', NULL, NULL),
(912, 2, 0.00, 0, 2, 427, '2013-03-05', NULL, NULL),
(913, 1, 12.00, 0, 1, 891, '2013-03-05', NULL, NULL),
(914, 2, 0.00, 0, 2, 425, '2013-03-05', NULL, NULL),
(915, 1, 12.00, 0, 1, 890, '2013-03-05', NULL, NULL),
(916, 5, 0.00, 0, 1, 8, '2013-03-05', NULL, NULL),
(917, 2, 0.00, 0, 1, 424, '2013-03-05', NULL, NULL),
(918, 5, 0.00, 0, 0, 9, '2013-03-05', NULL, NULL),
(919, 2, 0.00, 0, 0, 425, '2013-03-05', NULL, NULL),
(920, 7, 0.00, 0, 1, 89, '2013-03-05', NULL, NULL),
(921, 6, 11.00, 0, 1, 13, '2013-03-05', NULL, NULL),
(922, 6, 11.00, 0, 1, 12, '2013-03-05', NULL, NULL),
(923, 18, 0.00, 0, 0, 1, '2013-03-05', NULL, NULL),
(924, 16, 0.00, 0, 1, 14, '2013-03-05', NULL, NULL),
(925, 14, 0.00, 0, 1, 1014, '2013-03-05', NULL, NULL),
(926, 44, 0.00, 0, 1, 0, '2013-03-05', NULL, NULL),
(927, 5, 0.00, 0, 1, 8, '2013-03-05', NULL, NULL),
(928, 5, 0.00, 0, 1, 7, '2013-03-05', NULL, NULL),
(929, 2, 0.00, 0, 1, 424, '2013-03-05', NULL, NULL),
(930, 5, 0.00, 0, 1, 6, '2013-03-05', NULL, NULL),
(931, 2, 0.00, 0, 1, 423, '2013-03-05', NULL, NULL),
(932, 2, 0.00, 0, 2, 421, '2013-03-05', NULL, NULL),
(933, 1, 12.00, 0, 1, 889, '2013-03-05', NULL, NULL),
(934, 1, 12.00, 0, 1, 888, '2013-03-05', NULL, NULL),
(935, 4, 0.00, 0, 1, 876, '2013-03-05', NULL, NULL),
(936, 2, 0.00, 0, 2, 419, '2013-03-05', NULL, NULL),
(937, 5, 0.00, 0, 1, 5, '2013-03-05', NULL, NULL),
(938, 1, 12.00, 0, 1, 887, '2013-03-05', NULL, NULL),
(939, 5, 0.00, 0, 2, 3, '2013-03-05', NULL, NULL),
(940, 2, 0.00, 0, 2, 417, '2013-03-05', NULL, NULL),
(941, 1, 12.00, 0, 2, 885, '2013-03-05', NULL, NULL),
(942, 24, 0.00, 0, 1, 57, '2013-03-05', NULL, NULL),
(943, 24, 0.00, 0, 1, 56, '2013-03-05', NULL, NULL),
(944, 24, 0.00, 0, 1, 55, '2013-03-05', NULL, NULL),
(945, 43, 0.20, 0, 1, 7, '2013-03-05', NULL, NULL),
(946, 16, 0.00, 0, 1, 13, '2013-03-05', NULL, NULL),
(947, 16, 0.00, 0, 1, 12, '2013-03-05', NULL, NULL),
(948, 14, 0.00, 0, 1, 1013, '2013-03-05', NULL, NULL),
(949, 14, 0.00, 0, 1, 1012, '2013-03-05', NULL, NULL),
(950, 5, 0.00, 0, 1, 2, '2013-03-05', NULL, NULL),
(951, 2, 0.00, 0, 1, 416, '2013-03-05', NULL, NULL),
(952, 2, 0.00, 0, 2, 414, '2013-03-05', NULL, NULL),
(953, 1, 12.00, 0, 1, 884, '2013-03-05', NULL, NULL),
(954, 7, 0.00, 0, 1, 88, '2013-03-05', NULL, NULL),
(955, 16, 0.00, 0, 1, 11, '2013-03-05', NULL, NULL),
(956, 14, 0.00, 0, 0, 1012, '2013-03-05', NULL, NULL),
(957, 6, 11.00, 0, 1, 11, '2013-03-05', NULL, NULL),
(958, 7, 0.00, 0, 0, 88, '2013-03-05', NULL, NULL),
(959, 24, 0.00, 0, 1, 54, '2013-03-05', NULL, NULL),
(960, 24, 0.00, 0, 1, 53, '2013-03-05', NULL, NULL),
(961, 5, 0.00, 0, 1, 1, '2013-03-05', NULL, NULL),
(962, 5, 0.00, 0, 0, 1, '2013-03-05', NULL, NULL),
(963, 2, 0.00, 0, 2, 412, '2013-03-05', NULL, NULL),
(964, 1, 12.00, 0, 1, 883, '2013-03-05', NULL, NULL),
(965, 2, 0.00, 0, 1, 411, '2013-03-05', NULL, NULL),
(966, 2, 0.00, 0, 2, 409, '2013-03-05', NULL, NULL),
(967, 1, 12.00, 0, 1, 882, '2013-03-05', NULL, NULL),
(968, 2, 0.00, 0, 2, 407, '2013-03-05', NULL, NULL),
(969, 1, 12.00, 0, 1, 881, '2013-03-05', NULL, NULL),
(970, 1, 12.00, 0, 1, 880, '2013-03-05', NULL, NULL),
(971, 2, 0.00, 0, 2, 405, '2013-03-05', NULL, NULL),
(972, 4, 0.00, 0, 2, 874, '2013-03-05', NULL, NULL),
(973, 4, 0.00, 0, 2, 872, '2013-03-05', NULL, NULL),
(974, 1, 12.00, 0, 1, 879, '2013-03-05', NULL, NULL),
(975, 7, 0.00, 0, 1, 87, '2013-03-05', NULL, NULL),
(976, 43, 0.20, 0, 1, 6, '2013-03-05', NULL, NULL),
(977, 2, 0.00, 0, 1, 404, '2013-03-05', NULL, NULL),
(978, 2, 0.00, 0, 1, 403, '2013-03-05', NULL, NULL),
(979, 1, 12.00, 0, 0, 879, '2013-03-05', NULL, NULL);
INSERT INTO `bodegas` (`id`, `insumo_id`, `preciocompra`, `ingreso`, `salida`, `total`, `fecha`, `lugar`, `observaciones`) VALUES
(980, 2, 0.00, 0, 2, 401, '2013-03-05', NULL, NULL),
(981, 1, 12.00, 0, 1, 878, '2013-03-05', NULL, NULL),
(982, 1, 12.00, 0, 1, 877, '2013-03-05', NULL, NULL),
(983, 4, 0.00, 0, 1, 871, '2013-03-05', NULL, NULL),
(984, 2, 0.00, 0, 2, 399, '2013-03-05', NULL, NULL),
(985, 1, 12.00, 0, 1, 876, '2013-03-05', NULL, NULL),
(986, 2, 0.00, 0, 1, 398, '2013-03-05', NULL, NULL),
(987, 2, 0.00, 0, 1, 397, '2013-03-05', NULL, NULL),
(988, 4, 0.00, 0, 2, 869, '2013-03-05', NULL, NULL),
(989, 1, 12.00, 0, 1, 875, '2013-03-05', NULL, NULL),
(990, 1, 12.00, 0, 1, 874, '2013-03-05', NULL, NULL),
(991, 2, 0.00, 0, 2, 395, '2013-03-05', NULL, NULL),
(992, 1, 12.00, 0, 1, 873, '2013-03-05', NULL, NULL),
(993, 4, 0.00, 0, 1, 868, '2013-03-05', NULL, NULL),
(994, 1, 12.00, 0, 1, 872, '2013-03-05', NULL, NULL),
(995, 4, 0.00, 0, 1, 867, '2013-03-05', NULL, NULL),
(996, 1, 12.00, 0, 1, 871, '2013-03-05', NULL, NULL),
(997, 4, 0.00, 0, 1, 866, '2013-03-05', NULL, NULL),
(998, 1, 12.00, 0, 1, 870, '2013-03-05', NULL, NULL),
(999, 4, 0.00, 0, 1, 865, '2013-03-05', NULL, NULL),
(1000, 1, 12.00, 0, 0, 870, '2013-03-05', NULL, NULL),
(1001, 4, 0.00, 0, 0, 865, '2013-03-05', NULL, NULL),
(1002, 1, 12.00, 0, 2, 868, '2013-03-05', NULL, NULL),
(1003, 1, 12.00, 0, 2, 866, '2013-03-05', NULL, NULL),
(1004, 16, 0.00, 0, 1, 10, '2013-03-05', NULL, NULL),
(1005, 16, 0.00, 0, 1, 9, '2013-03-05', NULL, NULL),
(1006, 15, 0.00, 0, 1, 980, '2013-03-05', NULL, NULL),
(1007, 15, 0.00, 0, 1, 979, '2013-03-05', NULL, NULL),
(1008, 14, 0.00, 0, 0, 1013, '2013-03-05', NULL, NULL),
(1009, 24, 0.00, 0, 1, 52, '2013-03-05', NULL, NULL),
(1010, 24, 0.00, 0, 0, 52, '2013-03-05', NULL, NULL),
(1011, 24, 0.00, 0, 1, 51, '2013-03-05', NULL, NULL),
(1012, 24, 0.00, 0, 1, 50, '2013-03-05', NULL, NULL),
(1013, 24, 0.00, 0, 1, 49, '2013-03-05', NULL, NULL),
(1014, 1, 12.00, 0, 2, 864, '2013-03-05', NULL, NULL),
(1015, 43, 0.20, 0, 1, 5, '2013-03-05', NULL, NULL),
(1016, 1, 12.00, 0, 1, 863, '2013-03-05', NULL, NULL),
(1017, 4, 0.00, 0, 1, 864, '2013-03-05', NULL, NULL),
(1018, 1, 12.00, 0, 1, 862, '2013-03-05', NULL, NULL),
(1019, 4, 0.00, 0, 1, 863, '2013-03-05', NULL, NULL),
(1020, 4, 0.00, 0, 2, 861, '2013-03-05', NULL, NULL),
(1021, 1, 12.00, 0, 1, 861, '2013-03-05', NULL, NULL),
(1022, 2, 0.00, 0, 2, 393, '2013-03-05', NULL, NULL),
(1023, 4, 0.00, 0, 2, 859, '2013-03-05', NULL, NULL),
(1024, 2, 0.00, 0, 2, 391, '2013-03-05', NULL, NULL),
(1025, 4, 0.00, 0, 2, 857, '2013-03-05', NULL, NULL),
(1026, 1, 12.00, 0, 1, 860, '2013-03-05', NULL, NULL),
(1027, 2, 0.00, 0, 2, 389, '2013-03-05', NULL, NULL),
(1028, 4, 0.00, 0, 2, 855, '2013-03-05', NULL, NULL),
(1029, 2, 0.00, 0, 1, 388, '2013-03-05', NULL, NULL),
(1030, 2, 0.00, 0, 2, 386, '2013-03-05', NULL, NULL),
(1031, 1, 12.00, 0, 1, 859, '2013-03-05', NULL, NULL),
(1032, 1, 12.00, 0, 2, 857, '2013-03-05', NULL, NULL),
(1033, 2, 0.00, 0, 2, 384, '2013-03-05', NULL, NULL),
(1034, 1, 12.00, 0, 2, 855, '2013-03-05', NULL, NULL),
(1035, 16, 0.00, 0, 1, 8, '2013-03-05', NULL, NULL),
(1036, 16, 0.00, 0, 1, 7, '2013-03-05', NULL, NULL),
(1037, 16, 0.00, 0, 0, 7, '2013-03-05', NULL, NULL),
(1038, 15, 0.00, 0, 1, 978, '2013-03-05', NULL, NULL),
(1039, 1, 12.00, 0, 2, 853, '2013-03-05', NULL, NULL),
(1040, 1, 12.00, 0, 2, 851, '2013-03-05', NULL, NULL),
(1041, 24, 0.00, 0, 1, 48, '2013-03-05', NULL, NULL),
(1042, 24, 0.00, 0, 1, 47, '2013-03-05', NULL, NULL),
(1043, 24, 0.00, 0, 0, 49, '2013-03-05', NULL, NULL),
(1044, 43, 0.20, 0, 1, 4, '2013-03-05', NULL, NULL),
(1045, 43, 0.20, 0, 1, 3, '2013-03-05', NULL, NULL),
(1046, 6, 11.00, 0, 1, 10, '2013-03-05', NULL, NULL),
(1047, 6, 11.00, 0, 0, 11, '2013-03-05', NULL, NULL),
(1048, 7, 0.00, 0, 1, 86, '2013-03-05', NULL, NULL),
(1049, 1, 12.00, 0, 0, 859, '2013-03-05', NULL, NULL),
(1050, 4, 0.00, 0, 0, 862, '2013-03-05', NULL, NULL),
(1051, 16, 0.00, 0, 1, 6, '2013-03-05', NULL, NULL),
(1052, 16, 0.00, 0, 1, 5, '2013-03-05', NULL, NULL),
(1053, 16, 0.00, 0, 1, 4, '2013-03-05', NULL, NULL),
(1054, 16, 0.00, 0, 0, 5, '2013-03-05', NULL, NULL),
(1055, 16, 0.00, 0, 1, 4, '2013-03-05', NULL, NULL),
(1056, 16, 0.00, 0, 0, 4, '2013-03-05', NULL, NULL),
(1057, 16, 0.00, 0, 0, 4, '2013-03-05', NULL, NULL),
(1058, 16, 0.00, 0, 0, 7, '2013-03-05', NULL, NULL),
(1059, 1, 12.00, 0, 1, 858, '2013-03-05', NULL, NULL),
(1060, 4, 0.00, 0, 1, 861, '2013-03-05', NULL, NULL),
(1061, 1, 12.00, 0, 1, 857, '2013-03-05', NULL, NULL),
(1062, 4, 0.00, 0, 1, 860, '2013-03-05', NULL, NULL),
(1063, 2, 0.00, 0, 2, 382, '2013-03-05', NULL, NULL),
(1064, 1, 12.00, 0, 1, 856, '2013-03-05', NULL, NULL),
(1065, 2, 0.00, 0, 2, 380, '2013-03-05', NULL, NULL),
(1066, 1, 12.00, 0, 1, 855, '2013-03-05', NULL, NULL),
(1067, 2, 0.00, 0, 2, 378, '2013-03-05', NULL, NULL),
(1068, 4, 0.00, 0, 2, 858, '2013-03-05', NULL, NULL),
(1069, 2, 0.00, 0, 2, 376, '2013-03-05', NULL, NULL),
(1070, 4, 0.00, 0, 2, 856, '2013-03-05', NULL, NULL),
(1071, 2, 0.00, 0, 2, 374, '2013-03-05', NULL, NULL),
(1072, 4, 0.00, 0, 2, 854, '2013-03-05', NULL, NULL),
(1073, 2, 0.00, 0, 2, 372, '2013-03-05', NULL, NULL),
(1074, 4, 0.00, 0, 1, 853, '2013-03-05', NULL, NULL),
(1075, 1, 12.00, 0, 2, 853, '2013-03-05', NULL, NULL),
(1076, 2, 0.00, 0, 2, 370, '2013-03-05', NULL, NULL),
(1077, 1, 12.00, 0, 0, 855, '2013-03-05', NULL, NULL),
(1078, 24, 0.00, 0, 1, 48, '2013-03-05', NULL, NULL),
(1079, 24, 0.00, 0, 0, 49, '2013-03-05', NULL, NULL),
(1080, 43, 0.20, 0, 1, 2, '2013-03-05', NULL, NULL),
(1081, 43, 0.20, 0, 0, 5, '2013-03-05', NULL, NULL),
(1082, 7, 0.00, 0, 0, 86, '2013-03-05', NULL, NULL),
(1083, 16, 0.00, 0, 1, 6, '2013-03-05', NULL, NULL),
(1084, 16, 0.00, 0, 1, 5, '2013-03-05', NULL, NULL),
(1085, 16, 0.00, 0, 1, 4, '2013-03-05', NULL, NULL),
(1086, 16, 0.00, 0, 1, 3, '2013-03-05', NULL, NULL),
(1087, 16, 0.00, 0, 1, 2, '2013-03-05', NULL, NULL),
(1088, 16, 0.00, 0, 1, 1, '2013-03-05', NULL, NULL),
(1089, 16, 0.00, 0, 0, 11, '2013-03-05', NULL, NULL),
(1090, 1, 12.00, 0, 1, 854, '2013-03-05', NULL, NULL),
(1091, 4, 0.00, 0, 1, 852, '2013-03-05', NULL, NULL),
(1092, 15, 0.00, 0, 0, 982, '2013-03-05', NULL, NULL),
(1093, 1, 12.00, 0, 1, 853, '2013-03-05', NULL, NULL),
(1094, 4, 0.00, 0, 1, 851, '2013-03-05', NULL, NULL),
(1095, 2, 0.00, 0, 0, 373, '2013-03-05', NULL, NULL),
(1096, 4, 0.00, 0, 0, 857, '2013-03-05', NULL, NULL),
(1097, 1, 12.00, 0, 0, 864, '2013-03-05', NULL, NULL),
(1098, 15, 0.00, 0, 0, 982, '2013-03-05', NULL, NULL),
(1099, 15, 0.00, 0, 1, 981, '2013-03-05', NULL, NULL),
(1100, 15, 0.00, 0, 0, 983, '2013-03-05', NULL, NULL),
(1101, 4, 0.00, 0, 2, 855, '2013-03-05', NULL, NULL),
(1102, 1, 12.00, 0, 1, 863, '2013-03-05', NULL, NULL),
(1103, 2, 0.00, 0, 2, 371, '2013-03-05', NULL, NULL),
(1104, 1, 12.00, 0, 1, 862, '2013-03-05', NULL, NULL),
(1105, 4, 0.00, 0, 1, 854, '2013-03-05', NULL, NULL),
(1106, 1, 12.00, 0, 1, 861, '2013-03-05', NULL, NULL),
(1107, 2, 0.00, 0, 2, 369, '2013-03-05', NULL, NULL),
(1108, 4, 0.00, 0, 2, 852, '2013-03-05', NULL, NULL),
(1109, 1, 12.00, 0, 1, 860, '2013-03-05', NULL, NULL),
(1110, 1, 12.00, 0, 1, 859, '2013-03-05', NULL, NULL),
(1111, 4, 0.00, 0, 1, 851, '2013-03-05', NULL, NULL),
(1112, 1, 12.00, 0, 1, 858, '2013-03-05', NULL, NULL),
(1113, 4, 0.00, 0, 1, 850, '2013-03-05', NULL, NULL),
(1114, 1, 12.00, 0, 1, 857, '2013-03-05', NULL, NULL),
(1115, 4, 0.00, 0, 1, 849, '2013-03-05', NULL, NULL),
(1116, 1, 12.00, 0, 1, 856, '2013-03-05', NULL, NULL),
(1117, 4, 0.00, 0, 1, 848, '2013-03-05', NULL, NULL),
(1118, 1, 12.00, 0, 1, 855, '2013-03-05', NULL, NULL),
(1119, 4, 0.00, 0, 1, 847, '2013-03-05', NULL, NULL),
(1120, 1, 12.00, 0, 1, 854, '2013-03-05', NULL, NULL),
(1121, 4, 0.00, 0, 1, 846, '2013-03-05', NULL, NULL),
(1122, 2, 0.00, 0, 2, 367, '2013-03-05', NULL, NULL),
(1123, 4, 0.00, 0, 2, 844, '2013-03-05', NULL, NULL),
(1124, 2, 0.00, 0, 2, 365, '2013-03-05', NULL, NULL),
(1125, 4, 0.00, 0, 2, 842, '2013-03-05', NULL, NULL),
(1126, 2, 0.00, 0, 2, 363, '2013-03-05', NULL, NULL),
(1127, 4, 0.00, 0, 2, 840, '2013-03-05', NULL, NULL),
(1128, 2, 0.00, 0, 2, 361, '2013-03-05', NULL, NULL),
(1129, 4, 0.00, 0, 2, 838, '2013-03-05', NULL, NULL),
(1130, 2, 0.00, 0, 2, 359, '2013-03-05', NULL, NULL),
(1131, 4, 0.00, 0, 2, 836, '2013-03-05', NULL, NULL),
(1132, 2, 0.00, 0, 2, 357, '2013-03-05', NULL, NULL),
(1133, 4, 0.00, 0, 2, 834, '2013-03-05', NULL, NULL),
(1134, 2, 0.00, 0, 2, 355, '2013-03-05', NULL, NULL),
(1135, 1, 12.00, 0, 1, 853, '2013-03-05', NULL, NULL),
(1136, 2, 0.00, 0, 2, 353, '2013-03-05', NULL, NULL),
(1137, 1, 12.00, 0, 1, 852, '2013-03-05', NULL, NULL),
(1138, 2, 0.00, 0, 2, 351, '2013-03-05', NULL, NULL),
(1139, 1, 12.00, 0, 1, 851, '2013-03-05', NULL, NULL),
(1140, 2, 0.00, 0, 2, 349, '2013-03-05', NULL, NULL),
(1141, 1, 12.00, 0, 1, 850, '2013-03-05', NULL, NULL),
(1142, 2, 0.00, 0, 2, 347, '2013-03-05', NULL, NULL),
(1143, 1, 12.00, 0, 1, 849, '2013-03-05', NULL, NULL),
(1144, 2, 0.00, 0, 2, 345, '2013-03-05', NULL, NULL),
(1145, 1, 12.00, 0, 1, 848, '2013-03-05', NULL, NULL),
(1146, 1, 12.00, 0, 1, 847, '2013-03-05', NULL, NULL),
(1147, 1, 12.00, 0, 1, 846, '2013-03-05', NULL, NULL),
(1148, 1, 12.00, 0, 1, 845, '2013-03-05', NULL, NULL),
(1149, 1, 12.00, 0, 1, 844, '2013-03-05', NULL, NULL),
(1150, 4, 0.00, 0, 2, 832, '2013-03-05', NULL, NULL),
(1151, 4, 0.00, 0, 2, 830, '2013-03-05', NULL, NULL),
(1152, 4, 0.00, 0, 2, 828, '2013-03-05', NULL, NULL),
(1153, 4, 0.00, 0, 2, 826, '2013-03-05', NULL, NULL),
(1154, 2, 0.00, 0, 2, 343, '2013-03-05', NULL, NULL),
(1155, 1, 12.00, 0, 1, 843, '2013-03-05', NULL, NULL),
(1156, 1, 12.00, 0, 1, 842, '2013-03-05', NULL, NULL),
(1157, 4, 0.00, 0, 2, 824, '2013-03-05', NULL, NULL),
(1158, 1, 12.00, 0, 1, 841, '2013-03-05', NULL, NULL),
(1159, 4, 0.00, 0, 1, 823, '2013-03-05', NULL, NULL),
(1160, 24, 0.00, 0, 1, 48, '2013-03-05', NULL, NULL),
(1161, 24, 0.00, 0, 1, 47, '2013-03-05', NULL, NULL),
(1162, 24, 0.00, 0, 1, 46, '2013-03-05', NULL, NULL),
(1163, 24, 0.00, 0, 1, 45, '2013-03-05', NULL, NULL),
(1164, 24, 0.00, 0, 1, 44, '2013-03-05', NULL, NULL),
(1165, 24, 0.00, 0, 0, 53, '2013-03-05', NULL, NULL),
(1166, 2, 0.00, 0, 1, 342, '2013-03-05', NULL, NULL),
(1167, 1, 12.00, 0, 2, 839, '2013-03-05', NULL, NULL),
(1168, 1, 12.00, 0, 2, 837, '2013-03-05', NULL, NULL),
(1169, 4, 0.00, 0, 2, 821, '2013-03-05', NULL, NULL),
(1170, 16, 0.00, 0, 1, 10, '2013-03-05', NULL, NULL),
(1171, 16, 0.00, 0, 1, 9, '2013-03-05', NULL, NULL),
(1172, 16, 0.00, 0, 1, 8, '2013-03-05', NULL, NULL),
(1173, 16, 0.00, 0, 1, 7, '2013-03-05', NULL, NULL),
(1174, 16, 0.00, 0, 1, 6, '2013-03-05', NULL, NULL),
(1175, 16, 0.00, 0, 1, 5, '2013-03-05', NULL, NULL),
(1176, 15, 0.00, 0, 1, 982, '2013-03-05', NULL, NULL),
(1177, 14, 0.00, 0, 1, 1012, '2013-03-05', NULL, NULL),
(1178, 14, 0.00, 0, 1, 1011, '2013-03-05', NULL, NULL),
(1179, 15, 0.00, 0, 1, 981, '2013-03-05', NULL, NULL),
(1180, 15, 0.00, 0, 1, 980, '2013-03-05', NULL, NULL),
(1181, 1, 12.00, 0, 2, 835, '2013-03-05', NULL, NULL),
(1182, 1, 12.00, 0, 2, 833, '2013-03-05', NULL, NULL),
(1183, 1, 12.00, 0, 1, 832, '2013-03-05', NULL, NULL),
(1184, 43, 0.20, 0, 1, 4, '2013-03-05', NULL, NULL),
(1185, 43, 0.20, 0, 1, 3, '2013-03-05', NULL, NULL),
(1186, 43, 0.20, 0, 1, 2, '2013-03-05', NULL, NULL),
(1187, 43, 0.20, 0, 1, 1, '2013-03-05', NULL, NULL),
(1188, 43, 0.20, 0, 0, 10, '2013-03-05', NULL, NULL),
(1189, 15, 0.00, 0, 0, 980, '2013-03-05', NULL, NULL),
(1190, 15, 0.00, 0, 1, 979, '2013-03-05', NULL, NULL),
(1191, 15, 0.00, 0, 1, 978, '2013-03-05', NULL, NULL),
(1192, 4, 0.00, 0, 2, 819, '2013-03-05', NULL, NULL),
(1193, 1, 12.00, 0, 1, 831, '2013-03-05', NULL, NULL),
(1194, 1, 12.00, 0, 1, 830, '2013-03-05', NULL, NULL),
(1195, 4, 0.00, 0, 1, 818, '2013-03-05', NULL, NULL),
(1196, 1, 12.00, 0, 1, 829, '2013-03-05', NULL, NULL),
(1197, 4, 0.00, 0, 1, 817, '2013-03-05', NULL, NULL),
(1198, 1, 12.00, 0, 0, 830, '2013-03-05', NULL, NULL),
(1199, 4, 0.00, 0, 0, 818, '2013-03-05', NULL, NULL),
(1200, 2, 0.00, 0, 2, 340, '2013-03-05', NULL, NULL),
(1201, 4, 0.00, 0, 2, 816, '2013-03-05', NULL, NULL),
(1202, 2, 0.00, 0, 2, 338, '2013-03-05', NULL, NULL),
(1203, 4, 0.00, 0, 2, 814, '2013-03-05', NULL, NULL),
(1204, 4, 0.00, 0, 2, 812, '2013-03-05', NULL, NULL),
(1205, 1, 12.00, 0, 1, 829, '2013-03-05', NULL, NULL),
(1206, 4, 0.00, 0, 1, 811, '2013-03-05', NULL, NULL),
(1207, 1, 12.00, 0, 1, 828, '2013-03-05', NULL, NULL),
(1208, 4, 0.00, 0, 1, 810, '2013-03-05', NULL, NULL),
(1209, 2, 0.00, 0, 1, 337, '2013-03-05', NULL, NULL),
(1210, 2, 0.00, 0, 2, 335, '2013-03-05', NULL, NULL),
(1211, 1, 12.00, 0, 1, 827, '2013-03-05', NULL, NULL),
(1212, 2, 0.00, 0, 1, 334, '2013-03-05', NULL, NULL),
(1213, 2, 0.00, 0, 2, 332, '2013-03-05', NULL, NULL),
(1214, 1, 12.00, 0, 2, 825, '2013-03-05', NULL, NULL),
(1215, 2, 0.00, 0, 2, 330, '2013-03-05', NULL, NULL),
(1216, 1, 12.00, 0, 2, 823, '2013-03-05', NULL, NULL),
(1217, 2, 0.00, 0, 2, 328, '2013-03-05', NULL, NULL),
(1218, 1, 12.00, 0, 2, 821, '2013-03-05', NULL, NULL),
(1219, 6, 11.00, 0, 1, 10, '2013-03-05', NULL, NULL),
(1220, 6, 11.00, 0, 1, 9, '2013-03-05', NULL, NULL),
(1221, 7, 0.00, 0, 1, 85, '2013-03-05', NULL, NULL),
(1222, 14, 0.00, 0, 1, 1010, '2013-03-05', NULL, NULL),
(1223, 15, 0.00, 0, 1, 977, '2013-03-05', NULL, NULL),
(1224, 43, 0.20, 0, 1, 9, '2013-03-05', NULL, NULL),
(1225, 1, 12.00, 0, 1, 820, '2013-03-05', NULL, NULL),
(1226, 4, 0.00, 0, 1, 809, '2013-03-05', NULL, NULL),
(1227, 1, 12.00, 0, 1, 819, '2013-03-05', NULL, NULL),
(1228, 4, 0.00, 0, 1, 808, '2013-03-05', NULL, NULL),
(1229, 2, 0.00, 0, 2, 326, '2013-03-05', NULL, NULL),
(1230, 4, 0.00, 0, 2, 806, '2013-03-05', NULL, NULL),
(1231, 4, 0.00, 0, 2, 804, '2013-03-05', NULL, NULL),
(1232, 1, 12.00, 0, 1, 818, '2013-03-05', NULL, NULL),
(1233, 1, 12.00, 0, 1, 817, '2013-03-05', NULL, NULL),
(1234, 1, 12.00, 0, 1, 816, '2013-03-05', NULL, NULL),
(1235, 4, 0.00, 0, 2, 802, '2013-03-05', NULL, NULL),
(1236, 1, 12.00, 0, 1, 815, '2013-03-05', NULL, NULL),
(1237, 4, 0.00, 0, 2, 800, '2013-03-05', NULL, NULL),
(1238, 1, 12.00, 0, 1, 814, '2013-03-05', NULL, NULL),
(1239, 24, 0.00, 0, 1, 52, '2013-03-05', NULL, NULL),
(1240, 43, 0.20, 0, 1, 8, '2013-03-05', NULL, NULL),
(1241, 1, 12.00, 0, 1, 813, '2013-03-05', NULL, NULL),
(1242, 4, 0.00, 0, 2, 798, '2013-03-05', NULL, NULL),
(1243, 1, 12.00, 0, 1, 812, '2013-03-05', NULL, NULL),
(1244, 4, 0.00, 0, 1, 797, '2013-03-05', NULL, NULL),
(1245, 2, 0.00, 0, 2, 324, '2013-03-05', NULL, NULL),
(1246, 4, 0.00, 0, 2, 795, '2013-03-05', NULL, NULL),
(1247, 1, 12.00, 0, 1, 811, '2013-03-05', NULL, NULL),
(1248, 1, 12.00, 0, 1, 810, '2013-03-05', NULL, NULL),
(1249, 1, 12.00, 0, 2, 808, '2013-03-05', NULL, NULL),
(1250, 2, 0.00, 0, 1, 323, '2013-03-05', NULL, NULL),
(1251, 2, 0.00, 0, 1, 322, '2013-03-05', NULL, NULL),
(1252, 2, 0.00, 0, 2, 320, '2013-03-05', NULL, NULL),
(1253, 4, 0.00, 0, 2, 793, '2013-03-05', NULL, NULL),
(1254, 2, 0.00, 0, 2, 318, '2013-03-05', NULL, NULL),
(1255, 1, 12.00, 0, 1, 807, '2013-03-05', NULL, NULL),
(1256, 1, 12.00, 0, 1, 806, '2013-03-05', NULL, NULL),
(1257, 4, 0.00, 0, 2, 791, '2013-03-05', NULL, NULL),
(1258, 1, 12.00, 0, 1, 805, '2013-03-05', NULL, NULL),
(1259, 4, 0.00, 0, 1, 790, '2013-03-05', NULL, NULL),
(1260, 2, 0.00, 0, 2, 316, '2013-03-05', NULL, NULL),
(1261, 1, 12.00, 0, 1, 804, '2013-03-05', NULL, NULL),
(1262, 4, 0.00, 0, 1, 789, '2013-03-05', NULL, NULL),
(1263, 4, 0.00, 0, 2, 787, '2013-03-05', NULL, NULL),
(1264, 2, 0.00, 0, 2, 314, '2013-03-05', NULL, NULL),
(1265, 4, 0.00, 0, 2, 785, '2013-03-05', NULL, NULL),
(1266, 1, 12.00, 0, 1, 803, '2013-03-05', NULL, NULL),
(1267, 2, 0.00, 0, 1, 313, '2013-03-05', NULL, NULL),
(1268, 4, 0.00, 0, 2, 783, '2013-03-05', NULL, NULL),
(1269, 1, 12.00, 0, 1, 802, '2013-03-05', NULL, NULL),
(1270, 4, 0.00, 0, 1, 782, '2013-03-05', NULL, NULL),
(1271, 2, 0.00, 0, 2, 311, '2013-03-05', NULL, NULL),
(1272, 2, 0.00, 0, 2, 309, '2013-03-05', NULL, NULL),
(1273, 4, 0.00, 0, 2, 780, '2013-03-05', NULL, NULL),
(1274, 1, 12.00, 0, 1, 801, '2013-03-05', NULL, NULL),
(1275, 4, 0.00, 0, 2, 778, '2013-03-05', NULL, NULL),
(1276, 1, 12.00, 0, 1, 800, '2013-03-05', NULL, NULL),
(1277, 2, 0.00, 0, 1, 308, '2013-03-05', NULL, NULL),
(1278, 2, 0.00, 0, 2, 306, '2013-03-05', NULL, NULL),
(1279, 1, 12.00, 0, 1, 799, '2013-03-05', NULL, NULL),
(1280, 1, 12.00, 0, 1, 798, '2013-03-05', NULL, NULL),
(1281, 1, 12.00, 0, 1, 797, '2013-03-05', NULL, NULL),
(1282, 2, 0.00, 0, 2, 304, '2013-03-05', NULL, NULL),
(1283, 1, 12.00, 0, 1, 796, '2013-03-05', NULL, NULL),
(1284, 4, 0.00, 0, 1, 777, '2013-03-05', NULL, NULL),
(1285, 7, 0.00, 0, 1, 84, '2013-03-05', NULL, NULL),
(1286, 7, 0.00, 0, 1, 83, '2013-03-05', NULL, NULL),
(1287, 6, 11.00, 0, 1, 8, '2013-03-05', NULL, NULL),
(1288, 6, 11.00, 0, 1, 7, '2013-03-05', NULL, NULL),
(1289, 2, 0.00, 0, 2, 302, '2013-03-05', NULL, NULL),
(1290, 4, 0.00, 0, 2, 775, '2013-03-05', NULL, NULL),
(1291, 2, 0.00, 0, 2, 300, '2013-03-05', NULL, NULL),
(1292, 4, 0.00, 0, 2, 773, '2013-03-05', NULL, NULL),
(1293, 2, 0.00, 0, 1, 299, '2013-03-05', NULL, NULL),
(1294, 4, 0.00, 0, 2, 771, '2013-03-05', NULL, NULL),
(1295, 1, 12.00, 0, 1, 795, '2013-03-05', NULL, NULL),
(1296, 1, 12.00, 0, 1, 794, '2013-03-05', NULL, NULL),
(1297, 4, 0.00, 0, 1, 770, '2013-03-05', NULL, NULL),
(1298, 1, 12.00, 0, 1, 793, '2013-03-05', NULL, NULL),
(1299, 4, 0.00, 0, 1, 769, '2013-03-05', NULL, NULL),
(1300, 1, 12.00, 0, 1, 792, '2013-03-05', NULL, NULL),
(1301, 4, 0.00, 0, 1, 768, '2013-03-05', NULL, NULL),
(1302, 1, 12.00, 0, 1, 791, '2013-03-05', NULL, NULL),
(1303, 4, 0.00, 0, 1, 767, '2013-03-05', NULL, NULL),
(1304, 4, 0.00, 0, 2, 765, '2013-03-05', NULL, NULL),
(1305, 1, 12.00, 0, 1, 790, '2013-03-05', NULL, NULL),
(1306, 2, 0.00, 0, 2, 297, '2013-03-05', NULL, NULL),
(1307, 2, 0.00, 0, 2, 295, '2013-03-05', NULL, NULL),
(1308, 1, 12.00, 0, 1, 789, '2013-03-05', NULL, NULL),
(1309, 2, 0.00, 0, 2, 293, '2013-03-05', NULL, NULL),
(1310, 4, 0.00, 0, 2, 763, '2013-03-05', NULL, NULL),
(1311, 16, 0.00, 0, 1, 4, '2013-03-05', NULL, NULL),
(1312, 16, 0.00, 0, 1, 3, '2013-03-05', NULL, NULL),
(1313, 16, 0.00, 0, 1, 2, '2013-03-05', NULL, NULL),
(1314, 43, 0.20, 0, 1, 7, '2013-03-05', NULL, NULL),
(1315, 43, 0.20, 0, 1, 6, '2013-03-05', NULL, NULL),
(1316, 43, 0.20, 0, 1, 5, '2013-03-05', NULL, NULL),
(1317, 2, 0.00, 0, 2, 291, '2013-03-05', NULL, NULL),
(1318, 1, 12.00, 0, 2, 787, '2013-03-05', NULL, NULL),
(1319, 1, 12.00, 0, 2, 785, '2013-03-05', NULL, NULL),
(1320, 4, 0.00, 0, 2, 761, '2013-03-05', NULL, NULL),
(1321, 2, 0.00, 0, 2, 289, '2013-03-05', NULL, NULL),
(1322, 1, 12.00, 0, 2, 783, '2013-03-05', NULL, NULL),
(1323, 2, 0.00, 0, 2, 287, '2013-03-05', NULL, NULL),
(1324, 1, 12.00, 0, 2, 781, '2013-03-05', NULL, NULL),
(1325, 2, 0.00, 0, 2, 285, '2013-03-05', NULL, NULL),
(1326, 1, 12.00, 0, 2, 779, '2013-03-05', NULL, NULL),
(1327, 4, 0.00, 0, 2, 759, '2013-03-05', NULL, NULL),
(1328, 4, 0.00, 0, 2, 757, '2013-03-05', NULL, NULL),
(1329, 1, 12.00, 0, 2, 777, '2013-03-05', NULL, NULL),
(1330, 16, 0.00, 0, 1, 1, '2013-03-05', NULL, NULL),
(1331, 16, 0.00, 0, 1, 0, '2013-03-05', NULL, NULL),
(1332, 4, 0.00, 0, 2, 755, '2013-03-05', NULL, NULL),
(1333, 4, 0.00, 0, 2, 753, '2013-03-05', NULL, NULL),
(1334, 1, 12.00, 0, 1, 776, '2013-03-05', NULL, NULL),
(1335, 1, 12.00, 0, 1, 775, '2013-03-05', NULL, NULL),
(1336, 4, 0.00, 0, 1, 752, '2013-03-05', NULL, NULL),
(1337, 2, 0.00, 0, 2, 283, '2013-03-05', NULL, NULL),
(1338, 1, 12.00, 0, 1, 774, '2013-03-05', NULL, NULL),
(1339, 2, 0.00, 0, 2, 281, '2013-03-05', NULL, NULL),
(1340, 1, 12.00, 0, 1, 773, '2013-03-05', NULL, NULL),
(1341, 14, 0.00, 0, 1, 1009, '2013-03-05', NULL, NULL),
(1342, 14, 0.00, 0, 1, 1008, '2013-03-05', NULL, NULL),
(1343, 14, 0.00, 0, 1, 1007, '2013-03-05', NULL, NULL),
(1344, 14, 0.00, 0, 1, 1006, '2013-03-05', NULL, NULL),
(1345, 4, 0.00, 0, 2, 750, '2013-03-05', NULL, NULL),
(1346, 2, 0.00, 0, 1, 280, '2013-03-05', NULL, NULL),
(1347, 1, 12.00, 0, 1, 772, '2013-03-05', NULL, NULL),
(1348, 2, 0.00, 0, 2, 278, '2013-03-05', NULL, NULL),
(1349, 1, 12.00, 0, 1, 771, '2013-03-05', NULL, NULL),
(1350, 4, 0.00, 0, 1, 749, '2013-03-05', NULL, NULL),
(1351, 1, 12.00, 0, 1, 770, '2013-03-05', NULL, NULL),
(1352, 4, 0.00, 0, 1, 748, '2013-03-05', NULL, NULL),
(1353, 1, 12.00, 0, 1, 769, '2013-03-05', NULL, NULL),
(1354, 4, 0.00, 0, 1, 747, '2013-03-05', NULL, NULL),
(1355, 1, 12.00, 0, 1, 768, '2013-03-05', NULL, NULL),
(1356, 4, 0.00, 0, 1, 746, '2013-03-05', NULL, NULL),
(1357, 7, 0.00, 0, 1, 82, '2013-03-05', NULL, NULL),
(1358, 7, 0.00, 0, 1, 81, '2013-03-05', NULL, NULL),
(1359, 7, 0.00, 0, 0, 81, '2013-03-05', NULL, NULL),
(1360, 2, 0.00, 0, 2, 276, '2013-03-05', NULL, NULL),
(1361, 1, 12.00, 0, 1, 767, '2013-03-05', NULL, NULL),
(1362, 15, 0.00, 0, 1, 976, '2013-03-05', NULL, NULL),
(1363, 15, 0.00, 0, 1, 975, '2013-03-05', NULL, NULL),
(1364, 1, 12.00, 0, 1, 766, '2013-03-05', NULL, NULL),
(1365, 4, 0.00, 0, 1, 745, '2013-03-05', NULL, NULL),
(1366, 2, 0.00, 0, 1, 275, '2013-03-05', NULL, NULL),
(1367, 1, 12.00, 0, 1, 765, '2013-03-05', NULL, NULL),
(1368, 1, 12.00, 0, 1, 764, '2013-03-05', NULL, NULL),
(1369, 4, 0.00, 0, 1, 744, '2013-03-05', NULL, NULL),
(1370, 1, 12.00, 0, 1, 763, '2013-03-05', NULL, NULL),
(1371, 2, 0.00, 0, 2, 273, '2013-03-05', NULL, NULL),
(1372, 4, 0.00, 0, 2, 742, '2013-03-05', NULL, NULL),
(1373, 2, 0.00, 0, 2, 271, '2013-03-05', NULL, NULL),
(1374, 15, 0.00, 0, 1, 974, '2013-03-05', NULL, NULL),
(1375, 14, 0.00, 0, 1, 1005, '2013-03-05', NULL, NULL),
(1376, 15, 0.00, 0, 1, 973, '2013-03-05', NULL, NULL),
(1377, 43, 0.20, 0, 1, 4, '2013-03-05', NULL, NULL),
(1378, 43, 0.20, 0, 1, 3, '2013-03-05', NULL, NULL),
(1379, 24, 0.00, 0, 1, 51, '2013-03-05', NULL, NULL),
(1380, 24, 0.00, 0, 0, 51, '2013-03-05', NULL, NULL),
(1381, 1, 12.00, 0, 1, 762, '2013-03-05', NULL, NULL),
(1382, 4, 0.00, 0, 1, 741, '2013-03-05', NULL, NULL),
(1383, 1, 12.00, 0, 0, 762, '2013-03-05', NULL, NULL),
(1384, 4, 0.00, 0, 0, 741, '2013-03-05', NULL, NULL),
(1385, 1, 12.00, 0, 1, 761, '2013-03-05', NULL, NULL),
(1386, 4, 0.00, 0, 1, 740, '2013-03-05', NULL, NULL),
(1387, 1, 12.00, 0, 1, 760, '2013-03-05', NULL, NULL),
(1388, 4, 0.00, 0, 1, 739, '2013-03-05', NULL, NULL),
(1389, 1, 12.00, 0, 1, 759, '2013-03-05', NULL, NULL),
(1390, 4, 0.00, 0, 1, 738, '2013-03-05', NULL, NULL),
(1391, 1, 12.00, 0, 1, 758, '2013-03-05', NULL, NULL),
(1392, 4, 0.00, 0, 1, 737, '2013-03-05', NULL, NULL),
(1393, 1, 12.00, 0, 1, 757, '2013-03-05', NULL, NULL),
(1394, 4, 0.00, 0, 1, 736, '2013-03-05', NULL, NULL),
(1395, 1, 12.00, 0, 1, 756, '2013-03-05', NULL, NULL),
(1396, 4, 0.00, 0, 1, 735, '2013-03-05', NULL, NULL),
(1397, 1, 12.00, 0, 1, 755, '2013-03-05', NULL, NULL),
(1398, 4, 0.00, 0, 1, 734, '2013-03-05', NULL, NULL),
(1399, 1, 12.00, 0, 1, 754, '2013-03-05', NULL, NULL),
(1400, 4, 0.00, 0, 1, 733, '2013-03-05', NULL, NULL),
(1401, 1, 12.00, 0, 1, 753, '2013-03-05', NULL, NULL),
(1402, 4, 0.00, 0, 1, 732, '2013-03-05', NULL, NULL),
(1403, 1, 12.00, 0, 1, 752, '2013-03-05', NULL, NULL),
(1404, 4, 0.00, 0, 1, 731, '2013-03-05', NULL, NULL),
(1405, 1, 12.00, 0, 1, 751, '2013-03-05', NULL, NULL),
(1406, 4, 0.00, 0, 1, 730, '2013-03-05', NULL, NULL),
(1407, 2, 0.00, 0, 2, 269, '2013-03-05', NULL, NULL),
(1408, 2, 0.00, 0, 2, 267, '2013-03-05', NULL, NULL),
(1409, 1, 12.00, 0, 1, 750, '2013-03-05', NULL, NULL),
(1410, 4, 0.00, 0, 1, 729, '2013-03-05', NULL, NULL),
(1411, 4, 0.00, 0, 2, 727, '2013-03-05', NULL, NULL),
(1412, 1, 12.00, 0, 1, 749, '2013-03-05', NULL, NULL),
(1413, 4, 0.00, 0, 1, 726, '2013-03-05', NULL, NULL),
(1414, 1, 12.00, 0, 1, 748, '2013-03-05', NULL, NULL),
(1415, 2, 0.00, 0, 2, 265, '2013-03-05', NULL, NULL),
(1416, 4, 0.00, 0, 2, 724, '2013-03-05', NULL, NULL),
(1417, 2, 0.00, 0, 2, 263, '2013-03-05', NULL, NULL),
(1418, 1, 12.00, 0, 1, 747, '2013-03-05', NULL, NULL),
(1419, 1, 12.00, 0, 1, 746, '2013-03-05', NULL, NULL),
(1420, 4, 0.00, 0, 1, 723, '2013-03-05', NULL, NULL),
(1421, 1, 12.00, 0, 1, 745, '2013-03-05', NULL, NULL),
(1422, 4, 0.00, 0, 1, 722, '2013-03-05', NULL, NULL),
(1423, 1, 12.00, 0, 1, 744, '2013-03-05', NULL, NULL),
(1424, 4, 0.00, 0, 1, 721, '2013-03-05', NULL, NULL),
(1425, 1, 12.00, 0, 1, 743, '2013-03-05', NULL, NULL),
(1426, 4, 0.00, 0, 1, 720, '2013-03-05', NULL, NULL),
(1427, 1, 12.00, 0, 1, 742, '2013-03-05', NULL, NULL),
(1428, 4, 0.00, 0, 1, 719, '2013-03-05', NULL, NULL),
(1429, 1, 12.00, 0, 1, 741, '2013-03-05', NULL, NULL),
(1430, 4, 0.00, 0, 1, 718, '2013-03-05', NULL, NULL),
(1431, 1, 12.00, 0, 1, 740, '2013-03-05', NULL, NULL),
(1432, 4, 0.00, 0, 1, 717, '2013-03-05', NULL, NULL),
(1433, 4, 0.00, 0, 2, 715, '2013-03-05', NULL, NULL),
(1434, 4, 0.00, 0, 2, 713, '2013-03-05', NULL, NULL),
(1435, 4, 0.00, 0, 2, 711, '2013-03-05', NULL, NULL),
(1436, 4, 0.00, 0, 2, 709, '2013-03-05', NULL, NULL),
(1437, 4, 0.00, 0, 2, 707, '2013-03-05', NULL, NULL),
(1438, 1, 12.00, 0, 1, 739, '2013-03-05', NULL, NULL),
(1439, 1, 12.00, 0, 1, 738, '2013-03-05', NULL, NULL),
(1440, 1, 12.00, 0, 1, 737, '2013-03-05', NULL, NULL),
(1441, 2, 0.00, 0, 2, 261, '2013-03-05', NULL, NULL),
(1442, 4, 0.00, 0, 2, 705, '2013-03-05', NULL, NULL),
(1443, 2, 0.00, 0, 2, 259, '2013-03-05', NULL, NULL),
(1444, 4, 0.00, 0, 0, 708, '2013-03-05', NULL, NULL),
(1445, 2, 0.00, 0, 2, 257, '2013-03-05', NULL, NULL),
(1446, 1, 12.00, 0, 1, 736, '2013-03-05', NULL, NULL),
(1447, 2, 0.00, 0, 2, 255, '2013-03-05', NULL, NULL),
(1448, 1, 12.00, 0, 1, 735, '2013-03-05', NULL, NULL),
(1449, 2, 0.00, 0, 2, 253, '2013-03-05', NULL, NULL),
(1450, 1, 12.00, 0, 0, 736, '2013-03-05', NULL, NULL),
(1451, 2, 0.00, 0, 0, 255, '2013-03-05', NULL, NULL),
(1452, 6, 11.00, 0, 1, 6, '2013-03-05', NULL, NULL),
(1453, 6, 11.00, 0, 1, 5, '2013-03-05', NULL, NULL),
(1454, 1, 12.00, 0, 1, 735, '2013-03-05', NULL, NULL),
(1455, 4, 0.00, 0, 1, 707, '2013-03-05', NULL, NULL),
(1456, 1, 12.00, 0, 1, 734, '2013-03-05', NULL, NULL),
(1457, 4, 0.00, 0, 1, 706, '2013-03-05', NULL, NULL),
(1458, 1, 12.00, 0, 1, 733, '2013-03-05', NULL, NULL),
(1459, 4, 0.00, 0, 1, 705, '2013-03-05', NULL, NULL),
(1460, 1, 12.00, 0, 1, 732, '2013-03-05', NULL, NULL),
(1461, 2, 0.00, 0, 2, 253, '2013-03-05', NULL, NULL),
(1462, 4, 0.00, 0, 2, 703, '2013-03-05', NULL, NULL),
(1463, 2, 0.00, 0, 1, 252, '2013-03-05', NULL, NULL),
(1464, 4, 0.00, 0, 1, 702, '2013-03-05', NULL, NULL),
(1465, 1, 12.00, 0, 1, 731, '2013-03-05', NULL, NULL),
(1466, 1, 12.00, 0, 1, 730, '2013-03-05', NULL, NULL),
(1467, 1, 12.00, 0, 1, 729, '2013-03-05', NULL, NULL),
(1468, 4, 0.00, 0, 2, 700, '2013-03-05', NULL, NULL),
(1469, 4, 0.00, 0, 2, 698, '2013-03-05', NULL, NULL),
(1470, 4, 0.00, 0, 2, 696, '2013-03-05', NULL, NULL),
(1471, 2, 0.00, 0, 2, 250, '2013-03-05', NULL, NULL),
(1472, 1, 12.00, 0, 1, 728, '2013-03-05', NULL, NULL),
(1473, 4, 0.00, 0, 1, 695, '2013-03-05', NULL, NULL),
(1474, 1, 12.00, 0, 2, 726, '2013-03-05', NULL, NULL),
(1475, 2, 0.00, 0, 2, 248, '2013-03-05', NULL, NULL),
(1476, 1, 12.00, 0, 2, 724, '2013-03-05', NULL, NULL),
(1477, 5, 0.00, 0, 2, -1, '2013-03-05', NULL, NULL),
(1478, 5, 0.00, 0, 0, 1, '2013-03-05', NULL, NULL),
(1479, 2, 0.00, 0, 1, 247, '2013-03-05', NULL, NULL),
(1480, 2, 0.00, 0, 1, 246, '2013-03-05', NULL, NULL),
(1481, 1, 12.00, 0, 0, 724, '2013-03-05', NULL, NULL),
(1482, 1, 12.00, 0, 2, 722, '2013-03-05', NULL, NULL),
(1483, 24, 0.00, 0, 1, 50, '2013-03-05', NULL, NULL),
(1484, 43, 0.20, 0, 1, 2, '2013-03-05', NULL, NULL),
(1485, 7, 0.00, 0, 1, 80, '2013-03-05', NULL, NULL),
(1486, 6, 11.00, 0, 1, 4, '2013-03-05', NULL, NULL),
(1487, 18, 0.00, 0, 0, 2, '2013-03-05', NULL, NULL),
(1488, 15, 0.00, 0, 1, 972, '2013-03-05', NULL, NULL),
(1489, 14, 0.00, 0, 1, 1004, '2013-03-05', NULL, NULL),
(1490, 2, 0.00, 0, 2, 244, '2013-03-05', NULL, NULL),
(1491, 4, 0.00, 0, 2, 693, '2013-03-05', NULL, NULL),
(1492, 1, 12.00, 0, 1, 721, '2013-03-05', NULL, NULL),
(1493, 4, 0.00, 0, 1, 692, '2013-03-05', NULL, NULL),
(1494, 1, 12.00, 0, 1, 720, '2013-03-05', NULL, NULL),
(1495, 4, 0.00, 0, 1, 691, '2013-03-05', NULL, NULL),
(1496, 1, 12.00, 0, 1, 719, '2013-03-05', NULL, NULL),
(1497, 4, 0.00, 0, 1, 690, '2013-03-05', NULL, NULL),
(1498, 1, 12.00, 0, 1, 718, '2013-03-05', NULL, NULL),
(1499, 4, 0.00, 0, 1, 689, '2013-03-05', NULL, NULL),
(1500, 1, 12.00, 0, 1, 717, '2013-03-05', NULL, NULL),
(1501, 4, 0.00, 0, 1, 688, '2013-03-05', NULL, NULL),
(1502, 1, 12.00, 0, 1, 716, '2013-03-05', NULL, NULL),
(1503, 4, 0.00, 0, 1, 687, '2013-03-05', NULL, NULL),
(1504, 1, 12.00, 0, 0, 716, '2013-03-05', NULL, NULL),
(1505, 4, 0.00, 0, 0, 687, '2013-03-05', NULL, NULL),
(1506, 1, 12.00, 0, 1, 715, '2013-03-05', NULL, NULL),
(1507, 1, 12.00, 0, 1, 714, '2013-03-05', NULL, NULL),
(1508, 4, 0.00, 0, 1, 686, '2013-03-05', NULL, NULL),
(1509, 4, 0.00, 0, 2, 684, '2013-03-05', NULL, NULL),
(1510, 2, 0.00, 0, 2, 242, '2013-03-05', NULL, NULL),
(1511, 4, 0.00, 0, 2, 682, '2013-03-05', NULL, NULL),
(1512, 4, 0.00, 0, 2, 680, '2013-03-05', NULL, NULL),
(1513, 1, 12.00, 0, 2, 712, '2013-03-05', NULL, NULL),
(1514, 2, 0.00, 0, 0, 243, '2013-03-05', NULL, NULL),
(1515, 1, 12.00, 0, 0, 712, '2013-03-05', NULL, NULL),
(1516, 15, 0.00, 0, 0, 972, '2013-03-05', NULL, NULL),
(1517, 14, 0.00, 0, 1, 1003, '2013-03-05', NULL, NULL),
(1518, 14, 0.00, 0, 0, 1006, '2013-03-05', NULL, NULL),
(1519, 1, 12.00, 0, 0, 712, '2013-03-05', NULL, NULL),
(1520, 4, 0.00, 0, 0, 682, '2013-03-05', NULL, NULL),
(1521, 24, 0.00, 0, 1, 49, '2013-03-05', NULL, NULL),
(1522, 24, 0.00, 0, 1, 48, '2013-03-05', NULL, NULL),
(1523, 24, 0.00, 0, 0, 48, '2013-03-05', NULL, NULL),
(1524, 24, 0.00, 0, 1, 47, '2013-03-05', NULL, NULL),
(1525, 24, 0.00, 0, 1, 46, '2013-03-05', NULL, NULL),
(1526, 24, 0.00, 0, 1, 45, '2013-03-05', NULL, NULL),
(1527, 24, 0.00, 0, 1, 44, '2013-03-05', NULL, NULL),
(1528, 24, 0.00, 0, 1, 43, '2013-03-05', NULL, NULL),
(1529, 24, 0.00, 0, 0, 46, '2013-03-05', NULL, NULL),
(1530, 24, 0.00, 0, 1, 45, '2013-03-05', NULL, NULL),
(1531, 24, 0.00, 0, 1, 44, '2013-03-05', NULL, NULL),
(1532, 24, 0.00, 0, 0, 44, '2013-03-05', NULL, NULL),
(1533, 15, 0.00, 0, 1, 971, '2013-03-05', NULL, NULL),
(1534, 4, 0.00, 0, 2, 680, '2013-03-05', NULL, NULL),
(1535, 4, 0.00, 0, 2, 678, '2013-03-05', NULL, NULL),
(1536, 4, 0.00, 0, 2, 676, '2013-03-05', NULL, NULL),
(1537, 4, 0.00, 0, 2, 674, '2013-03-05', NULL, NULL),
(1538, 4, 0.00, 0, 2, 672, '2013-03-05', NULL, NULL),
(1539, 1, 12.00, 0, 1, 711, '2013-03-05', NULL, NULL),
(1540, 4, 0.00, 0, 1, 671, '2013-03-05', NULL, NULL),
(1541, 1, 12.00, 0, 1, 710, '2013-03-05', NULL, NULL),
(1542, 4, 0.00, 0, 1, 670, '2013-03-05', NULL, NULL),
(1543, 1, 12.00, 0, 1, 709, '2013-03-05', NULL, NULL),
(1544, 4, 0.00, 0, 1, 669, '2013-03-05', NULL, NULL),
(1545, 1, 12.00, 0, 1, 708, '2013-03-05', NULL, NULL),
(1546, 4, 0.00, 0, 1, 668, '2013-03-05', NULL, NULL),
(1547, 2, 0.00, 0, 2, 241, '2013-03-05', NULL, NULL),
(1548, 1, 12.00, 0, 1, 707, '2013-03-05', NULL, NULL),
(1549, 4, 0.00, 0, 1, 667, '2013-03-05', NULL, NULL),
(1550, 1, 12.00, 0, 1, 706, '2013-03-05', NULL, NULL),
(1551, 4, 0.00, 0, 1, 666, '2013-03-05', NULL, NULL),
(1552, 1, 12.00, 0, 1, 705, '2013-03-05', NULL, NULL),
(1553, 4, 0.00, 0, 1, 665, '2013-03-05', NULL, NULL),
(1554, 1, 12.00, 0, 1, 704, '2013-03-05', NULL, NULL),
(1555, 4, 0.00, 0, 1, 664, '2013-03-05', NULL, NULL),
(1556, 1, 12.00, 0, 1, 703, '2013-03-05', NULL, NULL),
(1557, 4, 0.00, 0, 1, 663, '2013-03-05', NULL, NULL),
(1558, 1, 12.00, 0, 1, 702, '2013-03-05', NULL, NULL),
(1559, 4, 0.00, 0, 1, 662, '2013-03-05', NULL, NULL),
(1560, 1, 12.00, 0, 1, 701, '2013-03-05', NULL, NULL),
(1561, 4, 0.00, 0, 1, 661, '2013-03-05', NULL, NULL),
(1562, 4, 0.00, 0, 2, 659, '2013-03-05', NULL, NULL),
(1563, 4, 0.00, 0, 2, 657, '2013-03-05', NULL, NULL),
(1564, 4, 0.00, 0, 2, 655, '2013-03-05', NULL, NULL),
(1565, 1, 12.00, 0, 1, 700, '2013-03-05', NULL, NULL),
(1566, 1, 12.00, 0, 1, 699, '2013-03-05', NULL, NULL),
(1567, 1, 12.00, 0, 1, 698, '2013-03-05', NULL, NULL),
(1568, 1, 12.00, 0, 1, 697, '2013-03-05', NULL, NULL),
(1569, 2, 0.00, 0, 2, 239, '2013-03-05', NULL, NULL),
(1570, 4, 0.00, 0, 2, 653, '2013-03-05', NULL, NULL),
(1571, 2, 0.00, 0, 2, 237, '2013-03-05', NULL, NULL),
(1572, 4, 0.00, 0, 2, 651, '2013-03-05', NULL, NULL),
(1573, 2, 0.00, 0, 2, 235, '2013-03-05', NULL, NULL),
(1574, 4, 0.00, 0, 2, 649, '2013-03-05', NULL, NULL),
(1575, 2, 0.00, 0, 2, 233, '2013-03-05', NULL, NULL),
(1576, 4, 0.00, 0, 2, 647, '2013-03-05', NULL, NULL),
(1577, 2, 0.00, 0, 2, 231, '2013-03-05', NULL, NULL),
(1578, 4, 0.00, 0, 2, 645, '2013-03-05', NULL, NULL),
(1579, 2, 0.00, 0, 2, 229, '2013-03-05', NULL, NULL),
(1580, 4, 0.00, 0, 2, 643, '2013-03-05', NULL, NULL),
(1581, 2, 0.00, 0, 2, 227, '2013-03-05', NULL, NULL),
(1582, 4, 0.00, 0, 2, 641, '2013-03-05', NULL, NULL),
(1583, 2, 0.00, 0, 2, 225, '2013-03-05', NULL, NULL),
(1584, 1, 12.00, 0, 1, 696, '2013-03-05', NULL, NULL),
(1585, 2, 0.00, 0, 2, 223, '2013-03-05', NULL, NULL),
(1586, 4, 0.00, 0, 2, 639, '2013-03-05', NULL, NULL),
(1587, 2, 0.00, 0, 2, 221, '2013-03-05', NULL, NULL),
(1588, 1, 12.00, 0, 1, 695, '2013-03-05', NULL, NULL),
(1589, 2, 0.00, 0, 2, 219, '2013-03-05', NULL, NULL),
(1590, 1, 12.00, 0, 1, 694, '2013-03-05', NULL, NULL),
(1591, 2, 0.00, 0, 2, 217, '2013-03-05', NULL, NULL),
(1592, 1, 12.00, 0, 1, 693, '2013-03-05', NULL, NULL),
(1593, 2, 0.00, 0, 2, 215, '2013-03-05', NULL, NULL),
(1594, 1, 12.00, 0, 1, 692, '2013-03-05', NULL, NULL),
(1595, 2, 0.00, 0, 2, 213, '2013-03-05', NULL, NULL),
(1596, 1, 12.00, 0, 1, 691, '2013-03-05', NULL, NULL),
(1597, 2, 0.00, 0, 2, 211, '2013-03-05', NULL, NULL),
(1598, 4, 0.00, 0, 2, 637, '2013-03-05', NULL, NULL),
(1599, 2, 0.00, 0, 2, 209, '2013-03-05', NULL, NULL),
(1600, 1, 12.00, 0, 1, 690, '2013-03-05', NULL, NULL),
(1601, 1, 12.00, 0, 1, 689, '2013-03-05', NULL, NULL),
(1602, 4, 0.00, 0, 2, 635, '2013-03-05', NULL, NULL),
(1603, 4, 0.00, 0, 2, 633, '2013-03-05', NULL, NULL),
(1604, 1, 12.00, 0, 1, 688, '2013-03-05', NULL, NULL),
(1605, 4, 0.00, 0, 1, 632, '2013-03-05', NULL, NULL),
(1606, 1, 12.00, 0, 1, 687, '2013-03-05', NULL, NULL),
(1607, 4, 0.00, 0, 1, 631, '2013-03-05', NULL, NULL),
(1608, 1, 12.00, 0, 0, 690, '2013-03-05', NULL, NULL),
(1609, 4, 0.00, 0, 0, 634, '2013-03-05', NULL, NULL),
(1610, 15, 0.00, 0, 1, 970, '2013-03-05', NULL, NULL),
(1611, 1, 12.00, 0, 1, 689, '2013-03-05', NULL, NULL),
(1612, 4, 0.00, 0, 2, 632, '2013-03-05', NULL, NULL),
(1613, 1, 12.00, 0, 1, 688, '2013-03-05', NULL, NULL),
(1614, 4, 0.00, 0, 1, 631, '2013-03-05', NULL, NULL),
(1615, 1, 12.00, 0, 1, 687, '2013-03-05', NULL, NULL),
(1616, 4, 0.00, 0, 1, 630, '2013-03-05', NULL, NULL),
(1617, 4, 0.00, 0, 2, 628, '2013-03-05', NULL, NULL),
(1618, 2, 0.00, 0, 2, 207, '2013-03-05', NULL, NULL),
(1619, 1, 12.00, 0, 1, 686, '2013-03-05', NULL, NULL),
(1620, 2, 0.00, 0, 2, 205, '2013-03-05', NULL, NULL),
(1621, 4, 0.00, 0, 2, 626, '2013-03-05', NULL, NULL),
(1622, 2, 0.00, 0, 2, 203, '2013-03-05', NULL, NULL),
(1623, 4, 0.00, 0, 2, 624, '2013-03-05', NULL, NULL),
(1624, 2, 0.00, 0, 1, 202, '2013-03-05', NULL, NULL),
(1625, 4, 0.00, 0, 2, 622, '2013-03-05', NULL, NULL),
(1626, 1, 12.00, 0, 1, 685, '2013-03-05', NULL, NULL),
(1627, 4, 0.00, 0, 2, 620, '2013-03-05', NULL, NULL),
(1628, 1, 12.00, 0, 0, 685, '2013-03-05', NULL, NULL),
(1629, 4, 0.00, 0, 0, 620, '2013-03-05', NULL, NULL),
(1630, 15, 0.00, 0, 0, 970, '2013-03-05', NULL, NULL),
(1631, 4, 0.00, 0, 2, 618, '2013-03-05', NULL, NULL),
(1632, 2, 0.00, 0, 2, 200, '2013-03-05', NULL, NULL),
(1633, 1, 12.00, 0, 1, 684, '2013-03-05', NULL, NULL),
(1634, 4, 0.00, 0, 2, 616, '2013-03-05', NULL, NULL),
(1635, 1, 12.00, 0, 1, 683, '2013-03-05', NULL, NULL),
(1636, 2, 0.00, 0, 0, 200, '2013-03-05', NULL, NULL),
(1637, 1, 12.00, 0, 1, 682, '2013-03-05', NULL, NULL),
(1638, 4, 0.00, 0, 1, 615, '2013-03-05', NULL, NULL),
(1639, 1, 12.00, 0, 1, 681, '2013-03-05', NULL, NULL),
(1640, 4, 0.00, 0, 2, 613, '2013-03-05', NULL, NULL),
(1641, 1, 12.00, 0, 1, 680, '2013-03-05', NULL, NULL),
(1642, 4, 0.00, 0, 1, 612, '2013-03-05', NULL, NULL),
(1643, 1, 12.00, 0, 1, 679, '2013-03-05', NULL, NULL),
(1644, 4, 0.00, 0, 1, 611, '2013-03-05', NULL, NULL),
(1645, 1, 12.00, 0, 1, 678, '2013-03-05', NULL, NULL),
(1646, 4, 0.00, 0, 1, 610, '2013-03-05', NULL, NULL),
(1647, 1, 12.00, 0, 1, 677, '2013-03-05', NULL, NULL),
(1648, 4, 0.00, 0, 1, 609, '2013-03-05', NULL, NULL),
(1649, 1, 12.00, 0, 1, 676, '2013-03-05', NULL, NULL),
(1650, 4, 0.00, 0, 1, 608, '2013-03-05', NULL, NULL),
(1651, 1, 12.00, 0, 1, 675, '2013-03-05', NULL, NULL),
(1652, 4, 0.00, 0, 1, 607, '2013-03-05', NULL, NULL),
(1653, 1, 12.00, 0, 1, 674, '2013-03-05', NULL, NULL),
(1654, 4, 0.00, 0, 1, 606, '2013-03-05', NULL, NULL),
(1655, 1, 12.00, 0, 1, 673, '2013-03-05', NULL, NULL),
(1656, 4, 0.00, 0, 1, 605, '2013-03-05', NULL, NULL),
(1657, 1, 12.00, 0, 1, 672, '2013-03-05', NULL, NULL),
(1658, 4, 0.00, 0, 1, 604, '2013-03-05', NULL, NULL),
(1659, 1, 12.00, 0, 1, 671, '2013-03-05', NULL, NULL),
(1660, 4, 0.00, 0, 1, 603, '2013-03-05', NULL, NULL),
(1661, 1, 12.00, 0, 1, 670, '2013-03-05', NULL, NULL),
(1662, 4, 0.00, 0, 1, 602, '2013-03-05', NULL, NULL),
(1663, 1, 12.00, 0, 1, 669, '2013-03-05', NULL, NULL),
(1664, 4, 0.00, 0, 1, 601, '2013-03-05', NULL, NULL),
(1665, 1, 12.00, 0, 1, 668, '2013-03-05', NULL, NULL),
(1666, 4, 0.00, 0, 1, 600, '2013-03-05', NULL, NULL),
(1667, 1, 12.00, 0, 1, 667, '2013-03-05', NULL, NULL),
(1668, 4, 0.00, 0, 0, 607, '2013-03-05', NULL, NULL),
(1669, 1, 12.00, 0, 0, 671, '2013-03-05', NULL, NULL),
(1670, 15, 0.00, 0, 1, 969, '2013-03-05', NULL, NULL),
(1671, 15, 0.00, 0, 1, 968, '2013-03-05', NULL, NULL),
(1672, 15, 0.00, 0, 0, 970, '2013-03-05', NULL, NULL),
(1673, 15, 0.00, 0, 0, 970, '2013-03-05', NULL, NULL),
(1674, 15, 0.00, 0, 1, 969, '2013-03-05', NULL, NULL),
(1675, 1, 12.00, 0, 1, 670, '2013-03-05', NULL, NULL),
(1676, 4, 0.00, 0, 1, 606, '2013-03-05', NULL, NULL),
(1677, 1, 12.00, 0, 1, 669, '2013-03-05', NULL, NULL),
(1678, 2, 0.00, 0, 2, 198, '2013-03-05', NULL, NULL),
(1679, 4, 0.00, 0, 2, 604, '2013-03-05', NULL, NULL),
(1680, 1, 12.00, 0, 1, 668, '2013-03-05', NULL, NULL),
(1681, 4, 0.00, 0, 2, 602, '2013-03-05', NULL, NULL),
(1682, 2, 0.00, 0, 2, 196, '2013-03-05', NULL, NULL),
(1683, 2, 0.00, 0, 2, 194, '2013-03-05', NULL, NULL),
(1684, 1, 12.00, 0, 1, 667, '2013-03-05', NULL, NULL),
(1685, 2, 0.00, 0, 2, 192, '2013-03-05', NULL, NULL),
(1686, 4, 0.00, 0, 2, 600, '2013-03-05', NULL, NULL),
(1687, 2, 0.00, 0, 1, 191, '2013-03-05', NULL, NULL),
(1688, 1, 12.00, 0, 1, 666, '2013-03-05', NULL, NULL),
(1689, 1, 12.00, 0, 1, 665, '2013-03-05', NULL, NULL),
(1690, 1, 12.00, 0, 1, 664, '2013-03-05', NULL, NULL),
(1691, 4, 0.00, 0, 1, 599, '2013-03-05', NULL, NULL),
(1692, 4, 0.00, 0, 2, 597, '2013-03-05', NULL, NULL),
(1693, 2, 0.00, 0, 2, 189, '2013-03-05', NULL, NULL),
(1694, 15, 0.00, 0, 1, 968, '2013-03-05', NULL, NULL),
(1695, 14, 0.00, 0, 1, 1005, '2013-03-05', NULL, NULL),
(1696, 43, 0.20, 0, 1, 1, '2013-03-05', NULL, NULL),
(1697, 6, 11.00, 0, 1, 3, '2013-03-05', NULL, NULL),
(1698, 7, 0.00, 0, 1, 79, '2013-03-05', NULL, NULL),
(1699, 24, 0.00, 0, 1, 43, '2013-03-05', NULL, NULL),
(1700, 24, 0.00, 0, 1, 42, '2013-03-05', NULL, NULL),
(1701, 24, 0.00, 0, 1, 41, '2013-03-05', NULL, NULL),
(1702, 24, 0.00, 0, 1, 40, '2013-03-05', NULL, NULL),
(1703, 24, 0.00, 0, 1, 39, '2013-03-05', NULL, NULL),
(1704, 24, 0.00, 0, 1, 38, '2013-03-05', NULL, NULL),
(1705, 24, 0.00, 0, 0, 42, '2013-03-05', NULL, NULL),
(1706, 43, 0.20, 0, 0, 2, '2013-03-05', NULL, NULL),
(1707, 14, 0.00, 0, 1, 1004, '2013-03-05', NULL, NULL),
(1708, 14, 0.00, 0, 1, 1003, '2013-03-05', NULL, NULL),
(1709, 14, 0.00, 0, 1, 1002, '2013-03-05', NULL, NULL),
(1710, 15, 0.00, 0, 1, 967, '2013-03-05', NULL, NULL),
(1711, 2, 0.00, 0, 1, 188, '2013-03-05', NULL, NULL),
(1712, 4, 0.00, 0, 2, 595, '2013-03-05', NULL, NULL),
(1713, 4, 0.00, 0, 2, 593, '2013-03-05', NULL, NULL),
(1714, 1, 12.00, 0, 1, 663, '2013-03-05', NULL, NULL),
(1715, 1, 12.00, 0, 1, 662, '2013-03-05', NULL, NULL),
(1716, 2, 0.00, 0, 2, 186, '2013-03-05', NULL, NULL),
(1717, 1, 12.00, 0, 1, 661, '2013-03-05', NULL, NULL),
(1718, 4, 0.00, 0, 1, 592, '2013-03-05', NULL, NULL),
(1719, 1, 12.00, 0, 1, 660, '2013-03-05', NULL, NULL),
(1720, 4, 0.00, 0, 1, 591, '2013-03-05', NULL, NULL),
(1721, 1, 12.00, 0, 1, 659, '2013-03-05', NULL, NULL),
(1722, 1, 12.00, 0, 1, 658, '2013-03-05', NULL, NULL),
(1723, 1, 12.00, 0, 1, 657, '2013-03-05', NULL, NULL),
(1724, 4, 0.00, 0, 2, 589, '2013-03-05', NULL, NULL),
(1725, 2, 0.00, 0, 2, 184, '2013-03-05', NULL, NULL),
(1726, 4, 0.00, 0, 2, 587, '2013-03-05', NULL, NULL),
(1727, 2, 0.00, 0, 2, 182, '2013-03-05', NULL, NULL),
(1728, 1, 12.00, 0, 1, 656, '2013-03-05', NULL, NULL),
(1729, 2, 0.00, 0, 1, 181, '2013-03-05', NULL, NULL),
(1730, 4, 0.00, 0, 2, 585, '2013-03-05', NULL, NULL),
(1731, 2, 0.00, 0, 2, 179, '2013-03-05', NULL, NULL),
(1732, 2, 0.00, 0, 2, 177, '2013-03-05', NULL, NULL),
(1733, 1, 12.00, 0, 1, 655, '2013-03-05', NULL, NULL),
(1734, 2, 0.00, 0, 2, 175, '2013-03-05', NULL, NULL),
(1735, 4, 0.00, 0, 2, 583, '2013-03-05', NULL, NULL),
(1736, 2, 0.00, 0, 2, 173, '2013-03-05', NULL, NULL),
(1737, 4, 0.00, 0, 2, 581, '2013-03-05', NULL, NULL),
(1738, 1, 12.00, 0, 1, 654, '2013-03-05', NULL, NULL),
(1739, 4, 0.00, 0, 2, 579, '2013-03-05', NULL, NULL),
(1740, 1, 12.00, 0, 1, 653, '2013-03-05', NULL, NULL),
(1741, 4, 0.00, 0, 1, 578, '2013-03-05', NULL, NULL),
(1742, 2, 0.00, 0, 2, 171, '2013-03-05', NULL, NULL),
(1743, 1, 12.00, 0, 2, 651, '2013-03-05', NULL, NULL),
(1744, 1, 12.00, 0, 2, 649, '2013-03-05', NULL, NULL),
(1745, 4, 0.00, 0, 2, 576, '2013-03-05', NULL, NULL),
(1746, 1, 12.00, 0, 2, 647, '2013-03-05', NULL, NULL),
(1747, 24, 0.00, 0, 1, 41, '2013-03-05', NULL, NULL),
(1748, 24, 0.00, 0, 1, 40, '2013-03-05', NULL, NULL),
(1749, 7, 0.00, 0, 1, 78, '2013-03-05', NULL, NULL),
(1750, 6, 11.00, 0, 1, 2, '2013-03-05', NULL, NULL),
(1751, 15, 0.00, 0, 1, 966, '2013-03-05', NULL, NULL),
(1752, 14, 0.00, 0, 1, 1001, '2013-03-05', NULL, NULL),
(1753, 14, 0.00, 0, 1, 1000, '2013-03-05', NULL, NULL),
(1754, 15, 0.00, 0, 1, 965, '2013-03-05', NULL, NULL),
(1755, 1, 12.00, 0, 1, 646, '2013-03-05', NULL, NULL),
(1756, 4, 0.00, 0, 1, 575, '2013-03-05', NULL, NULL),
(1757, 2, 0.00, 0, 2, 169, '2013-03-05', NULL, NULL),
(1758, 4, 0.00, 0, 2, 573, '2013-03-05', NULL, NULL),
(1759, 2, 0.00, 0, 2, 167, '2013-03-05', NULL, NULL),
(1760, 1, 12.00, 0, 1, 645, '2013-03-05', NULL, NULL),
(1761, 1, 12.00, 0, 1, 644, '2013-03-05', NULL, NULL),
(1762, 1, 12.00, 0, 1, 643, '2013-03-05', NULL, NULL),
(1763, 1, 12.00, 0, 1, 642, '2013-03-05', NULL, NULL),
(1764, 1, 12.00, 0, 1, 641, '2013-03-05', NULL, NULL),
(1765, 4, 0.00, 0, 2, 571, '2013-03-05', NULL, NULL),
(1766, 1, 12.00, 0, 0, 641, '2013-03-05', NULL, NULL),
(1767, 4, 0.00, 0, 0, 571, '2013-03-05', NULL, NULL),
(1768, 1, 12.00, 0, 0, 641, '2013-03-05', NULL, NULL),
(1769, 4, 0.00, 0, 0, 571, '2013-03-05', NULL, NULL),
(1770, 15, 0.00, 0, 0, 967, '2013-03-05', NULL, NULL),
(1771, 2, 0.00, 0, 1, 166, '2013-03-05', NULL, NULL),
(1772, 2, 0.00, 0, 2, 164, '2013-03-05', NULL, NULL),
(1773, 1, 12.00, 0, 1, 640, '2013-03-05', NULL, NULL),
(1774, 2, 0.00, 0, 2, 162, '2013-03-05', NULL, NULL),
(1775, 4, 0.00, 0, 2, 569, '2013-03-05', NULL, NULL),
(1776, 1, 12.00, 0, 1, 639, '2013-03-05', NULL, NULL),
(1777, 1, 12.00, 0, 1, 638, '2013-03-05', NULL, NULL),
(1778, 4, 0.00, 0, 2, 567, '2013-03-05', NULL, NULL),
(1779, 1, 12.00, 0, 1, 637, '2013-03-05', NULL, NULL),
(1780, 4, 0.00, 0, 1, 566, '2013-03-05', NULL, NULL),
(1781, 2, 0.00, 0, 2, 160, '2013-03-05', NULL, NULL),
(1782, 2, 0.00, 0, 2, 158, '2013-03-05', NULL, NULL),
(1783, 1, 12.00, 0, 1, 636, '2013-03-05', NULL, NULL),
(1784, 4, 0.00, 0, 2, 564, '2013-03-05', NULL, NULL),
(1785, 2, 0.00, 0, 2, 156, '2013-03-05', NULL, NULL),
(1786, 1, 12.00, 0, 2, 634, '2013-03-05', NULL, NULL),
(1787, 1, 12.00, 0, 2, 632, '2013-03-05', NULL, NULL),
(1788, 4, 0.00, 0, 2, 562, '2013-03-05', NULL, NULL),
(1789, 4, 0.00, 0, 2, 560, '2013-03-05', NULL, NULL),
(1790, 4, 0.00, 0, 2, 558, '2013-03-05', NULL, NULL),
(1791, 1, 12.00, 0, 2, 630, '2013-03-05', NULL, NULL),
(1792, 2, 0.00, 0, 2, 154, '2013-03-05', NULL, NULL),
(1793, 1, 12.00, 0, 2, 628, '2013-03-05', NULL, NULL),
(1794, 1, 12.00, 0, 2, 626, '2013-03-05', NULL, NULL),
(1795, 24, 0.00, 0, 1, 39, '2013-03-05', NULL, NULL),
(1796, 24, 0.00, 0, 1, 38, '2013-03-05', NULL, NULL),
(1797, 24, 0.00, 0, 1, 37, '2013-03-05', NULL, NULL),
(1798, 7, 0.00, 0, 1, 77, '2013-03-05', NULL, NULL),
(1799, 6, 11.00, 0, 1, 1, '2013-03-05', NULL, NULL),
(1800, 15, 0.00, 0, 1, 966, '2013-03-05', NULL, NULL),
(1801, 14, 0.00, 0, 1, 999, '2013-03-05', NULL, NULL),
(1802, 4, 0.00, 0, 2, 556, '2013-03-05', NULL, NULL),
(1803, 1, 12.00, 0, 1, 625, '2013-03-05', NULL, NULL),
(1804, 4, 0.00, 0, 1, 555, '2013-03-05', NULL, NULL),
(1805, 1, 12.00, 0, 1, 624, '2013-03-05', NULL, NULL),
(1806, 4, 0.00, 0, 1, 554, '2013-03-05', NULL, NULL),
(1807, 2, 0.00, 0, 2, 152, '2013-03-05', NULL, NULL),
(1808, 4, 0.00, 0, 2, 552, '2013-03-05', NULL, NULL),
(1809, 2, 0.00, 0, 2, 150, '2013-03-05', NULL, NULL),
(1810, 4, 0.00, 0, 2, 550, '2013-03-05', NULL, NULL),
(1811, 2, 0.00, 0, 2, 148, '2013-03-05', NULL, NULL),
(1812, 1, 12.00, 0, 1, 623, '2013-03-05', NULL, NULL),
(1813, 2, 0.00, 0, 2, 146, '2013-03-05', NULL, NULL),
(1814, 1, 12.00, 0, 1, 622, '2013-03-05', NULL, NULL),
(1815, 2, 0.00, 0, 1, 145, '2013-03-05', NULL, NULL),
(1816, 4, 0.00, 0, 2, 548, '2013-03-05', NULL, NULL),
(1817, 1, 12.00, 0, 1, 621, '2013-03-05', NULL, NULL),
(1818, 2, 0.00, 0, 2, 143, '2013-03-05', NULL, NULL),
(1819, 1, 12.00, 0, 1, 620, '2013-03-05', NULL, NULL),
(1820, 4, 0.00, 0, 1, 547, '2013-03-05', NULL, NULL),
(1821, 4, 0.00, 0, 2, 545, '2013-03-05', NULL, NULL),
(1822, 1, 12.00, 0, 1, 619, '2013-03-05', NULL, NULL),
(1823, 2, 0.00, 0, 2, 141, '2013-03-05', NULL, NULL),
(1824, 4, 0.00, 0, 2, 543, '2013-03-05', NULL, NULL),
(1825, 2, 0.00, 0, 2, 139, '2013-03-05', NULL, NULL),
(1826, 1, 12.00, 0, 1, 618, '2013-03-05', NULL, NULL),
(1827, 2, 0.00, 0, 1, 138, '2013-03-05', NULL, NULL),
(1828, 1, 12.00, 0, 2, 616, '2013-03-05', NULL, NULL),
(1829, 1, 12.00, 0, 2, 614, '2013-03-05', NULL, NULL),
(1830, 4, 0.00, 0, 2, 541, '2013-03-05', NULL, NULL),
(1831, 1, 12.00, 0, 2, 612, '2013-03-05', NULL, NULL),
(1832, 7, 0.00, 0, 0, 79, '2013-03-05', NULL, NULL),
(1833, 6, 11.00, 0, 0, 3, '2013-03-05', NULL, NULL),
(1834, 15, 0.00, 0, 1, 965, '2013-03-05', NULL, NULL),
(1835, 14, 0.00, 0, 1, 998, '2013-03-05', NULL, NULL),
(1836, 1, 12.00, 0, 1, 611, '2013-03-05', NULL, NULL),
(1837, 4, 0.00, 0, 2, 539, '2013-03-05', NULL, NULL),
(1838, 1, 12.00, 0, 1, 610, '2013-03-05', NULL, NULL),
(1839, 1, 12.00, 0, 1, 609, '2013-03-05', NULL, NULL),
(1840, 4, 0.00, 0, 1, 538, '2013-03-05', NULL, NULL),
(1841, 1, 12.00, 0, 1, 608, '2013-03-05', NULL, NULL),
(1842, 4, 0.00, 0, 1, 537, '2013-03-05', NULL, NULL),
(1843, 1, 12.00, 0, 0, 608, '2013-03-05', NULL, NULL),
(1844, 4, 0.00, 0, 0, 537, '2013-03-05', NULL, NULL),
(1845, 2, 0.00, 0, 2, 136, '2013-03-05', NULL, NULL),
(1846, 2, 0.00, 0, 2, 134, '2013-03-05', NULL, NULL),
(1847, 5, 0.00, 0, 1, 0, '2013-03-05', NULL, NULL),
(1848, 4, 0.00, 0, 2, 535, '2013-03-05', NULL, NULL),
(1849, 2, 0.00, 0, 1, 133, '2013-03-05', NULL, NULL),
(1850, 4, 0.00, 0, 2, 533, '2013-03-05', NULL, NULL),
(1851, 4, 0.00, 0, 2, 531, '2013-03-05', NULL, NULL),
(1852, 4, 0.00, 0, 2, 529, '2013-03-05', NULL, NULL),
(1853, 1, 12.00, 0, 1, 607, '2013-03-05', NULL, NULL),
(1854, 4, 0.00, 0, 1, 528, '2013-03-05', NULL, NULL),
(1855, 1, 12.00, 0, 1, 606, '2013-03-05', NULL, NULL),
(1856, 4, 0.00, 0, 1, 527, '2013-03-05', NULL, NULL),
(1857, 1, 12.00, 0, 0, 606, '2013-03-05', NULL, NULL),
(1858, 4, 0.00, 0, 0, 527, '2013-03-05', NULL, NULL),
(1859, 2, 0.00, 0, 2, 131, '2013-03-05', NULL, NULL),
(1860, 1, 12.00, 0, 1, 605, '2013-03-05', NULL, NULL),
(1861, 2, 0.00, 0, 1, 130, '2013-03-05', NULL, NULL),
(1862, 4, 0.00, 0, 2, 525, '2013-03-05', NULL, NULL),
(1863, 4, 0.00, 0, 2, 523, '2013-03-05', NULL, NULL),
(1864, 4, 0.00, 0, 2, 521, '2013-03-05', NULL, NULL),
(1865, 1, 12.00, 0, 1, 604, '2013-03-05', NULL, NULL),
(1866, 4, 0.00, 0, 1, 520, '2013-03-05', NULL, NULL),
(1867, 1, 12.00, 0, 1, 603, '2013-03-05', NULL, NULL),
(1868, 4, 0.00, 0, 1, 519, '2013-03-05', NULL, NULL),
(1869, 1, 12.00, 0, 1, 602, '2013-03-05', NULL, NULL),
(1870, 4, 0.00, 0, 1, 518, '2013-03-05', NULL, NULL),
(1871, 1, 12.00, 0, 1, 601, '2013-03-05', NULL, NULL),
(1872, 4, 0.00, 0, 1, 517, '2013-03-05', NULL, NULL),
(1873, 1, 12.00, 0, 1, 600, '2013-03-05', NULL, NULL),
(1874, 4, 0.00, 0, 1, 516, '2013-03-05', NULL, NULL),
(1875, 1, 12.00, 0, 1, 599, '2013-03-05', NULL, NULL),
(1876, 4, 0.00, 0, 1, 515, '2013-03-05', NULL, NULL),
(1877, 1, 12.00, 0, 1, 598, '2013-03-05', NULL, NULL),
(1878, 4, 0.00, 0, 1, 514, '2013-03-05', NULL, NULL),
(1879, 1, 12.00, 0, 1, 597, '2013-03-05', NULL, NULL),
(1880, 4, 0.00, 0, 1, 513, '2013-03-05', NULL, NULL),
(1881, 15, 0.00, 0, 1, 964, '2013-03-05', NULL, NULL),
(1882, 15, 0.00, 0, 0, 964, '2013-03-05', NULL, NULL),
(1883, 14, 0.00, 0, 0, 1001, '2013-03-05', NULL, NULL),
(1884, 24, 0.00, 0, 1, 36, '2013-03-05', NULL, NULL),
(1885, 24, 0.00, 0, 0, 38, '2013-03-05', NULL, NULL),
(1886, 1, 12.00, 0, 1, 596, '2013-03-05', NULL, NULL),
(1887, 4, 0.00, 0, 1, 512, '2013-03-05', NULL, NULL),
(1888, 1, 12.00, 0, 1, 595, '2013-03-05', NULL, NULL),
(1889, 4, 0.00, 0, 1, 511, '2013-03-05', NULL, NULL),
(1890, 1, 12.00, 0, 0, 595, '2013-03-05', NULL, NULL),
(1891, 4, 0.00, 0, 0, 511, '2013-03-05', NULL, NULL),
(1892, 1, 12.00, 0, 0, 600, '2013-03-05', NULL, NULL),
(1893, 4, 0.00, 0, 0, 516, '2013-03-05', NULL, NULL),
(1894, 1, 12.00, 0, 1, 599, '2013-03-05', NULL, NULL),
(1895, 4, 0.00, 0, 1, 515, '2013-03-05', NULL, NULL),
(1896, 2, 0.00, 0, 1, 129, '2013-03-05', NULL, NULL),
(1897, 2, 0.00, 0, 1, 128, '2013-03-05', NULL, NULL),
(1898, 2, 0.00, 0, 1, 127, '2013-03-05', NULL, NULL),
(1899, 4, 0.00, 0, 2, 513, '2013-03-05', NULL, NULL),
(1900, 4, 0.00, 0, 2, 511, '2013-03-05', NULL, NULL),
(1901, 2, 0.00, 0, 2, 125, '2013-03-05', NULL, NULL),
(1902, 1, 12.00, 0, 1, 598, '2013-03-05', NULL, NULL),
(1903, 2, 0.00, 0, 2, 123, '2013-03-05', NULL, NULL),
(1904, 1, 12.00, 0, 1, 597, '2013-03-05', NULL, NULL),
(1905, 2, 0.00, 0, 1, 122, '2013-03-05', NULL, NULL),
(1906, 1, 12.00, 0, 1, 596, '2013-03-05', NULL, NULL),
(1907, 1, 12.00, 0, 1, 595, '2013-03-05', NULL, NULL),
(1908, 1, 12.00, 0, 1, 594, '2013-03-05', NULL, NULL),
(1909, 1, 12.00, 0, 1, 593, '2013-03-05', NULL, NULL),
(1910, 1, 12.00, 0, 1, 592, '2013-03-05', NULL, NULL),
(1911, 1, 12.00, 0, 1, 591, '2013-03-05', NULL, NULL),
(1912, 1, 12.00, 0, 1, 590, '2013-03-05', NULL, NULL),
(1913, 1, 12.00, 0, 1, 589, '2013-03-05', NULL, NULL),
(1914, 1, 12.00, 0, 1, 588, '2013-03-05', NULL, NULL),
(1915, 1, 12.00, 0, 1, 587, '2013-03-05', NULL, NULL),
(1916, 1, 12.00, 0, 1, 586, '2013-03-05', NULL, NULL),
(1917, 1, 12.00, 0, 1, 585, '2013-03-05', NULL, NULL),
(1918, 4, 0.00, 0, 1, 510, '2013-03-05', NULL, NULL),
(1919, 4, 0.00, 0, 2, 508, '2013-03-05', NULL, NULL),
(1920, 4, 0.00, 0, 2, 506, '2013-03-05', NULL, NULL),
(1921, 1, 12.00, 0, 1, 584, '2013-03-05', NULL, NULL),
(1922, 4, 0.00, 0, 1, 505, '2013-03-05', NULL, NULL),
(1923, 1, 12.00, 0, 1, 583, '2013-03-05', NULL, NULL),
(1924, 4, 0.00, 0, 1, 504, '2013-03-05', NULL, NULL),
(1925, 1, 12.00, 0, 1, 582, '2013-03-05', NULL, NULL),
(1926, 4, 0.00, 0, 1, 503, '2013-03-05', NULL, NULL),
(1927, 1, 12.00, 0, 1, 581, '2013-03-05', NULL, NULL),
(1928, 4, 0.00, 0, 1, 502, '2013-03-05', NULL, NULL),
(1929, 1, 12.00, 0, 1, 580, '2013-03-05', NULL, NULL),
(1930, 4, 0.00, 0, 1, 501, '2013-03-05', NULL, NULL),
(1931, 1, 12.00, 0, 1, 579, '2013-03-05', NULL, NULL),
(1932, 4, 0.00, 0, 1, 500, '2013-03-05', NULL, NULL);
INSERT INTO `bodegas` (`id`, `insumo_id`, `preciocompra`, `ingreso`, `salida`, `total`, `fecha`, `lugar`, `observaciones`) VALUES
(1933, 1, 12.00, 0, 1, 578, '2013-03-05', NULL, NULL),
(1934, 4, 0.00, 0, 1, 499, '2013-03-05', NULL, NULL),
(1935, 1, 12.00, 0, 0, 594, '2013-03-05', NULL, NULL),
(1936, 4, 0.00, 0, 0, 508, '2013-03-05', NULL, NULL),
(1937, 2, 0.00, 0, 0, 135, '2013-03-05', NULL, NULL),
(1938, 15, 0.00, 0, 1, 963, '2013-03-05', NULL, NULL),
(1939, 15, 0.00, 0, 0, 968, '2013-03-05', NULL, NULL),
(1940, 1, 12.00, 0, 1, 593, '2013-03-05', NULL, NULL),
(1941, 2, 0.00, 0, 2, 133, '2013-03-05', NULL, NULL),
(1942, 4, 0.00, 0, 2, 506, '2013-03-05', NULL, NULL),
(1943, 1, 12.00, 0, 1, 592, '2013-03-05', NULL, NULL),
(1944, 4, 0.00, 0, 1, 505, '2013-03-05', NULL, NULL),
(1945, 1, 12.00, 0, 1, 591, '2013-03-05', NULL, NULL),
(1946, 2, 0.00, 0, 2, 131, '2013-03-05', NULL, NULL),
(1947, 4, 0.00, 0, 0, 507, '2013-03-05', NULL, NULL),
(1948, 2, 0.00, 0, 0, 133, '2013-03-05', NULL, NULL),
(1949, 1, 12.00, 0, 1, 590, '2013-03-05', NULL, NULL),
(1950, 1, 12.00, 0, 1, 589, '2013-03-05', NULL, NULL),
(1951, 1, 12.00, 100, 0, 693, '2013-03-05', NULL, NULL),
(1952, 10, 0.00, 100, 0, 100, '2013-03-05', NULL, NULL),
(1953, 18, 0.00, 0, 0, 2, '2013-03-05', NULL, NULL),
(1954, 2, 0.00, 0, 2, 131, '2013-03-05', NULL, NULL),
(1955, 1, 12.00, 0, 2, 691, '2013-03-05', NULL, NULL),
(1956, 2, 0.00, 0, 1, 130, '2013-03-05', NULL, NULL),
(1957, 1, 12.00, 0, 1, 690, '2013-03-05', NULL, NULL),
(1958, 1, 12.00, 0, 2, 688, '2013-03-05', NULL, NULL),
(1959, 4, 0.00, 0, 2, 505, '2013-03-05', NULL, NULL),
(1960, 1, 12.00, 0, 2, 686, '2013-03-05', NULL, NULL),
(1961, 4, 0.00, 0, 2, 503, '2013-03-05', NULL, NULL),
(1962, 4, 0.00, 0, 1, 502, '2013-03-05', NULL, NULL),
(1963, 1, 12.00, 0, 2, 684, '2013-03-05', NULL, NULL),
(1964, 1, 12.00, 0, 0, 684, '2013-03-05', NULL, NULL),
(1965, 14, 0.00, 0, 1, 1000, '2013-03-05', NULL, NULL),
(1966, 15, 0.00, 0, 1, 967, '2013-03-05', NULL, NULL),
(1967, 1, 12.00, 0, 1, 683, '2013-03-05', NULL, NULL),
(1968, 4, 0.00, 0, 2, 500, '2013-03-05', NULL, NULL),
(1969, 2, 0.00, 0, 1, 129, '2013-03-05', NULL, NULL),
(1970, 2, 0.00, 0, 1, 128, '2013-03-05', NULL, NULL),
(1971, 2, 0.00, 0, 1, 127, '2013-03-05', NULL, NULL),
(1972, 1, 12.00, 0, 0, 683, '2013-03-05', NULL, NULL),
(1973, 2, 0.00, 0, 1, 126, '2013-03-06', NULL, NULL),
(1974, 1, 12.00, 850, 0, 1533, '2013-03-06', NULL, NULL),
(1975, 2, 0.00, 500, 0, 626, '2013-03-06', NULL, NULL),
(1976, 2, 0.00, 500, 0, 1126, '2013-03-06', NULL, NULL),
(1977, 2, 0.00, 0, 1, 1125, '2013-03-06', NULL, NULL),
(1978, 2, 0.00, 0, 2, 1123, '2013-03-06', NULL, NULL),
(1979, 1, 12.00, 0, 2, 1531, '2013-03-06', NULL, NULL),
(1980, 1, 12.00, 0, 2, 1529, '2013-03-06', NULL, NULL),
(1981, 14, 0.00, 0, 1, 999, '2013-03-06', NULL, NULL),
(1982, 2, 0.00, 0, 2, 1121, '2013-03-06', NULL, NULL),
(1983, 1, 12.00, 0, 2, 1527, '2013-03-06', NULL, NULL),
(1984, 14, 0.00, 0, 1, 998, '2013-03-06', NULL, NULL),
(1985, 1, 12.00, 0, 2, 1525, '2013-03-06', NULL, NULL),
(1986, 2, 0.00, 0, 2, 1119, '2013-03-06', NULL, NULL),
(1987, 1, 12.00, 0, 1, 1524, '2013-03-06', NULL, NULL),
(1988, 15, 0.00, 0, 1, 966, '2013-03-06', NULL, NULL),
(1989, 15, 0.00, 0, 1, 965, '2013-03-06', NULL, NULL),
(1990, 1, 12.00, 0, 2, 1522, '2013-03-09', NULL, NULL),
(1991, 4, 0.00, 0, 2, 498, '2013-03-09', NULL, NULL),
(1992, 15, 0.00, 0, 1, 964, '2013-03-09', NULL, NULL),
(1993, 1, 12.00, 0, 2, 1520, '2013-03-09', NULL, NULL),
(1994, 4, 0.00, 0, 2, 496, '2013-03-09', NULL, NULL),
(1995, 14, 0.00, 0, 1, 997, '2013-03-09', NULL, NULL),
(1996, 15, 0.00, 0, 1, 963, '2013-03-09', NULL, NULL),
(1997, 1, 12.00, 0, 2, 1518, '2013-03-09', NULL, NULL),
(1998, 1, 12.00, 0, 2, 1516, '2013-03-09', NULL, NULL),
(1999, 2, 0.00, 0, 2, 1117, '2013-03-09', NULL, NULL),
(2000, 1, 12.00, 0, 2, 1514, '2013-03-09', NULL, NULL),
(2001, 2, 0.00, 0, 2, 1115, '2013-03-09', NULL, NULL),
(2002, 1, 12.00, 0, 2, 1512, '2013-03-09', NULL, NULL),
(2003, 2, 0.00, 0, 2, 1113, '2013-03-09', NULL, NULL),
(2004, 1, 12.00, 0, 2, 1510, '2013-03-09', NULL, NULL),
(2005, 2, 0.00, 0, 2, 1111, '2013-03-09', NULL, NULL),
(2006, 1, 12.00, 0, 2, 1508, '2013-03-09', NULL, NULL),
(2007, 1, 12.00, 0, 2, 1506, '2013-03-09', NULL, NULL),
(2008, 4, 0.00, 0, 2, 494, '2013-03-09', NULL, NULL),
(2009, 1, 12.00, 0, 1, 1505, '2013-03-09', NULL, NULL),
(2010, 1, 12.00, 0, 1, 1504, '2013-03-09', NULL, NULL),
(2011, 4, 0.00, 0, 2, 492, '2013-03-09', NULL, NULL),
(2012, 4, 0.00, 0, 2, 490, '2013-03-09', NULL, NULL),
(2013, 1, 12.00, 0, 2, 1502, '2013-03-09', NULL, NULL),
(2014, 1, 12.00, 0, 2, 1500, '2013-03-09', NULL, NULL),
(2015, 14, 0.00, 0, 1, 996, '2013-03-09', NULL, NULL),
(2016, 1, 12.00, 0, 2, 1498, '2013-03-09', NULL, NULL),
(2017, 4, 0.00, 0, 2, 488, '2013-03-09', NULL, NULL),
(2018, 1, 12.00, 0, 1, 1497, '2013-03-09', NULL, NULL),
(2019, 1, 12.00, 0, 2, 1495, '2013-03-09', NULL, NULL),
(2020, 4, 0.00, 0, 2, 486, '2013-03-09', NULL, NULL),
(2021, 1, 12.00, 0, 1, 1494, '2013-03-09', NULL, NULL),
(2022, 1, 12.00, 0, 1, 1493, '2013-03-09', NULL, NULL),
(2023, 14, 0.00, 0, 1, 995, '2013-03-09', NULL, NULL),
(2024, 1, 12.00, 0, 2, 1491, '2013-03-09', NULL, NULL),
(2025, 4, 0.00, 0, 1, 485, '2013-03-09', NULL, NULL),
(2026, 4, 0.00, 0, 2, 483, '2013-03-09', NULL, NULL),
(2027, 1, 12.00, 0, 2, 1489, '2013-03-09', NULL, NULL),
(2028, 2, 0.00, 0, 2, 1109, '2013-03-09', NULL, NULL),
(2029, 1, 12.00, 0, 2, 1487, '2013-03-09', NULL, NULL),
(2030, 2, 0.00, 0, 1, 1108, '2013-03-09', NULL, NULL),
(2031, 1, 12.00, 0, 1, 1486, '2013-03-09', NULL, NULL),
(2032, 1, 12.00, 0, 2, 1484, '2013-03-09', NULL, NULL),
(2033, 4, 0.00, 0, 2, 481, '2013-03-09', NULL, NULL),
(2034, 1, 12.00, 0, 2, 1482, '2013-03-09', NULL, NULL),
(2035, 14, 0.00, 0, 1, 994, '2013-03-09', NULL, NULL),
(2036, 14, 0.00, 0, 0, 995, '2013-03-09', NULL, NULL);

-- --------------------------------------------------------

--
-- Table structure for table `categorias`
--

CREATE TABLE IF NOT EXISTS `categorias` (
  `id` int(11) NOT NULL AUTO_INCREMENT,
  `nombre` varchar(50) NOT NULL,
  `descripcion` text,
  `tipo` varchar(50) DEFAULT NULL,
  `estado` int(1) NOT NULL DEFAULT '1',
  PRIMARY KEY (`id`)
) ENGINE=MyISAM  DEFAULT CHARSET=latin1 AUTO_INCREMENT=18 ;

--
-- Dumping data for table `categorias`
--

INSERT INTO `categorias` (`id`, `nombre`, `descripcion`, `tipo`, `estado`) VALUES
(2, 'Phampaku Mixto', 'platos de phampaku', 'Comida', 1),
(1, 'Phampaku', '', 'Comida', 1),
(3, 'Picante', '', 'Comida', 1),
(4, 'Conejo', '', 'Comida', 0),
(5, 'Otros', '', 'Comida', 1),
(6, 'Demo', '', 'Comida', 0),
(7, 'Para Picar', '', 'Comida', 1),
(8, 'Para ni&ntilde;os', '', 'Comida', 1),
(9, 'Hamburguesas', '', 'Comida', 0),
(10, 'Refrescos', '', 'Bebidas', 1),
(11, 'Cerveza', '', 'Bebidas', 1),
(12, 'Otras Bebidas', '', 'Bebidas', 1),
(13, 'Jugos en Jarra', '', 'Bebidas', 1),
(14, 'Cocteles', '', 'Bebidas', 1),
(15, 'Jugos del Valle', '', 'Bebidas', 1),
(16, 'vino tinto la concepcion', 'cabernet sauvignon', 'Bebidas', 1),
(17, 'Vinos la concepcion', 'Vinos tintos', 'Bebidas', 1);

-- --------------------------------------------------------

--
-- Table structure for table `clientes`
--

CREATE TABLE IF NOT EXISTS `clientes` (
  `id` int(11) NOT NULL AUTO_INCREMENT COMMENT 'Es la llave primaria de la tabla clientes',
  `nombre` varchar(50) NOT NULL,
  `nit` varchar(20) DEFAULT NULL,
  `nombrenit` varchar(200) DEFAULT NULL,
  `direccion` varchar(200) DEFAULT NULL,
  `telefono` varchar(30) DEFAULT NULL,
  `estado` int(1) DEFAULT '1',
  PRIMARY KEY (`id`)
) ENGINE=MyISAM  DEFAULT CHARSET=latin1 AUTO_INCREMENT=22 ;

--
-- Dumping data for table `clientes`
--

INSERT INTO `clientes` (`id`, `nombre`, `nit`, `nombrenit`, `direccion`, `telefono`, `estado`) VALUES
(2, 'Mauricio Ayllon', NULL, NULL, 'calle uno', '110', 1),
(3, 'Antonio Lopez', NULL, NULL, 'Calle Garzilazo', '951478', 0),
(5, 'Demo', NULL, NULL, 'demo', '1231', 1),
(6, 'oscar prieto', NULL, NULL, 'calle 34', '12345', 1),
(7, 'bryan calderon', NULL, NULL, 'ceja el alto', '8765654', 1),
(9, 'Adriana Miranda', NULL, NULL, 'C. Vida Nueva 1234', '70688246', 0),
(10, 'John Maxwel', NULL, NULL, 'aqui la direccion', '123123', 1),
(11, 'MIRANDA', '4839295013', 'MIRANDA', NULL, NULL, 1),
(18, 'HERRERA', '4376810010', 'HERRERA', NULL, NULL, 1),
(19, 'HERRERA', '4376810010', 'HERRERA', NULL, NULL, 1),
(20, 'GUILLEN', '3817445010', 'GUILLEN', NULL, NULL, 1),
(21, 'GUILLEN', '4647676876', 'GUILLEN', NULL, NULL, 1);

-- --------------------------------------------------------

--
-- Table structure for table `confmultas`
--

CREATE TABLE IF NOT EXISTS `confmultas` (
  `id` int(11) NOT NULL AUTO_INCREMENT,
  `horas` int(2) DEFAULT NULL,
  `minutos` int(2) DEFAULT NULL,
  `monto` float(15,2) NOT NULL DEFAULT '0.00',
  `observaciones` text,
  PRIMARY KEY (`id`)
) ENGINE=MyISAM  DEFAULT CHARSET=latin1 AUTO_INCREMENT=5 ;

--
-- Dumping data for table `confmultas`
--

INSERT INTO `confmultas` (`id`, `horas`, `minutos`, `monto`, `observaciones`) VALUES
(3, 0, 30, 50.00, 'retraso leve'),
(2, 0, 45, 100.00, 'otro'),
(4, 16, 0, 10.00, 'por atrasones');

-- --------------------------------------------------------

--
-- Table structure for table `contratos`
--

CREATE TABLE IF NOT EXISTS `contratos` (
  `id` int(11) NOT NULL AUTO_INCREMENT,
  `usuario_id` int(11) NOT NULL,
  `sueldo` float(10,2) DEFAULT NULL,
  `fechainicio` date NOT NULL,
  `fechafin` date NOT NULL,
  `observaciones` text,
  PRIMARY KEY (`id`)
) ENGINE=MyISAM  DEFAULT CHARSET=latin1 AUTO_INCREMENT=2 ;

--
-- Dumping data for table `contratos`
--

INSERT INTO `contratos` (`id`, `usuario_id`, `sueldo`, `fechainicio`, `fechafin`, `observaciones`) VALUES
(1, 2, 1000.00, '2012-09-01', '2012-12-31', NULL);

-- --------------------------------------------------------

--
-- Table structure for table `departamentos`
--

CREATE TABLE IF NOT EXISTS `departamentos` (
  `id` int(11) NOT NULL AUTO_INCREMENT,
  `nombre` varchar(200) NOT NULL,
  PRIMARY KEY (`id`)
) ENGINE=InnoDB  DEFAULT CHARSET=latin1 AUTO_INCREMENT=3 ;

--
-- Dumping data for table `departamentos`
--

INSERT INTO `departamentos` (`id`, `nombre`) VALUES
(1, 'La Paz'),
(2, 'Cochabamba');

-- --------------------------------------------------------

--
-- Table structure for table `descuentos`
--

CREATE TABLE IF NOT EXISTS `descuentos` (
  `id` int(11) NOT NULL AUTO_INCREMENT,
  `porcentaje` float(10,2) DEFAULT NULL,
  `observacion` varchar(120) DEFAULT NULL,
  PRIMARY KEY (`id`)
) ENGINE=MyISAM  DEFAULT CHARSET=latin1 AUTO_INCREMENT=5 ;

--
-- Dumping data for table `descuentos`
--

INSERT INTO `descuentos` (`id`, `porcentaje`, `observacion`) VALUES
(1, 0.10, '10 %'),
(3, 0.20, '20 %'),
(4, 0.30, '30%');

-- --------------------------------------------------------

--
-- Table structure for table `estados`
--

CREATE TABLE IF NOT EXISTS `estados` (
  `id` int(11) NOT NULL AUTO_INCREMENT,
  `nombre` varchar(100) DEFAULT NULL,
  PRIMARY KEY (`id`)
) ENGINE=InnoDB  DEFAULT CHARSET=latin1 AUTO_INCREMENT=5 ;

--
-- Dumping data for table `estados`
--

INSERT INTO `estados` (`id`, `nombre`) VALUES
(1, 'alta'),
(2, 'baja'),
(3, 'vacacion'),
(4, 'permiso');

-- --------------------------------------------------------

--
-- Table structure for table `facturas`
--

CREATE TABLE IF NOT EXISTS `facturas` (
  `id` int(11) NOT NULL AUTO_INCREMENT,
  `codigo_control` varchar(20) DEFAULT NULL,
  `cliente` varchar(255) DEFAULT NULL,
  `nit` varchar(30) DEFAULT NULL,
  `importetotal` decimal(10,2) DEFAULT NULL,
  `fecha` date DEFAULT NULL,
  `created` date NOT NULL,
  PRIMARY KEY (`id`)
) ENGINE=MyISAM  DEFAULT CHARSET=latin1 AUTO_INCREMENT=148 ;

--
-- Dumping data for table `facturas`
--

INSERT INTO `facturas` (`id`, `codigo_control`, `cliente`, `nit`, `importetotal`, `fecha`, `created`) VALUES
(95, NULL, 'Herreraa', '1234567', '137.00', NULL, '0000-00-00'),
(94, NULL, 'Herreraa', '1234567', '137.00', NULL, '0000-00-00'),
(93, NULL, 'Perez', '1417692017', '137.00', NULL, '0000-00-00'),
(92, NULL, 'Perez', '4189179011', '137.00', NULL, '0000-00-00'),
(91, NULL, 'Herrera', '4376810', '137.00', NULL, '0000-00-00'),
(90, NULL, 'Herrera', '4189179011', '137.00', NULL, '0000-00-00'),
(89, NULL, 'Herrera', '4189179011', '132.00', NULL, '0000-00-00'),
(88, NULL, 'Herrera', '4477890104', '132.00', NULL, '0000-00-00'),
(87, NULL, 'Herrera', '4376810', '137.00', NULL, '0000-00-00'),
(86, NULL, 'Herrera', '4376810', '137.00', NULL, '0000-00-00'),
(85, NULL, 'Herrera', '4376810', '137.00', NULL, '0000-00-00'),
(84, NULL, 'Herrera', '4376810', '132.00', NULL, '0000-00-00'),
(83, NULL, 'Herrera', '4376810', '132.00', NULL, '0000-00-00'),
(82, NULL, 'Herrera', '4376810', '132.00', NULL, '0000-00-00'),
(81, NULL, 'Herrera', '4376810', '132.00', NULL, '0000-00-00'),
(80, NULL, 'Herrera', '4376810', '132.00', NULL, '0000-00-00'),
(79, NULL, 'Herrera', '4376810', '132.00', NULL, '0000-00-00'),
(78, NULL, 'Herrera', '4376810', '132.00', NULL, '0000-00-00'),
(77, NULL, 'Herrera', '4376810', '132.00', NULL, '0000-00-00'),
(76, NULL, 'Herrera', '4376810', '132.00', NULL, '0000-00-00'),
(75, NULL, 'Herrera', '4376810', '132.00', NULL, '0000-00-00'),
(74, NULL, 'Herrera', '4376810', '132.00', NULL, '0000-00-00'),
(73, NULL, 'Herrera', '4376810', '132.00', NULL, '0000-00-00'),
(72, NULL, 'Herrera', '4376810', '132.00', NULL, '0000-00-00'),
(71, NULL, 'Herrera', '4376810', '132.00', NULL, '0000-00-00'),
(70, NULL, 'Herrera', '4376810', '132.00', NULL, '0000-00-00'),
(69, NULL, 'Herrera', '4376810', '132.00', NULL, '0000-00-00'),
(68, NULL, 'Herrera', '4376810', '132.00', NULL, '0000-00-00'),
(67, NULL, 'Herrera', '4376810', '132.00', NULL, '0000-00-00'),
(66, NULL, 'Herrera', '4376810', '132.00', NULL, '0000-00-00'),
(65, NULL, 'Herrera', '123123', '132.00', NULL, '0000-00-00'),
(64, NULL, 'Herrera', '123123', '132.00', NULL, '0000-00-00'),
(63, NULL, 'Herrera', '123123', '132.00', NULL, '0000-00-00'),
(62, NULL, 'Herrera', '123123', '132.00', NULL, '0000-00-00'),
(61, NULL, 'Herrera', '123123', '132.00', NULL, '0000-00-00'),
(60, NULL, 'Herrera', '123123', '132.00', NULL, '0000-00-00'),
(59, NULL, 'Herrera', '123123', '132.00', NULL, '0000-00-00'),
(58, NULL, 'Herrera', '123123', '132.00', NULL, '0000-00-00'),
(57, NULL, 'Herrera', '123123', '132.00', NULL, '0000-00-00'),
(56, NULL, 'Herrera', '123123', '132.00', NULL, '0000-00-00'),
(55, NULL, 'Herrera', '123123', '132.00', NULL, '0000-00-00'),
(54, NULL, 'Herrera', NULL, '132.00', NULL, '0000-00-00'),
(53, NULL, 'Herrera', NULL, '132.00', NULL, '0000-00-00'),
(52, NULL, 'Herrera', NULL, '132.00', NULL, '0000-00-00'),
(51, NULL, 'Herrera', '123123', '132.00', NULL, '0000-00-00'),
(50, NULL, 'Herrera', '123123', '132.00', NULL, '0000-00-00'),
(96, NULL, 'Herreraa', '1234567', '137.00', NULL, '0000-00-00'),
(97, NULL, 'Herreraa', '1234567', '137.00', NULL, '0000-00-00'),
(98, NULL, 'Herreraa', '1417692017', '137.00', NULL, '0000-00-00'),
(99, NULL, 'Herreraa', '1417692017', '137.00', NULL, '0000-00-00'),
(100, NULL, 'Herreraa', '1417692017', '137.00', NULL, '0000-00-00'),
(101, NULL, 'Perez', '1234567890', '137.00', NULL, '0000-00-00'),
(102, NULL, 'Perez', '1234567890', '137.00', NULL, '0000-00-00'),
(103, NULL, 'Herrea', '1234567890', '132.00', NULL, '0000-00-00'),
(104, NULL, 'miranda', '4839295013', '150.00', NULL, '0000-00-00'),
(105, NULL, 'miranda', '4839295013', '75.00', NULL, '0000-00-00'),
(106, NULL, 'MIRANDA', '4839295013', '75.00', NULL, '0000-00-00'),
(107, NULL, NULL, NULL, NULL, NULL, '2013-02-24'),
(108, NULL, NULL, NULL, NULL, NULL, '2013-02-24'),
(109, NULL, NULL, NULL, '60.00', NULL, '2013-02-24'),
(110, NULL, NULL, NULL, '72.00', NULL, '2013-02-24'),
(111, NULL, NULL, NULL, '132.00', NULL, '2013-02-24'),
(112, NULL, NULL, NULL, '137.00', NULL, '2013-02-24'),
(113, NULL, NULL, NULL, '132.00', NULL, '2013-02-24'),
(114, NULL, 'MIRANDA', '4839295013', '75.00', NULL, '2013-02-24'),
(115, NULL, 'MIRANDA', '4839295013', '75.00', NULL, '2013-02-24'),
(116, NULL, 'MIRANDA', '4839295013', '75.00', NULL, '2013-02-24'),
(117, NULL, 'MIRANDA', '4839295013', '75.00', NULL, '2013-02-24'),
(118, NULL, 'MIRANDA', '4839295013', '75.00', NULL, '2013-02-24'),
(119, NULL, 'MIRANDA', '4839295013', '75.00', NULL, '2013-02-24'),
(120, NULL, 'HERRERA', '4376810010', '75.00', NULL, '2013-02-24'),
(121, NULL, 'HERRERA', '4376810010', '75.00', NULL, '2013-02-24'),
(122, NULL, 'HERRERA', '4376810010', '75.00', NULL, '2013-02-24'),
(123, NULL, 'MIRANDA', '4839295013', '75.00', NULL, '2013-02-24'),
(124, NULL, 'MIRANDA', '4839295013', '75.00', NULL, '2013-02-24'),
(125, NULL, 'MIRANDA', '4839295013', '75.00', NULL, '2013-02-24'),
(126, NULL, 'MIRANDA', '4839295013', '75.00', NULL, '2013-02-24'),
(127, NULL, 'MIRANDA', '4839295013', '75.00', NULL, '2013-02-24'),
(128, NULL, 'MIRANDA', '4839295013', '135.00', NULL, '2013-02-24'),
(129, NULL, 'MIRANDA', '4839295013', '135.00', NULL, '2013-02-24'),
(130, NULL, 'MIRANDA', '4839295013', '135.00', NULL, '2013-02-24'),
(131, NULL, 'MIRANDA', '4839295013', '135.00', NULL, '2013-02-24'),
(132, NULL, 'MIRANDA', '4839295013', '135.00', NULL, '2013-02-24'),
(133, 'DA-2C-2F-9A', 'MIRANDA', '4839295013', '75.00', '2013-02-24', '2013-02-24'),
(134, '73-43-08-18', 'HERRERA', '4376810', '75.00', '2013-02-24', '2013-02-24'),
(135, NULL, 'GUILLEN', '3817445010', '195.00', NULL, '2013-02-26'),
(136, NULL, 'MIRANDA', '4839295013', '135.00', NULL, '2013-02-26'),
(137, NULL, 'MIRANDA', '4839295013', '135.00', NULL, '2013-02-26'),
(138, NULL, 'MIRANDA', '4839295013', '135.00', NULL, '2013-02-26'),
(139, NULL, 'HERRERA', '4376810010', '60.00', NULL, '2013-02-26'),
(140, '03-DF-24-B9-F2', 'MIRANDA', '4839295013', '75.00', '2013-02-26', '2013-02-26'),
(141, '4A-0F-A9-0B', 'MIRANDA', '4839295', '75.00', '2013-02-26', '2013-02-26'),
(142, 'BF-25-86-33', 'GUILLEN', '4567895010', '75.00', '2013-02-26', '2013-02-26'),
(143, '14-44-68-0C-2E', '', '', '75.00', '2013-02-26', '2013-02-26'),
(144, NULL, 'MIRANDA', '4839295013', '0.00', NULL, '2013-02-26'),
(145, NULL, 'GUILLEN', '4647676876', '660.00', NULL, '2013-03-05'),
(146, '15-A3-17-A2-B3', '', '', '120.00', '2013-03-05', '2013-03-05'),
(147, 'B8-BA-F6-F9-41', 'MIRA DA', '4839295013', '120.00', '2013-03-05', '2013-03-05');

-- --------------------------------------------------------

--
-- Table structure for table `horarios`
--

CREATE TABLE IF NOT EXISTS `horarios` (
  `id` int(11) NOT NULL AUTO_INCREMENT,
  `entrada` time DEFAULT NULL,
  `salida` time DEFAULT NULL,
  `observacion` varchar(200) DEFAULT NULL,
  `habil` int(1) DEFAULT NULL,
  `dia` varchar(30) DEFAULT NULL,
  PRIMARY KEY (`id`)
) ENGINE=MyISAM  DEFAULT CHARSET=latin1 AUTO_INCREMENT=2 ;

--
-- Dumping data for table `horarios`
--

INSERT INTO `horarios` (`id`, `entrada`, `salida`, `observacion`, `habil`, `dia`) VALUES
(1, '09:00:00', '20:00:00', 'ninguna', 1, 'lunes');

-- --------------------------------------------------------

--
-- Table structure for table `insumos`
--

CREATE TABLE IF NOT EXISTS `insumos` (
  `id` int(11) NOT NULL AUTO_INCREMENT,
  `nombre` varchar(200) NOT NULL,
  `preciocompra` float(15,2) NOT NULL DEFAULT '0.00',
  `precioventa` float(15,2) NOT NULL DEFAULT '0.00',
  `fecha` date NOT NULL,
  `total` int(11) NOT NULL DEFAULT '0',
  `bodega` int(11) NOT NULL DEFAULT '0',
  `tipo_id` int(11) NOT NULL DEFAULT '0',
  `estado` int(1) NOT NULL DEFAULT '1',
  `observaciones` varchar(255) DEFAULT NULL,
  PRIMARY KEY (`id`)
) ENGINE=MyISAM  DEFAULT CHARSET=latin1 AUTO_INCREMENT=54 ;

--
-- Dumping data for table `insumos`
--

INSERT INTO `insumos` (`id`, `nombre`, `preciocompra`, `precioventa`, `fecha`, `total`, `bodega`, `tipo_id`, `estado`, `observaciones`) VALUES
(1, 'Pollo', 12.00, 0.00, '2012-08-24', 0, 1533, 1, 1, ''),
(2, 'Cerdo', 0.00, 0.00, '2012-08-24', -500, 1126, 1, 1, ''),
(3, 'Laping', 0.00, 0.00, '2012-08-24', 50, 7, 1, 1, ''),
(4, 'Cordero', 0.00, 0.00, '2012-08-24', 50, 1000, 1, 1, ''),
(5, 'Pato', 0.00, 0.00, '2012-08-24', 80, 50, 1, 1, ''),
(6, 'Coca Cola', 11.00, 12.00, '2012-08-24', 12, 64, 4, 1, ''),
(7, 'Fanta', 0.00, 0.00, '2012-08-24', 0, 100, 4, 1, ''),
(8, 'platos', 6.00, 0.00, '2012-08-25', 40, 0, 5, 1, ''),
(9, 'Huari', 12.00, 0.00, '2012-08-26', 58, 62, 6, 1, ''),
(10, 'Pacena', 0.00, 0.00, '2012-08-26', 901, 100, 6, 1, ''),
(11, 'Taqui&ntilde;a', 0.00, 0.00, '2012-08-26', 1072, 48, 6, 1, ''),
(12, 'Cordillera', 0.00, 0.00, '2012-08-26', 1020, 30, 6, 1, ''),
(13, 'Inca', 0.00, 0.00, '2012-08-26', 1050, 24, 6, 1, ''),
(14, 'Durazno', 0.00, 0.00, '2012-08-26', 1000, 1017, 7, 1, ''),
(15, 'Manzana', 0.00, 0.00, '2012-08-26', 1010, 1030, 7, 1, ''),
(16, 'Tumbo', 0.00, 0.00, '2012-08-26', 1030, 20, 7, 1, ''),
(17, 'Guinda', 0.00, 0.00, '2012-08-26', 10, 24, 7, 1, ''),
(18, 'Tamarindo', 0.00, 0.00, '2012-08-26', 0, 5, 7, 1, ''),
(19, 'Guayaba', 0.00, 0.00, '2012-08-26', 12, 24, 7, 1, ''),
(20, 'Garapina', 0.00, 0.00, '2012-08-26', 10, 30, 8, 1, ''),
(21, 'Mote de Haba', 0.00, 0.00, '2012-08-26', 50, 20, 9, 1, ''),
(22, 'Cebolla', 0.00, 0.00, '2012-08-26', 9, 4, 10, 0, ''),
(23, 'Tomate', 0.00, 0.00, '2012-08-26', 10, 5, 10, 1, ''),
(24, 'Queso', 0.00, 0.00, '2012-08-26', 0, 71, 10, 1, ''),
(25, 'Locoto', 0.00, 0.00, '2012-08-26', 20, 20, 10, 1, ''),
(26, 'Impresora Epson Mp20', 700.00, 0.00, '2012-09-28', 2, 0, 11, 1, ''),
(27, 'Mote', 12.00, 14.00, '2012-10-03', 10, 0, 10, 1, ''),
(28, 'Sprite', 12.00, 15.00, '2012-10-03', 10, 0, 4, 1, ''),
(29, 'Agua Mineral 1/2 Litro', 0.00, 0.00, '2012-10-06', 8, 0, 12, 1, ''),
(30, 'Agua Mineral 2 Litros ', 0.00, 0.00, '2012-10-06', 10, 0, 12, 1, ''),
(31, 'Coca Cola Zero', 0.00, 0.00, '2012-10-06', 0, 0, 13, 1, ''),
(32, 'Coca Cola Zero', 0.00, 0.00, '2012-10-06', 0, 0, 14, 1, ''),
(33, 'Agua C/G Mineral 1/2 Litro ', 0.00, 0.00, '2012-10-06', 7, 0, 12, 1, ''),
(34, 'Agua Mineral C/G 2 Litros', 0.00, 0.00, '2012-10-06', 0, 0, 12, 1, ''),
(43, 'Chicle Top Line', 0.20, 0.50, '2013-02-16', 40, 10, 16, 1, ''),
(44, 'cabernet sauvignon arcangel', 0.00, 180.00, '2013-03-02', 3, 7, 17, 1, 'vino tinto la concepcion cabernet sauvignon arcangel'),
(45, 'vino la concepcion', 0.00, 120.00, '2013-03-02', 10, 0, 17, 1, 'cabernet sauvignon vino de altura 2008'),
(46, 'vino la concepcion', 0.00, 320.00, '2013-03-02', 10, 0, 17, 1, 'cabernet sauvignon cepas de altura 2001'),
(47, 'vino campos de solana', 0.00, 120.00, '2013-03-02', 10, 0, 17, 1, 'campos de solana  malbec 2006'),
(48, 'vino campos de solana', 0.00, 110.00, '2013-03-02', 10, 0, 17, 1, 'campos de solana  malbec 2007'),
(49, 'vino campos de solana', 0.00, 110.00, '2013-03-02', 110, 0, 17, 1, 'campos de solana  malbec 2009'),
(50, 'vino campos de solana', 0.00, 110.00, '2013-03-02', 10, 0, 17, 1, 'campos de solana  malbec 2010'),
(51, 'vino campos de solana', 0.00, 120.00, '2013-03-02', 10, 0, 17, 1, 'campos de solana merlot 2008'),
(52, 'vino campos de solana', 0.00, 120.00, '2013-03-02', 10, 0, 17, 1, 'campos de solana merlot 2009'),
(53, 'vino campos de solana', 0.00, 120.00, '2013-03-02', 10, 0, 17, 1, 'campos de solana merlot 2010');

-- --------------------------------------------------------

--
-- Table structure for table `items`
--

CREATE TABLE IF NOT EXISTS `items` (
  `id` int(11) NOT NULL AUTO_INCREMENT,
  `pedido_id` int(11) NOT NULL,
  `producto_id` int(11) NOT NULL,
  `cantidad` smallint(2) NOT NULL DEFAULT '0',
  `precio` float(15,2) NOT NULL DEFAULT '0.00',
  `fecha` datetime NOT NULL,
  `estado` smallint(1) DEFAULT '0',
  PRIMARY KEY (`id`)
) ENGINE=MyISAM  DEFAULT CHARSET=latin1 AUTO_INCREMENT=362 ;

--
-- Dumping data for table `items`
--

INSERT INTO `items` (`id`, `pedido_id`, `producto_id`, `cantidad`, `precio`, `fecha`, `estado`) VALUES
(1, 1, 15, 3, 180.00, '2013-03-03 00:27:19', 0),
(2, 1, 14, 2, 120.00, '2013-03-03 00:27:20', 0),
(3, 1, 58, 2, 360.00, '2013-03-03 00:27:22', 0),
(5, 3, 15, 4, 240.00, '2013-03-05 04:22:20', 0),
(6, 3, 14, 2, 120.00, '2013-03-05 04:22:36', 0),
(7, 3, 52, 2, 30.00, '2013-03-05 04:22:47', 0),
(8, 4, 7, 2, 120.00, '2013-03-05 12:47:05', 0),
(9, 4, 9, 1, 60.00, '2013-03-05 12:47:12', 0),
(10, 4, 53, 1, 15.00, '2013-03-05 12:49:02', 0),
(12, 5, 12, 3, 186.00, '2013-03-05 13:18:20', 0),
(13, 5, 37, 1, 60.00, '2013-03-05 13:18:42', 0),
(14, 5, 17, 2, 138.00, '2013-03-05 13:19:41', 0),
(16, 5, 20, 6, 72.00, '2013-03-05 13:25:06', 0),
(17, 5, 18, 2, 24.00, '2013-03-05 13:25:28', 0),
(18, 5, 54, 4, 60.00, '2013-03-05 13:26:14', 0),
(19, 5, 53, 2, 30.00, '2013-03-05 13:26:20', 0),
(20, 6, 6, 5, 300.00, '2013-03-05 13:29:14', 0),
(21, 6, 17, 2, 138.00, '2013-03-05 13:29:28', 0),
(22, 6, 37, 2, 120.00, '2013-03-05 13:29:55', 0),
(23, 6, 20, 2, 24.00, '2013-03-05 13:30:17', 0),
(24, 6, 18, 2, 24.00, '2013-03-05 13:30:20', 0),
(25, 6, 54, 2, 30.00, '2013-03-05 13:30:26', 0),
(26, 6, 49, 2, 30.00, '2013-03-05 13:30:29', 0),
(27, 6, 23, 2, 32.00, '2013-03-05 13:30:50', 0),
(28, 6, 32, 2, 16.00, '2013-03-05 13:31:13', 0),
(29, 6, 58, 2, 360.00, '2013-03-05 13:31:39', 0),
(30, 6, 16, 4, 240.00, '2013-03-05 13:31:58', 0),
(40, 7, 17, 4, 276.00, '2013-03-05 13:40:37', 0),
(32, 6, 7, 2, 120.00, '2013-03-05 13:34:42', 0),
(42, 9, 10, 12, 720.00, '2013-03-05 13:45:01', 0),
(41, 9, 12, 4, 248.00, '2013-03-05 13:45:00', 0),
(39, 7, 16, 12, 720.00, '2013-03-05 13:40:35', 0),
(37, 7, 20, 4, 48.00, '2013-03-05 13:37:39', 0),
(43, 9, 9, 11, 660.00, '2013-03-05 13:45:03', 0),
(44, 9, 6, 12, 720.00, '2013-03-05 13:45:04', 0),
(45, 9, 7, 6, 360.00, '2013-03-05 13:45:05', 0),
(46, 9, 20, 2, 24.00, '2013-03-05 13:45:48', 0),
(47, 9, 18, 2, 24.00, '2013-03-05 13:45:49', 0),
(48, 9, 53, 2, 30.00, '2013-03-05 13:45:55', 0),
(49, 9, 49, 2, 30.00, '2013-03-05 13:45:56', 0),
(50, 9, 23, 2, 32.00, '2013-03-05 13:46:02', 0),
(51, 9, 37, 2, 120.00, '2013-03-05 13:46:11', 0),
(53, 12, 10, 1, 60.00, '2013-03-05 13:58:22', 0),
(54, 12, 9, 1, 60.00, '2013-03-05 13:58:24', 0),
(56, 12, 17, 1, 69.00, '2013-03-05 13:59:17', 0),
(57, 12, 15, 1, 60.00, '2013-03-05 13:59:20', 0),
(210, 32, 3, 4, 240.00, '2013-03-05 15:11:02', 0),
(59, 12, 16, 1, 60.00, '2013-03-05 13:59:26', 0),
(61, 12, 18, 1, 12.00, '2013-03-05 13:59:51', 0),
(63, 12, 32, 1, 8.00, '2013-03-05 14:01:47', 0),
(64, 13, 3, 2, 120.00, '2013-03-05 14:02:34', 0),
(65, 13, 9, 2, 120.00, '2013-03-05 14:02:38', 0),
(66, 13, 52, 6, 90.00, '2013-03-05 14:02:43', 0),
(67, 13, 58, 2, 360.00, '2013-03-05 14:03:19', 0),
(68, 13, 37, 2, 120.00, '2013-03-05 14:04:17', 0),
(69, 14, 12, 1, 62.00, '2013-03-05 14:06:05', 0),
(70, 14, 17, 2, 138.00, '2013-03-05 14:06:26', 0),
(71, 14, 16, 3, 180.00, '2013-03-05 14:06:31', 0),
(72, 14, 7, 9, 540.00, '2013-03-05 14:07:46', 0),
(73, 14, 20, 3, 36.00, '2013-03-05 14:08:30', 0),
(74, 14, 18, 5, 60.00, '2013-03-05 14:08:36', 0),
(75, 14, 53, 2, 30.00, '2013-03-05 14:09:04', 0),
(76, 14, 54, 2, 30.00, '2013-03-05 14:09:07', 0),
(77, 14, 49, 3, 45.00, '2013-03-05 14:09:23', 0),
(78, 14, 58, 2, 360.00, '2013-03-05 14:09:32', 0),
(79, 15, 12, 4, 248.00, '2013-03-05 14:11:05', 0),
(80, 15, 7, 3, 180.00, '2013-03-05 14:11:08', 0),
(81, 15, 3, 2, 120.00, '2013-03-05 14:11:11', 0),
(82, 15, 9, 2, 120.00, '2013-03-05 14:11:14', 0),
(83, 15, 17, 2, 138.00, '2013-03-05 14:11:16', 0),
(84, 15, 16, 2, 120.00, '2013-03-05 14:11:19', 0),
(85, 15, 32, 2, 16.00, '2013-03-05 14:11:28', 0),
(86, 15, 55, 2, 4.00, '2013-03-05 14:11:37', 0),
(87, 15, 54, 4, 60.00, '2013-03-05 14:11:40', 0),
(88, 15, 49, 4, 60.00, '2013-03-05 14:11:42', 0),
(89, 16, 12, 1, 62.00, '2013-03-05 14:12:23', 0),
(90, 16, 7, 1, 60.00, '2013-03-05 14:12:24', 0),
(91, 16, 20, 1, 12.00, '2013-03-05 14:12:31', 0),
(92, 16, 54, 1, 15.00, '2013-03-05 14:12:41', 0),
(97, 17, 7, 4, 240.00, '2013-03-05 14:16:11', 0),
(94, 16, 18, 1, 12.00, '2013-03-05 14:12:51', 0),
(95, 16, 32, 1, 8.00, '2013-03-05 14:12:56', 0),
(98, 17, 6, 2, 120.00, '2013-03-05 14:16:15', 0),
(99, 17, 20, 2, 24.00, '2013-03-05 14:16:28', 0),
(100, 17, 55, 2, 4.00, '2013-03-05 14:16:39', 0),
(102, 19, 7, 2, 120.00, '2013-03-05 14:19:20', 0),
(103, 19, 3, 2, 120.00, '2013-03-05 14:19:29', 0),
(104, 20, 7, 2, 120.00, '2013-03-05 14:20:11', 0),
(127, 23, 3, 4, 240.00, '2013-03-05 14:36:25', 0),
(166, 27, 55, 2, 4.00, '2013-03-05 14:53:44', 0),
(165, 27, 52, 2, 30.00, '2013-03-05 14:53:32', 0),
(164, 27, 49, 2, 30.00, '2013-03-05 14:53:29', 0),
(163, 27, 20, 2, 24.00, '2013-03-05 14:53:18', 0),
(162, 27, 18, 4, 48.00, '2013-03-05 14:53:03', 0),
(161, 27, 16, 6, 360.00, '2013-03-05 14:52:47', 0),
(160, 27, 7, 2, 120.00, '2013-03-05 14:52:15', 0),
(151, 26, 52, 8, 120.00, '2013-03-05 14:47:06', 0),
(150, 26, 54, 12, 180.00, '2013-03-05 14:47:03', 0),
(149, 26, 14, 2, 120.00, '2013-03-05 14:46:36', 0),
(148, 26, 15, 2, 120.00, '2013-03-05 14:46:34', 0),
(147, 26, 16, 1, 60.00, '2013-03-05 14:46:34', 0),
(157, 26, 3, 2, 120.00, '2013-03-05 14:49:29', 1),
(145, 26, 7, 12, 720.00, '2013-03-05 14:46:06', 0),
(144, 26, 6, 14, 840.00, '2013-03-05 14:46:01', 0),
(159, 27, 3, 6, 360.00, '2013-03-05 14:52:05', 0),
(143, 26, 3, 15, 900.00, '2013-03-05 14:45:59', 0),
(153, 26, 37, 6, 360.00, '2013-03-05 14:47:22', 0),
(152, 26, 49, 4, 60.00, '2013-03-05 14:47:09', 0),
(128, 23, 7, 4, 240.00, '2013-03-05 14:36:29', 0),
(129, 23, 6, 8, 480.00, '2013-03-05 14:36:31', 0),
(130, 23, 15, 2, 120.00, '2013-03-05 14:36:39', 0),
(131, 23, 16, 2, 120.00, '2013-03-05 14:36:42', 0),
(132, 23, 32, 4, 32.00, '2013-03-05 14:37:19', 0),
(133, 23, 55, 4, 8.00, '2013-03-05 14:37:24', 0),
(134, 23, 20, 2, 24.00, '2013-03-05 14:37:50', 0),
(135, 23, 54, 4, 60.00, '2013-03-05 14:37:59', 0),
(169, 28, 55, 2, 4.00, '2013-03-05 14:55:38', 0),
(158, 27, 6, 4, 240.00, '2013-03-05 14:51:54', 0),
(170, 28, 3, 3, 180.00, '2013-03-05 14:55:46', 0),
(171, 29, 37, 2, 120.00, '2013-03-05 14:56:06', 0),
(172, 29, 6, 2, 120.00, '2013-03-05 14:56:13', 0),
(173, 29, 7, 2, 120.00, '2013-03-05 14:56:13', 0),
(174, 29, 3, 2, 120.00, '2013-03-05 14:56:14', 0),
(176, 30, 6, 4, 240.00, '2013-03-05 14:57:33', 0),
(177, 30, 3, 6, 360.00, '2013-03-05 14:57:35', 0),
(178, 32, 7, 2, 120.00, '2013-03-05 14:59:17', 0),
(179, 32, 3, 2, 120.00, '2013-03-05 14:59:23', 0),
(180, 32, 20, 4, 48.00, '2013-03-05 14:59:44', 0),
(181, 33, 18, 4, 48.00, '2013-03-05 15:00:17', 0),
(182, 33, 6, 6, 360.00, '2013-03-05 15:00:26', 0),
(183, 33, 3, 18, 1080.00, '2013-03-05 15:00:34', 0),
(184, 33, 7, 7, 420.00, '2013-03-05 15:00:42', 0),
(185, 33, 54, 10, 150.00, '2013-03-05 15:00:46', 0),
(186, 33, 55, 6, 12.00, '2013-03-05 15:01:02', 0),
(187, 33, 16, 8, 480.00, '2013-03-05 15:01:20', 0),
(188, 33, 15, 4, 240.00, '2013-03-05 15:01:20', 0),
(189, 33, 14, 6, 360.00, '2013-03-05 15:01:20', 0),
(190, 33, 49, 8, 120.00, '2013-03-05 15:02:15', 0),
(191, 33, 20, 6, 72.00, '2013-03-05 15:02:54', 0),
(193, 30, 52, 5, 75.00, '2013-03-05 15:04:23', 0),
(195, 34, 3, 2, 120.00, '2013-03-05 15:04:47', 0),
(196, 34, 6, 2, 120.00, '2013-03-05 15:04:48', 0),
(197, 34, 52, 4, 60.00, '2013-03-05 15:04:53', 0),
(198, 34, 49, 2, 30.00, '2013-03-05 15:04:56', 0),
(199, 34, 55, 4, 8.00, '2013-03-05 15:05:05', 0),
(200, 34, 32, 4, 32.00, '2013-03-05 15:05:09', 0),
(201, 33, 3, 1, 60.00, '2013-03-05 15:05:30', 1),
(202, 25, 3, 22, 1320.00, '2013-03-05 15:08:33', 0),
(203, 36, 3, 4, 240.00, '2013-03-05 15:09:29', 0),
(204, 36, 6, 2, 120.00, '2013-03-05 15:09:34', 0),
(205, 36, 7, 2, 120.00, '2013-03-05 15:09:34', 0),
(206, 12, 3, 5, 300.00, '2013-03-05 15:09:51', 1),
(208, 12, 7, 3, 180.00, '2013-03-05 15:10:03', 1),
(209, 12, 18, 2, 24.00, '2013-03-05 15:10:06', 1),
(333, 53, 52, 1, 15.00, '2013-03-05 20:40:03', 0),
(332, 53, 49, 1, 15.00, '2013-03-05 20:39:58', 0),
(331, 53, 14, 1, 60.00, '2013-03-05 20:39:17', 0),
(330, 53, 15, 1, 60.00, '2013-03-05 20:39:16', 0),
(329, 52, 14, 2, 120.00, '2013-03-05 20:31:16', 0),
(328, 52, 15, 2, 120.00, '2013-03-05 20:31:14', 0),
(257, 42, 3, 8, 480.00, '2013-03-05 16:09:49', 0),
(285, 21, 7, 1, 60.00, '2013-03-05 16:54:19', 1),
(229, 24, 3, 2, 120.00, '2013-03-05 15:23:10', 0),
(238, 24, 32, 8, 64.00, '2013-03-05 15:25:08', 0),
(231, 24, 14, 2, 120.00, '2013-03-05 15:23:19', 0),
(234, 24, 52, 1, 15.00, '2013-03-05 15:23:36', 0),
(246, 37, 3, 25, 1500.00, '2013-03-05 15:30:05', 0),
(245, 24, 52, 1, 15.00, '2013-03-05 15:28:42', 1),
(247, 37, 6, 22, 1320.00, '2013-03-05 15:30:09', 0),
(248, 37, 7, 14, 840.00, '2013-03-05 15:30:11', 0),
(249, 37, 52, 2, 30.00, '2013-03-05 15:35:36', 0),
(252, 41, 3, 15, 900.00, '2013-03-05 15:57:48', 0),
(253, 41, 37, 1, 60.00, '2013-03-05 15:58:01', 0),
(258, 42, 6, 6, 360.00, '2013-03-05 16:09:50', 0),
(259, 42, 7, 4, 240.00, '2013-03-05 16:09:53', 0),
(260, 42, 52, 4, 60.00, '2013-03-05 16:10:14', 0),
(261, 42, 49, 8, 120.00, '2013-03-05 16:10:16', 0),
(262, 42, 55, 4, 8.00, '2013-03-05 16:10:19', 0),
(263, 42, 18, 2, 24.00, '2013-03-05 16:14:57', 0),
(264, 42, 20, 2, 24.00, '2013-03-05 16:14:57', 0),
(265, 42, 32, 4, 32.00, '2013-03-05 16:18:58', 0),
(296, 21, 49, 1, 15.00, '2013-03-05 16:55:52', 1),
(295, 21, 52, 1, 15.00, '2013-03-05 16:55:50', 1),
(268, 38, 3, 1, 60.00, '2013-03-05 16:22:59', 0),
(294, 21, 18, 1, 12.00, '2013-03-05 16:55:29', 1),
(293, 21, 20, 1, 12.00, '2013-03-05 16:55:29', 1),
(292, 21, 32, 2, 16.00, '2013-03-05 16:55:20', 1),
(291, 21, 37, 1, 60.00, '2013-03-05 16:55:14', 1),
(290, 21, 14, 3, 180.00, '2013-03-05 16:54:35', 1),
(289, 21, 15, 2, 120.00, '2013-03-05 16:54:34', 1),
(286, 21, 6, 1, 60.00, '2013-03-05 16:54:20', 1),
(287, 21, 3, 1, 60.00, '2013-03-05 16:54:22', 1),
(288, 21, 16, 2, 120.00, '2013-03-05 16:54:33', 1),
(297, 14, 3, 16, 960.00, '2013-03-05 16:57:12', 0),
(298, 14, 6, 5, 300.00, '2013-03-05 16:57:14', 0),
(318, 30, 32, 2, 16.00, '2013-03-05 18:41:37', 0),
(317, 30, 49, 2, 30.00, '2013-03-05 18:40:39', 0),
(319, 30, 3, 2, 120.00, '2013-03-05 18:42:55', 1),
(314, 46, 7, 2, 120.00, '2013-03-05 18:37:40', 0),
(304, 14, 15, 2, 120.00, '2013-03-05 16:59:14', 0),
(305, 14, 14, 2, 120.00, '2013-03-05 16:59:14', 0),
(306, 14, 37, 2, 120.00, '2013-03-05 16:59:21', 0),
(313, 46, 3, 4, 240.00, '2013-03-05 18:36:09', 0),
(312, 3, 10, 2, 120.00, '2013-03-05 18:19:14', 0),
(309, 14, 52, 2, 30.00, '2013-03-05 16:59:41', 0),
(327, 51, 16, 1, 60.00, '2013-03-05 20:19:23', 0),
(335, 55, 16, 2, 120.00, '2013-03-06 16:42:18', 0),
(336, 55, 15, 2, 120.00, '2013-03-06 16:42:20', 0),
(337, 55, 49, 2, 30.00, '2013-03-06 16:42:26', 0),
(338, 56, 16, 2, 120.00, '2013-03-06 16:44:15', 0),
(339, 56, 49, 2, 30.00, '2013-03-06 16:44:17', 0),
(343, 59, 15, 2, 120.00, '2013-03-09 14:08:00', 0),
(341, 58, 16, 2, 120.00, '2013-03-06 17:13:18', 0),
(342, 58, 52, 4, 60.00, '2013-03-06 17:13:20', 0),
(344, 59, 14, 2, 120.00, '2013-03-09 14:08:01', 0),
(345, 59, 52, 2, 30.00, '2013-03-09 14:08:03', 0),
(346, 63, 15, 5, 300.00, '2013-03-09 15:31:51', 0),
(347, 63, 14, 4, 240.00, '2013-03-09 15:31:54', 0),
(348, 63, 49, 1, 15.00, '2013-03-09 15:47:01', 0),
(349, 63, 52, 1, 15.00, '2013-03-09 15:49:09', 0),
(350, 63, 16, 4, 240.00, '2013-03-09 15:51:27', 0),
(351, 64, 15, 1, 60.00, '2013-03-09 16:25:32', 0),
(352, 64, 49, 1, 15.00, '2013-03-09 16:25:42', 0),
(353, 66, 15, 1, 60.00, '2013-03-09 16:30:55', 0),
(354, 66, 14, 1, 60.00, '2013-03-09 16:30:57', 0),
(355, 68, 15, 3, 180.00, '2013-03-09 16:50:21', 0),
(356, 68, 14, 2, 120.00, '2013-03-09 16:50:23', 0),
(357, 68, 49, 1, 15.00, '2013-03-09 16:51:40', 0),
(358, 68, 16, 1, 60.00, '2013-03-09 17:02:59', 0),
(359, 69, 15, 2, 120.00, '2013-03-09 17:22:54', 0),
(360, 69, 14, 1, 60.00, '2013-03-09 17:22:57', 0);

-- --------------------------------------------------------

--
-- Table structure for table `movimientos`
--

CREATE TABLE IF NOT EXISTS `movimientos` (
  `id` int(11) NOT NULL AUTO_INCREMENT,
  `insumo_id` int(11) DEFAULT NULL,
  `ingreso` int(11) DEFAULT '0',
  `salida` int(11) DEFAULT '0',
  `total` int(11) DEFAULT '0',
  `fecharegistro` date DEFAULT NULL,
  PRIMARY KEY (`id`)
) ENGINE=MyISAM DEFAULT CHARSET=latin1 AUTO_INCREMENT=1 ;

-- --------------------------------------------------------

--
-- Table structure for table `multas`
--

CREATE TABLE IF NOT EXISTS `multas` (
  `id` int(11) NOT NULL AUTO_INCREMENT,
  `usuario_id` int(11) NOT NULL,
  `conf_multa_id` int(11) NOT NULL,
  `observaciones` text,
  PRIMARY KEY (`id`)
) ENGINE=MyISAM DEFAULT CHARSET=latin1 AUTO_INCREMENT=1 ;

-- --------------------------------------------------------

--
-- Table structure for table `parametrosfacturas`
--

CREATE TABLE IF NOT EXISTS `parametrosfacturas` (
  `id` int(11) NOT NULL AUTO_INCREMENT,
  `nit` varchar(30) DEFAULT NULL,
  `numero_autorizacion` varchar(30) DEFAULT NULL,
  `llave` varchar(500) DEFAULT NULL,
  `fechalimite` date DEFAULT NULL,
  `otro3` int(11) DEFAULT NULL,
  PRIMARY KEY (`id`)
) ENGINE=InnoDB  DEFAULT CHARSET=latin1 AUTO_INCREMENT=2 ;

--
-- Dumping data for table `parametrosfacturas`
--

INSERT INTO `parametrosfacturas` (`id`, `nit`, `numero_autorizacion`, `llave`, `fechalimite`, `otro3`) VALUES
(1, '3817445015', '29040011007', 'A3Fs4s$)2cvD(eY667A5C4A2rsdf53kw9654E2B23s24df35F5', '2013-08-30', NULL);

-- --------------------------------------------------------

--
-- Table structure for table `pedidos`
--

CREATE TABLE IF NOT EXISTS `pedidos` (
  `id` int(11) NOT NULL AUTO_INCREMENT,
  `user_id` int(11) NOT NULL,
  `fecha` datetime NOT NULL,
  `mesa` smallint(6) NOT NULL DEFAULT '0',
  `estado` int(1) NOT NULL DEFAULT '0' COMMENT '0 creado, 1 impreso y cosina, 2 servido, 3 pagado, 4 facturado',
  `total` float(15,2) NOT NULL DEFAULT '0.00',
  `descuento` decimal(10,2) DEFAULT NULL,
  `monto` float(15,2) NOT NULL DEFAULT '0.00',
  `fechac` varchar(10) NOT NULL,
  `created` date DEFAULT NULL,
  PRIMARY KEY (`id`)
) ENGINE=MyISAM  DEFAULT CHARSET=latin1 AUTO_INCREMENT=70 ;

--
-- Dumping data for table `pedidos`
--

INSERT INTO `pedidos` (`id`, `user_id`, `fecha`, `mesa`, `estado`, `total`, `descuento`, `monto`, `fechac`, `created`) VALUES
(1, 5, '2013-03-03 00:27:13', 1, 3, 660.00, NULL, 300.00, '', '2013-03-03'),
(3, 7, '2013-03-05 04:21:02', 2, 0, 450.00, NULL, 0.00, '', '2013-03-05'),
(4, 7, '2013-03-05 12:43:33', 3, 0, 195.00, NULL, 0.00, '', '2013-03-05'),
(5, 8, '2013-03-05 13:17:40', 4, 0, 477.00, NULL, 0.00, '', '2013-03-05'),
(6, 8, '2013-03-05 13:29:05', 5, 0, 1374.00, NULL, 0.00, '', '2013-03-05'),
(7, 8, '2013-03-05 13:34:56', 6, 0, 522.00, NULL, 0.00, '', '2013-03-05'),
(8, 5, '2013-03-05 13:43:19', 7, 0, 0.00, NULL, 0.00, '', '2013-03-05'),
(9, 8, '2013-03-05 13:44:45', 8, 0, 2968.00, NULL, 0.00, '', '2013-03-05'),
(10, 5, '2013-03-05 13:48:25', 9, 0, 0.00, NULL, 0.00, '', '2013-03-05'),
(11, 14, '2013-03-05 13:52:05', 10, 0, 0.00, NULL, 0.00, '', '2013-03-05'),
(12, 13, '2013-03-05 13:57:53', 11, 0, 478.00, NULL, 0.00, '', '2013-03-05'),
(13, 13, '2013-03-05 14:02:25', 12, 0, 750.00, NULL, 0.00, '', '2013-03-05'),
(14, 12, '2013-03-05 14:05:51', 13, 0, 3131.00, NULL, 0.00, '', '2013-03-05'),
(15, 12, '2013-03-05 14:10:53', 14, 0, 1066.00, NULL, 0.00, '', '2013-03-05'),
(16, 12, '2013-03-05 14:12:20', 15, 0, 169.00, NULL, 0.00, '', '2013-03-05'),
(17, 12, '2013-03-05 14:16:06', 16, 0, 194.00, NULL, 0.00, '', '2013-03-05'),
(18, 12, '2013-03-05 14:17:33', 17, 0, 0.00, NULL, 0.00, '', '2013-03-05'),
(19, 12, '2013-03-05 14:19:17', 18, 0, 120.00, NULL, 0.00, '', '2013-03-05'),
(20, 12, '2013-03-05 14:20:07', 19, 0, 60.00, NULL, 0.00, '', '2013-03-05'),
(21, 11, '2013-03-05 14:22:37', 20, 0, 15.00, NULL, 0.00, '', '2013-03-05'),
(24, 11, '2013-03-05 14:44:59', 23, 0, 319.00, NULL, 0.00, '', '2013-03-05'),
(22, 11, '2013-03-05 14:28:08', 21, 0, 0.00, NULL, 0.00, '', '2013-03-05'),
(23, 11, '2013-03-05 14:36:17', 22, 0, 662.00, NULL, 0.00, '', '2013-03-05'),
(25, 5, '2013-03-05 14:45:25', 24, 0, 660.00, NULL, 0.00, '', '2013-03-05'),
(26, 5, '2013-03-05 14:45:53', 25, 0, 3560.00, NULL, 0.00, '', '2013-03-05'),
(27, 10, '2013-03-05 14:51:39', 26, 0, 1216.00, NULL, 0.00, '', '2013-03-05'),
(28, 13, '2013-03-05 14:55:17', 27, 0, 184.00, NULL, 0.00, '', '2013-03-05'),
(29, 13, '2013-03-05 14:55:57', 28, 0, 240.00, NULL, 0.00, '', '2013-03-05'),
(30, 10, '2013-03-05 14:57:30', 29, 0, 998.00, NULL, 0.00, '', '2013-03-05'),
(31, 6, '2013-03-05 14:58:08', 30, 0, 0.00, NULL, 0.00, '', '2013-03-05'),
(32, 10, '2013-03-05 14:58:59', 31, 0, 408.00, NULL, 0.00, '', '2013-03-05'),
(33, 10, '2013-03-05 15:00:10', 32, 0, 3402.00, NULL, 0.00, '', '2013-03-05'),
(34, 11, '2013-03-05 15:04:43', 33, 0, 185.00, NULL, 0.00, '', '2013-03-05'),
(35, 11, '2013-03-05 15:07:28', 34, 0, 0.00, NULL, 0.00, '', '2013-03-05'),
(36, 13, '2013-03-05 15:09:26', 35, 0, 240.00, NULL, 0.00, '', '2013-03-05'),
(37, 11, '2013-03-05 15:13:03', 36, 3, 3690.00, NULL, 0.00, '', '2013-03-05'),
(38, 11, '2013-03-05 15:13:03', 37, 0, 1810.00, NULL, 0.00, '', '2013-03-05'),
(39, 6, '2013-03-05 15:36:26', 38, 0, 0.00, NULL, 0.00, '', '2013-03-05'),
(40, 10, '2013-03-05 15:39:19', 39, 0, 0.00, NULL, 0.00, '', '2013-03-05'),
(41, 5, '2013-03-05 15:57:40', 40, 0, 0.00, NULL, 0.00, '', '2013-03-05'),
(42, 11, '2013-03-05 16:08:11', 41, 0, 674.00, NULL, 0.00, '', '2013-03-05'),
(43, 11, '2013-03-05 16:29:32', 42, 0, 0.00, NULL, 0.00, '', '2013-03-05'),
(44, 11, '2013-03-05 16:29:41', 43, 0, 0.00, NULL, 0.00, '', '2013-03-05'),
(45, 11, '2013-03-05 16:29:50', 44, 0, 0.00, NULL, 0.00, '', '2013-03-05'),
(46, 10, '2013-03-05 18:35:54', 45, 3, 180.00, NULL, 0.00, '', '2013-03-05'),
(47, 11, '2013-03-05 18:46:19', 46, 0, 0.00, NULL, 0.00, '', '2013-03-05'),
(48, 12, '2013-03-05 18:47:19', 47, 0, 0.00, NULL, 0.00, '', '2013-03-05'),
(49, 11, '2013-03-05 19:51:10', 48, 0, 180.00, NULL, 0.00, '', '2013-03-05'),
(50, 6, '2013-03-05 19:52:35', 49, 0, 0.00, NULL, 0.00, '', '2013-03-05'),
(51, 6, '2013-03-05 20:18:19', 50, 0, 0.00, NULL, 0.00, '', '2013-03-05'),
(52, 11, '2013-03-05 20:31:07', 51, 0, 120.00, NULL, 0.00, '', '2013-03-05'),
(53, 8, '2013-03-05 20:39:11', 52, 0, 150.00, NULL, 0.00, '', '2013-03-05'),
(54, 5, '2013-03-05 22:49:19', 53, 0, 0.00, NULL, 0.00, '', '2013-03-05'),
(55, 11, '2013-03-06 16:23:32', 1, 0, 135.00, NULL, 0.00, '', '2013-03-06'),
(56, 11, '2013-03-06 16:44:11', 2, 0, 75.00, NULL, 0.00, '', '2013-03-06'),
(57, 11, '2013-03-06 16:46:54', 3, 0, 0.00, NULL, 0.00, '', '2013-03-06'),
(58, 11, '2013-03-06 17:13:03', 4, 0, 90.00, NULL, 0.00, '', '2013-03-06'),
(59, 2, '2013-03-09 14:07:14', 1, 0, 270.00, NULL, 0.00, '', '2013-03-09'),
(60, 2, '2013-03-09 14:12:27', 2, 0, 0.00, NULL, 0.00, '', '2013-03-09'),
(61, 2, '2013-03-09 14:14:23', 3, 0, 0.00, NULL, 0.00, '', '2013-03-09'),
(62, 2, '2013-03-09 14:43:40', 4, 0, 0.00, NULL, 0.00, '', '2013-03-09'),
(63, 2, '2013-03-09 15:06:28', 5, 0, 810.00, NULL, 0.00, '', '2013-03-09'),
(64, 2, '2013-03-09 16:25:27', 6, 0, 75.00, NULL, 0.00, '', '2013-03-09'),
(65, 2, '2013-03-09 16:30:30', 7, 0, 0.00, NULL, 0.00, '', '2013-03-09'),
(66, 2, '2013-03-09 16:30:49', 8, 0, 120.00, NULL, 0.00, '', '2013-03-09'),
(67, 2, '2013-03-09 16:31:30', 9, 0, 0.00, NULL, 0.00, '', '2013-03-09'),
(68, 2, '2013-03-09 16:40:45', 10, 0, 375.00, NULL, 0.00, '', '2013-03-09'),
(69, 2, '2013-03-09 17:22:49', 11, 0, 180.00, NULL, 0.00, '', '2013-03-09');

-- --------------------------------------------------------

--
-- Table structure for table `perfiles`
--

CREATE TABLE IF NOT EXISTS `perfiles` (
  `id` int(11) NOT NULL AUTO_INCREMENT,
  `nombre` varchar(50) NOT NULL,
  `descripcion` varchar(255) DEFAULT NULL,
  PRIMARY KEY (`id`)
) ENGINE=MyISAM  DEFAULT CHARSET=latin1 AUTO_INCREMENT=4 ;

--
-- Dumping data for table `perfiles`
--

INSERT INTO `perfiles` (`id`, `nombre`, `descripcion`) VALUES
(1, 'Administrador', NULL),
(2, 'mozo', NULL),
(3, 'Cobrador', 'Solo se encarga de cobrar');

-- --------------------------------------------------------

--
-- Table structure for table `porciones`
--

CREATE TABLE IF NOT EXISTS `porciones` (
  `id` int(11) NOT NULL AUTO_INCREMENT,
  `producto_id` int(11) NOT NULL,
  `insumo_id` int(11) NOT NULL,
  `cantidad` int(11) NOT NULL,
  PRIMARY KEY (`id`)
) ENGINE=MyISAM  DEFAULT CHARSET=latin1 AUTO_INCREMENT=77 ;

--
-- Dumping data for table `porciones`
--

INSERT INTO `porciones` (`id`, `producto_id`, `insumo_id`, `cantidad`) VALUES
(2, 2, 1, 2),
(3, 1, 1, 1),
(4, 1, 2, 1),
(29, 32, 24, 1),
(26, 15, 1, 2),
(30, 34, 28, 1),
(9, 18, 6, 1),
(10, 19, 1, 2),
(11, 19, 2, 1),
(12, 20, 7, 1),
(13, 21, 22, 1),
(14, 21, 23, 1),
(15, 21, 24, 1),
(17, 22, 9, 1),
(18, 23, 10, 1),
(19, 24, 4, 1),
(20, 24, 1, 1),
(27, 3, 1, 1),
(31, 4, 3, 2),
(32, 4, 4, 2),
(33, 5, 3, 2),
(34, 5, 1, 1),
(35, 6, 2, 2),
(36, 6, 4, 2),
(37, 8, 2, 2),
(38, 8, 3, 2),
(39, 7, 2, 2),
(40, 7, 1, 1),
(41, 10, 5, 1),
(42, 10, 4, 2),
(43, 11, 5, 1),
(44, 11, 3, 2),
(45, 12, 5, 1),
(46, 12, 2, 1),
(47, 9, 5, 1),
(48, 9, 1, 1),
(72, 14, 4, 2),
(50, 13, 3, 4),
(51, 16, 2, 2),
(52, 17, 5, 2),
(53, 41, 31, 1),
(54, 42, 32, 1),
(55, 44, 11, 1),
(56, 45, 29, 1),
(57, 46, 30, 1),
(58, 47, 33, 1),
(59, 48, 34, 1),
(60, 49, 14, 1),
(61, 50, 19, 1),
(62, 51, 17, 1),
(63, 52, 15, 1),
(64, 53, 18, 1),
(65, 54, 16, 1),
(69, 16, 1, 2),
(71, 55, 43, 1),
(73, 37, 1, 2),
(75, 58, 44, 1),
(76, 3, 4, 1);

-- --------------------------------------------------------

--
-- Table structure for table `productos`
--

CREATE TABLE IF NOT EXISTS `productos` (
  `id` int(11) NOT NULL AUTO_INCREMENT,
  `nombre` varchar(150) NOT NULL,
  `descripcion` varchar(500) DEFAULT NULL,
  `precio` float(15,2) NOT NULL DEFAULT '0.00',
  `categoria_id` int(11) NOT NULL,
  `estado` tinyint(1) DEFAULT '1',
  `insumo_id` int(11) NOT NULL DEFAULT '0',
  PRIMARY KEY (`id`)
) ENGINE=MyISAM  DEFAULT CHARSET=latin1 AUTO_INCREMENT=59 ;

--
-- Dumping data for table `productos`
--

INSERT INTO `productos` (`id`, `nombre`, `descripcion`, `precio`, `categoria_id`, `estado`, `insumo_id`) VALUES
(14, 'Phampaku Cordero', '', 60.00, 1, 1, 0),
(13, 'Phampaku Laping', '', 60.00, 1, 1, 0),
(3, 'Cordero Pollo', '', 60.00, 2, 1, 0),
(4, 'Laping Cordero', '', 60.00, 2, 1, 0),
(5, 'Laping Pollo', '', 60.00, 2, 1, 0),
(6, 'Lechon Cordero', '', 60.00, 2, 1, 0),
(7, 'Lechon Pollo', '', 60.00, 2, 1, 0),
(8, 'Lechon Laping', '', 60.00, 2, 1, 0),
(9, 'Pato Pollo', '', 60.00, 2, 1, 0),
(10, 'Pato Cordero', '', 60.00, 2, 1, 0),
(11, 'Pato Laping', '', 62.00, 2, 1, 0),
(12, 'Pato Lechon', '', 62.00, 2, 1, 0),
(15, 'Phampaku Pollo', '', 60.00, 1, 1, 0),
(16, 'Phampaku Lechon', '', 60.00, 1, 1, 0),
(17, 'Phampaku Pato', '', 69.00, 1, 1, 0),
(18, 'Coca Cola 1 Litro', '', 12.00, 10, 1, 6),
(19, 'Silpancho', '', 40.00, 6, 0, 0),
(20, 'Fanta 1 Litro', '', 12.00, 10, 1, 7),
(21, 'Kallu', '', 15.00, 7, 1, 0),
(22, 'Huari', '', 15.00, 11, 1, 9),
(23, 'Pace&ntilde;a', '', 16.00, 11, 1, 10),
(24, 'Hamburguesa Doble', 'sadf', 20.00, 9, 0, 0),
(25, 'Picante Mixto', '', 60.00, 3, 1, 0),
(28, 'Picante Pollo', 'consta de medio pollo con una porcion de arroz,papa,chuo y su ensalada de cebolla con tomate', 60.00, 3, 1, 0),
(27, 'Picante Lengua', '', 60.00, 3, 1, 0),
(26, 'Picante Conejo', '', 60.00, 3, 0, 0),
(29, 'Picante Conejo', '', 60.00, 3, 1, 0),
(30, 'Lambreado Conejo', '', 50.00, 5, 1, 0),
(31, 'Chanka Conejo', '', 50.00, 5, 1, 0),
(32, 'Quesillo', '', 8.00, 7, 1, 24),
(33, 'Pique', '', 60.00, 5, 1, 0),
(34, 'Sprite 1 Litro', '', 12.00, 10, 1, 28),
(35, 'Chanka de Pollo', '', 50.00, 5, 1, 0),
(36, 'Lambreado', '', 50.00, 5, 1, 0),
(37, 'Charke', '', 60.00, 5, 1, 0),
(38, 'Mote de Haba', '', 12.00, 7, 1, 0),
(39, 'Salchipapa', '', 25.00, 8, 1, 0),
(40, 'Pollo Dorado', '', 25.00, 8, 1, 0),
(41, 'Coca Cola Zero 2 Litros', '', 18.00, 10, 1, 31),
(42, 'Coca Cola Zero 1/2 Litro', '', 7.00, 10, 1, 32),
(43, 'Sopa Para Bebe', '', 10.00, 8, 1, 0),
(44, 'Taqui&ntilde;a', 'cerveza cochabambina', 16.00, 11, 1, 11),
(45, 'Agua Mineral 1/2 Litro', NULL, 7.00, 10, 1, 29),
(46, 'Agua Mineral 2 Litros ', NULL, 12.00, 10, 1, 30),
(47, 'Agua C/G Mineral 1/2 Litro ', NULL, 6.00, 10, 0, 33),
(48, 'Agua Mineral C/G 2 Litros', '', 12.00, 10, 1, 34),
(49, 'Durazno', NULL, 15.00, 15, 1, 14),
(50, 'Guayaba', NULL, 15.00, 15, 1, 19),
(51, 'Guinda', '', 15.00, 15, 1, 17),
(52, 'Manzana', NULL, 15.00, 15, 1, 15),
(53, 'Tamarindo', NULL, 15.00, 15, 1, 18),
(54, 'Tumbo', NULL, 15.00, 15, 1, 16),
(55, 'Chicle Top Line', '', 2.00, 8, 1, 43),
(56, 'picante de pollo', 'consta de medio pollo con una porcion de arroz,papa,chuo y su ensalada de cebolla con tomate', 60.00, 3, 0, 0),
(57, 'vino la concepcion', NULL, 120.00, 16, 0, 46),
(58, 'cabernet sauvignon arcangel', NULL, 180.00, 16, 1, 44);

-- --------------------------------------------------------

--
-- Table structure for table `recibos`
--

CREATE TABLE IF NOT EXISTS `recibos` (
  `id` int(11) NOT NULL AUTO_INCREMENT,
  `pedido_id` int(11) DEFAULT NULL,
  `nombre` varchar(150) DEFAULT NULL,
  `total` float(10,2) DEFAULT NULL,
  `totaldescuento` decimal(10,2) DEFAULT NULL,
  `descuento` float(10,2) DEFAULT NULL,
  `efectivo` decimal(10,2) DEFAULT NULL,
  `cambio` decimal(10,2) DEFAULT NULL,
  `created` date DEFAULT NULL,
  PRIMARY KEY (`id`)
) ENGINE=MyISAM  DEFAULT CHARSET=latin1 AUTO_INCREMENT=17 ;

--
-- Dumping data for table `recibos`
--

INSERT INTO `recibos` (`id`, `pedido_id`, `nombre`, `total`, `totaldescuento`, `descuento`, `efectivo`, `cambio`, `created`) VALUES
(1, NULL, 'Herrera', NULL, NULL, NULL, NULL, NULL, '2012-10-04'),
(2, NULL, 'Herrera', 32.00, NULL, 0.00, NULL, NULL, '2012-10-04'),
(3, 137, 'MIRANDA', 75.00, NULL, 0.10, '100.00', '25.00', NULL),
(4, 137, 'MIRANDA', 75.00, NULL, 0.10, '70.00', '2.50', NULL),
(5, 136, 'HERRERA', 75.00, NULL, 0.00, '100.00', '25.00', NULL),
(6, 138, 'HERRERA', 75.00, NULL, 0.10, '100.00', '32.50', '2013-02-24'),
(7, 138, 'ana', 75.00, NULL, 0.10, '100.00', '32.50', '2013-02-24'),
(8, 138, 'ana', 75.00, '67.50', 0.10, '100.00', '32.50', '2013-02-24'),
(9, 138, 'ana', 75.00, '67.50', 0.10, '100.00', '32.50', '2013-02-24'),
(10, 138, 'ana', 75.00, '67.50', 0.10, '100.00', '32.50', '2013-02-24'),
(11, 136, 'JUANA', 75.00, '67.50', 0.10, '100.00', '32.50', '2013-02-24'),
(12, 153, 'CRISTIAM HERRERA', 75.00, '67.50', 0.10, '100.00', '32.50', '2013-02-24'),
(13, 166, 'FERNANDEZ', 255.00, '229.50', 0.10, '300.00', '70.50', '2013-03-02'),
(14, 1, '', 660.00, '528.00', 0.20, '670.00', '142.00', '2013-03-05'),
(15, 37, 'CARLOS CASTRO', 3630.00, '0.00', 0.00, '3700.00', '70.00', '2013-03-05'),
(16, 46, 'GHHHH', 360.00, '0.00', 0.00, '400.00', '40.00', '2013-03-05');

-- --------------------------------------------------------

--
-- Table structure for table `reservas`
--

CREATE TABLE IF NOT EXISTS `reservas` (
  `id` int(11) unsigned NOT NULL AUTO_INCREMENT,
  `cliente_id` int(11) NOT NULL,
  `tipoevento_id` int(11) NOT NULL,
  `cantidad_personas` int(5) NOT NULL DEFAULT '0',
  `fecha` datetime NOT NULL,
  `observaciones` text,
  PRIMARY KEY (`id`)
) ENGINE=MyISAM  DEFAULT CHARSET=utf8 AUTO_INCREMENT=17 ;

--
-- Dumping data for table `reservas`
--

INSERT INTO `reservas` (`id`, `cliente_id`, `tipoevento_id`, `cantidad_personas`, `fecha`, `observaciones`) VALUES
(1, 2, 2, 24, '2012-08-22 16:22:07', NULL),
(9, 6, 2, 56, '2012-08-26 15:45:00', 'asdf'),
(8, 2, 2, 23, '2012-08-15 17:45:00', 'asdf'),
(10, 3, 8, 40, '2012-09-15 15:15:00', ''),
(11, 2, 5, 50, '2012-09-15 15:15:00', ''),
(12, 6, 2, 50, '2012-09-29 15:00:00', 'Cancelo anticipo del 50%'),
(13, 5, 5, 9, '2012-09-15 14:30:00', 'CFGFC'),
(14, 2, 5, 5, '2012-09-10 16:15:00', 'bdbd'),
(15, 3, 2, 100, '2012-09-19 16:30:00', 'sdsdfc'),
(16, 2, 10, 200, '2012-10-10 11:30:00', '');

-- --------------------------------------------------------

--
-- Table structure for table `retrasos`
--

CREATE TABLE IF NOT EXISTS `retrasos` (
  `id` int(11) NOT NULL AUTO_INCREMENT,
  `usuario_id` int(11) DEFAULT NULL,
  `horas` int(2) DEFAULT NULL,
  `minutos` int(2) DEFAULT NULL,
  `descuento` float(8,2) DEFAULT NULL,
  `fecha` date DEFAULT NULL,
  PRIMARY KEY (`id`)
) ENGINE=MyISAM  DEFAULT CHARSET=latin1 AUTO_INCREMENT=8 ;

--
-- Dumping data for table `retrasos`
--

INSERT INTO `retrasos` (`id`, `usuario_id`, `horas`, `minutos`, `descuento`, `fecha`) VALUES
(1, 2, 14, 25, 100.00, '2012-09-07'),
(2, 2, 4, 20, 100.00, '2012-09-10'),
(3, 2, 6, 51, 100.00, '2012-09-17'),
(4, 2, 11, 14, 100.00, '2012-09-18'),
(5, 2, 5, 32, 100.00, '2012-09-21'),
(6, 2, 14, 0, 100.00, '2012-10-05'),
(7, 3, 14, 4, 100.00, '2012-10-05');

-- --------------------------------------------------------

--
-- Table structure for table `sucursales`
--

CREATE TABLE IF NOT EXISTS `sucursales` (
  `id` int(11) NOT NULL AUTO_INCREMENT,
  `nombre` varchar(200) DEFAULT NULL,
  `direccion` varchar(255) DEFAULT NULL,
  `departamento_id` int(20) DEFAULT NULL,
  PRIMARY KEY (`id`)
) ENGINE=InnoDB  DEFAULT CHARSET=latin1 AUTO_INCREMENT=2 ;

--
-- Dumping data for table `sucursales`
--

INSERT INTO `sucursales` (`id`, `nombre`, `direccion`, `departamento_id`) VALUES
(1, 'VIVA VINTO', 'AV. VINTO #123', 2);

-- --------------------------------------------------------

--
-- Table structure for table `tipoeventos`
--

CREATE TABLE IF NOT EXISTS `tipoeventos` (
  `id` int(11) NOT NULL AUTO_INCREMENT,
  `nombre` varchar(50) NOT NULL,
  `descripcion` text,
  `estado` int(1) NOT NULL DEFAULT '1',
  PRIMARY KEY (`id`)
) ENGINE=MyISAM  DEFAULT CHARSET=latin1 AUTO_INCREMENT=11 ;

--
-- Dumping data for table `tipoeventos`
--

INSERT INTO `tipoeventos` (`id`, `nombre`, `descripcion`, `estado`) VALUES
(5, 'Matrimonio', '', 1),
(2, 'Bautizo', NULL, 1),
(3, 'Cena', '', 1),
(4, 'Cumpleanos', '', 1),
(6, 'Almuerzo', '', 1),
(7, 'Bautizo universitario', '', 1),
(8, 'Evento demo', '', 1),
(9, 'Recepcion social', 'Reuniones especiales', 1),
(10, 'Evento de Prueba', 'Aqui la descripcion', 1);

-- --------------------------------------------------------

--
-- Table structure for table `tipos`
--

CREATE TABLE IF NOT EXISTS `tipos` (
  `id` int(11) NOT NULL AUTO_INCREMENT,
  `nombre` varchar(50) NOT NULL,
  `descripcion` text,
  `tipo` varchar(50) DEFAULT NULL,
  `estado` int(1) NOT NULL DEFAULT '1',
  PRIMARY KEY (`id`)
) ENGINE=MyISAM  DEFAULT CHARSET=latin1 AUTO_INCREMENT=20 ;

--
-- Dumping data for table `tipos`
--

INSERT INTO `tipos` (`id`, `nombre`, `descripcion`, `tipo`, `estado`) VALUES
(1, 'Alimentos', 'Obas alimentos', NULL, 1),
(2, 'Casa Real', '', NULL, 1),
(3, 'Vino Dulce', '', NULL, 1),
(4, 'Refrescos 1 Litro', '', NULL, 1),
(5, 'Vajillas', '', NULL, 1),
(6, 'Cerveza', '', NULL, 1),
(7, 'Jugos Del Valle', '', NULL, 1),
(8, 'Bebidas Locales', '', NULL, 1),
(9, 'Para Picar', '', NULL, 1),
(10, 'Vegetales', '', NULL, 1),
(11, 'Electronicos', 'Equipos de Computacion', NULL, 1),
(12, 'Agua', '', NULL, 1),
(13, 'Refrescos 2 Litros', '', NULL, 1),
(14, 'Refrescos 1/2 Litro', '', NULL, 1),
(15, 'Golosinas', '', NULL, 0),
(16, 'Golosinas', '', NULL, 1),
(17, 'vino tinto', '', NULL, 1),
(18, 'vino blanco', '', NULL, 1),
(19, 'singani', '', NULL, 1);

-- --------------------------------------------------------

--
-- Table structure for table `users`
--

CREATE TABLE IF NOT EXISTS `users` (
  `id` int(10) unsigned NOT NULL AUTO_INCREMENT,
  `username` varchar(50) DEFAULT NULL,
  `nombre` varchar(50) DEFAULT NULL,
  `direccion` varchar(500) DEFAULT NULL,
  `celular` varchar(50) DEFAULT NULL,
  `password` varchar(50) DEFAULT NULL,
  `codigo` varchar(15) DEFAULT NULL,
  `role` varchar(20) DEFAULT NULL,
  `created` datetime DEFAULT NULL,
  `modified` datetime DEFAULT NULL,
  PRIMARY KEY (`id`)
) ENGINE=InnoDB  DEFAULT CHARSET=latin1 AUTO_INCREMENT=16 ;

--
-- Dumping data for table `users`
--

INSERT INTO `users` (`id`, `username`, `nombre`, `direccion`, `celular`, `password`, `codigo`, `role`, `created`, `modified`) VALUES
(2, 'cherrera', 'Cristiam Herrera Daza', 'Calle yanacocha #123', '73253830', '8a1f83f11914d00b6e317a46ea01b0eda569d9c0', NULL, 'Administrador', '2013-02-26 01:43:46', '2013-02-26 01:43:46'),
(3, 'adriana', 'Adriana Miranda de Herrera', 'Calle uno', '34123', '8a1f83f11914d00b6e317a46ea01b0eda569d9c0', NULL, 'Cajero', '2013-02-26 01:51:49', '2013-02-26 01:51:49'),
(4, 'adolfo', 'Adolfo Guillen Vargas', 'Viva Vinto', '6052323', '8a1f83f11914d00b6e317a46ea01b0eda569d9c0', NULL, 'Administrador', '2013-02-26 02:02:20', '2013-02-26 02:02:20'),
(5, 'aquiroga', 'Anabel Quiroga', 'Calle uno', '79', '139060fd4013d96b9acd2593f6bf483dcfe456e2', '3333', 'Administrador', '2013-03-02 02:07:26', '2013-03-05 04:16:11'),
(6, 'superadmin', 'Administrador de administradores', '', '', 'c1ac6722c212354b47d822263330b642378adf14', '', 'Administrador', '2013-03-05 03:25:21', '2013-03-05 03:25:21'),
(7, 'cguillen', 'Cristhian Guillen', '', '', '139060fd4013d96b9acd2593f6bf483dcfe456e2', '1111', 'Moso', '2013-03-05 04:18:57', '2013-03-05 04:18:57'),
(8, 'leonel', 'Leonel', '', '', '139060fd4013d96b9acd2593f6bf483dcfe456e2', '2222', 'Moso', '2013-03-05 12:55:41', '2013-03-05 12:55:41'),
(9, 'aurora', 'Aurora', '', '', '139060fd4013d96b9acd2593f6bf483dcfe456e2', '3333', 'Moso', '2013-03-05 12:56:24', '2013-03-05 12:56:24'),
(10, 'cristian', 'Cristian', '', '', '139060fd4013d96b9acd2593f6bf483dcfe456e2', '4444', 'Moso', '2013-03-05 12:57:03', '2013-03-05 12:57:03'),
(11, 'sergio', 'Sergio', '', '', '139060fd4013d96b9acd2593f6bf483dcfe456e2', '5555', 'Moso', '2013-03-05 12:57:25', '2013-03-05 12:57:25'),
(12, 'maria', 'Maria', '', '', '139060fd4013d96b9acd2593f6bf483dcfe456e2', '6666', 'Moso', '2013-03-05 12:57:48', '2013-03-05 12:57:48'),
(13, 'rudi', 'Rudi', '', '', '139060fd4013d96b9acd2593f6bf483dcfe456e2', '7777', 'Moso', '2013-03-05 13:00:11', '2013-03-05 13:00:11'),
(14, 'wilber', 'Wilber', '', '', '139060fd4013d96b9acd2593f6bf483dcfe456e2', '8888', 'Moso', '2013-03-05 13:00:32', '2013-03-05 13:00:32'),
(15, 'crisguillen', 'Cristhian Guillen', '', '', 'a50374dd03e66039795d92f49c25fc4c7ce50d23', '', 'Administrador', '2013-03-05 13:08:44', '2013-03-05 13:08:44');

-- --------------------------------------------------------

--
-- Table structure for table `usuarios`
--

CREATE TABLE IF NOT EXISTS `usuarios` (
  `id` int(11) NOT NULL AUTO_INCREMENT,
  `nombre` varchar(50) NOT NULL,
  `direccion` varchar(200) DEFAULT NULL,
  `usuario` varchar(50) DEFAULT NULL,
  `pass` varchar(50) DEFAULT NULL,
  `codigo` varchar(10) DEFAULT NULL,
  `perfile_id` int(11) DEFAULT NULL,
  `sucursal_id` int(11) DEFAULT NULL,
  `estado_id` int(11) DEFAULT NULL,
  PRIMARY KEY (`id`)
) ENGINE=MyISAM  DEFAULT CHARSET=latin1 AUTO_INCREMENT=12 ;

--
-- Dumping data for table `usuarios`
--

INSERT INTO `usuarios` (`id`, `nombre`, `direccion`, `usuario`, `pass`, `codigo`, `perfile_id`, `sucursal_id`, `estado_id`) VALUES
(1, 'Juan Perez', 'calle uno', 'jperez', '63982e54a7aeb0d89910475ba6dbd3ca6dd4e5a1', '1111', 2, 1, 1),
(2, 'Carlos Flores B.', 'calle uno', 'cflores', '62e5b45919a9ae30db2271432bb800d8d0aabb6d', '2222', 2, 1, 1),
(3, 'Abdon Pinto', 'calle uno', 'apinto', '40a89c3119995f9898d4d4ad156047608e582ef4', '3333', 2, 1, 1),
(5, 'Adolfo Guillen', 'C. Arapata 123', 'vinto', 'd033e22ae348aeb5660fc2140aec35850c4da997', '', 1, 1, 2),
(9, 'Cristiam Herrera Daza', 'Calle Yanacocha #123', 'cristiamherrera', '7c222fb2927d828af22f592134e8932480637c0d', '9999', 2, NULL, 1),
(10, 'Alvaro Guerra', 'Calle Junin', 'alvaro', 'da39a3ee5e6b4b0d3255bfef95601890afd80709', '6666', 2, NULL, 2),
(11, 'Cristina Guillen', 'Calle 3', 'cristina', '40bd001563085fc35165329ea1ff5c5ecbdbbeef', '2345', 3, NULL, 1);

-- --------------------------------------------------------

--
-- Table structure for table `usuarios2`
--

CREATE TABLE IF NOT EXISTS `usuarios2` (
  `id` int(11) NOT NULL AUTO_INCREMENT,
  `nombre` varchar(50) NOT NULL,
  `direccion` varchar(200) DEFAULT NULL,
  `usuario` varchar(50) NOT NULL,
  `pass` varchar(50) NOT NULL,
  `codigo` varchar(10) DEFAULT NULL,
  `perfile_id` int(11) NOT NULL,
  PRIMARY KEY (`id`)
) ENGINE=MyISAM  DEFAULT CHARSET=latin1 AUTO_INCREMENT=4 ;

--
-- Dumping data for table `usuarios2`
--

INSERT INTO `usuarios2` (`id`, `nombre`, `direccion`, `usuario`, `pass`, `codigo`, `perfile_id`) VALUES
(1, 'Juan Perez', 'calle uno', 'jperez', '81dc9bdb52d04dc20036dbd8313ed055', '1111', 1),
(2, 'Carlos Flores', 'calle uno', 'cflores', '81dc9bdb52d04dc20036dbd8313ed055', '2222', 1),
(3, 'Abdon Pinto', 'calle uno', 'apinto', '81dc9bdb52d04dc20036dbd8313ed055', '3333', 1);

/*!40101 SET CHARACTER_SET_CLIENT=@OLD_CHARACTER_SET_CLIENT */;
/*!40101 SET CHARACTER_SET_RESULTS=@OLD_CHARACTER_SET_RESULTS */;
/*!40101 SET COLLATION_CONNECTION=@OLD_COLLATION_CONNECTION */;
