-- phpMyAdmin SQL Dump
-- version 3.4.5
-- http://www.phpmyadmin.net
--
-- Host: localhost
-- Generation Time: Dec 17, 2013 at 06:02 PM
-- Server version: 5.5.16
-- PHP Version: 5.3.8

SET SQL_MODE="NO_AUTO_VALUE_ON_ZERO";
SET time_zone = "+00:00";


/*!40101 SET @OLD_CHARACTER_SET_CLIENT=@@CHARACTER_SET_CLIENT */;
/*!40101 SET @OLD_CHARACTER_SET_RESULTS=@@CHARACTER_SET_RESULTS */;
/*!40101 SET @OLD_COLLATION_CONNECTION=@@COLLATION_CONNECTION */;
/*!40101 SET NAMES utf8 */;

--
-- Database: `posvinto`
--

-- --------------------------------------------------------

--
-- Table structure for table `acos`
--

CREATE TABLE IF NOT EXISTS `acos` (
  `id` int(10) NOT NULL AUTO_INCREMENT,
  `parent_id` int(10) DEFAULT NULL,
  `model` varchar(255) DEFAULT NULL,
  `foreign_key` int(10) DEFAULT NULL,
  `alias` varchar(255) DEFAULT NULL,
  `lft` int(10) DEFAULT NULL,
  `rght` int(10) DEFAULT NULL,
  PRIMARY KEY (`id`)
) ENGINE=MyISAM DEFAULT CHARSET=latin1 AUTO_INCREMENT=1 ;

-- --------------------------------------------------------

--
-- Table structure for table `almacen`
--

CREATE TABLE IF NOT EXISTS `almacen` (
  `id` int(11) NOT NULL AUTO_INCREMENT,
  `insumo_id` int(11) NOT NULL,
  `preciocompra` float(15,2) NOT NULL DEFAULT '0.00',
  `ingreso` int(11) NOT NULL DEFAULT '0',
  `salida` int(11) NOT NULL DEFAULT '0',
  `total` int(11) NOT NULL DEFAULT '0',
  `fecha` date NOT NULL,
  `lugar` varchar(255) NOT NULL,
  `observaciones` varchar(500) DEFAULT NULL,
  `usuario_id` int(11) DEFAULT NULL,
  PRIMARY KEY (`id`)
) ENGINE=MyISAM  DEFAULT CHARSET=latin1 AUTO_INCREMENT=401 ;

--
-- Dumping data for table `almacen`
--

INSERT INTO `almacen` (`id`, `insumo_id`, `preciocompra`, `ingreso`, `salida`, `total`, `fecha`, `lugar`, `observaciones`, `usuario_id`) VALUES
(1, 1, 0.00, 50, 0, 50, '2012-09-21', '', NULL, 1),
(2, 2, 0.00, 0, 0, 0, '2012-09-21', '', NULL, 1),
(3, 3, 0.00, 0, 0, 0, '2012-09-21', '', NULL, 1),
(4, 4, 0.00, 0, 0, 0, '2012-09-21', '', NULL, NULL),
(5, 5, 0.00, 0, 0, 0, '2012-09-21', '', NULL, NULL),
(6, 6, 0.00, 0, 0, 0, '2012-09-21', '', NULL, NULL),
(7, 7, 0.00, 0, 0, 0, '2012-09-21', '', NULL, NULL),
(8, 8, 0.00, 0, 0, 0, '2012-09-21', '', NULL, NULL),
(9, 9, 0.00, 0, 0, 0, '2012-09-21', '', NULL, NULL),
(10, 10, 0.00, 0, 0, 0, '2012-09-21', '', NULL, NULL),
(11, 11, 0.00, 72, 0, 72, '2012-09-21', '', NULL, NULL),
(12, 12, 0.00, 0, 0, 0, '2012-09-21', '', NULL, NULL),
(13, 13, 0.00, 0, 0, 0, '2012-09-21', '', NULL, NULL),
(14, 14, 0.00, 0, 0, 0, '2012-09-21', '', NULL, NULL),
(15, 15, 0.00, 0, 0, 0, '2012-09-21', '', NULL, NULL),
(16, 16, 0.00, 930, 0, 930, '2012-09-21', '', NULL, NULL),
(17, 17, 0.00, 0, 0, 0, '2012-09-21', '', NULL, NULL),
(18, 18, 0.00, 0, 0, 0, '2012-09-21', '', NULL, NULL),
(19, 19, 0.00, 0, 0, 0, '2012-09-21', '', NULL, NULL),
(20, 20, 0.00, 0, 0, 0, '2012-09-21', '', NULL, NULL),
(21, 21, 0.00, 0, 0, 0, '2012-09-21', '', NULL, NULL),
(22, 22, 0.00, 0, 0, 0, '2012-09-21', '', NULL, NULL),
(23, 23, 0.00, 0, 0, 0, '2012-09-21', '', NULL, NULL),
(24, 24, 0.00, 0, 0, 0, '2012-09-21', '', NULL, NULL),
(25, 25, 0.00, 0, 0, 0, '2012-09-21', '', NULL, NULL),
(26, 6, 11.00, 10, 0, 10, '2012-09-22', '', NULL, NULL),
(27, 6, 11.00, 0, 10, 0, '2012-09-22', '', NULL, NULL),
(28, 1, 12.00, 20, 0, 20, '2012-09-22', '', NULL, NULL),
(29, 1, 12.00, 0, 10, 10, '2012-09-22', '', NULL, NULL),
(30, 6, 11.00, 20, 0, 20, '2012-09-22', '', NULL, NULL),
(31, 6, 11.00, 0, 18, 2, '2012-09-22', '', NULL, NULL),
(32, 1, 12.00, 90, 0, 100, '2012-09-22', '', NULL, NULL),
(33, 1, 12.00, 0, 50, 50, '2012-09-22', '', NULL, NULL),
(34, 6, 11.00, 48, 0, 50, '2012-09-22', '', NULL, NULL),
(35, 6, 11.00, 0, 50, 0, '2012-09-22', '', NULL, NULL),
(36, 6, 11.00, 10, 0, 10, '2012-09-24', '', NULL, NULL),
(37, 1, 12.00, 0, 20, 30, '2012-09-24', '', NULL, NULL),
(38, 26, 700.00, 2, 0, 2, '2012-09-28', '', NULL, NULL),
(39, 7, 0.00, 12, 0, 12, '2012-09-28', '', NULL, NULL),
(40, 7, 0.00, 0, 1, 11, '2012-09-28', '', NULL, NULL),
(41, 7, 0.00, 0, 5, 6, '2012-09-28', '', NULL, NULL),
(42, 1, 12.00, 0, 25, 5, '2012-09-28', '', NULL, NULL),
(43, 27, 12.00, 10, 0, 10, '2012-10-03', '', NULL, NULL),
(44, 28, 12.00, 10, 0, 10, '2012-10-03', '', NULL, NULL),
(45, 24, 0.00, 80, 0, 80, '2012-10-04', '', NULL, NULL),
(46, 24, 0.00, 0, 10, 70, '2012-10-04', '', NULL, NULL),
(47, 24, 0.00, 0, 70, 0, '2012-10-04', '', NULL, NULL),
(48, 5, 0.00, 10, 0, 10, '2012-10-05', '', NULL, NULL),
(49, 2, 0.00, 10, 0, 10, '2012-10-05', '', NULL, NULL),
(50, 5, 0.00, 0, 5, 5, '2012-10-05', '', NULL, NULL),
(51, 2, 0.00, 0, 5, 5, '2012-10-05', '', NULL, NULL),
(52, 2, 0.00, 0, 5, 0, '2012-10-05', '', NULL, NULL),
(53, 5, 0.00, 0, 5, 0, '2012-10-05', '', NULL, NULL),
(54, 29, 0.00, 0, 0, 0, '2012-10-06', '', NULL, NULL),
(55, 30, 0.00, 0, 0, 0, '2012-10-06', '', NULL, NULL),
(56, 31, 0.00, 0, 0, 0, '2012-10-06', '', NULL, NULL),
(57, 32, 0.00, 0, 0, 0, '2012-10-06', '', NULL, NULL),
(58, 33, 0.00, 0, 0, 0, '2012-10-06', '', NULL, NULL),
(59, 34, 0.00, 0, 0, 0, '2012-10-06', '', NULL, NULL),
(60, 5, 0.00, 50, 0, 50, '2012-10-06', '', NULL, NULL),
(61, 1, 12.00, 45, 0, 50, '2012-10-06', '', NULL, NULL),
(62, 2, 0.00, 50, 0, 50, '2012-10-06', '', NULL, NULL),
(63, 3, 0.00, 50, 0, 50, '2012-10-06', '', NULL, NULL),
(64, 4, 0.00, 50, 0, 50, '2012-10-06', '', NULL, NULL),
(65, 2, 0.00, 0, 50, 0, '2012-10-06', '', NULL, NULL),
(66, 5, 0.00, 0, 50, 0, '2012-10-06', '', NULL, NULL),
(67, 7, 0.00, 44, 0, 50, '2012-10-06', '', NULL, NULL),
(68, 7, 0.00, 0, 50, 0, '2012-10-06', '', NULL, NULL),
(69, 7, 0.00, 50, 0, 50, '2012-10-06', '', NULL, NULL),
(70, 7, 0.00, 0, 50, 0, '2012-10-06', '', NULL, NULL),
(85, 29, 0.00, 2, 0, 8, '2012-12-29', '', NULL, NULL),
(84, 6, 11.00, 2, 0, 12, '2012-12-29', '', NULL, NULL),
(83, 33, 0.00, 4, 0, 7, '2012-12-27', '', NULL, NULL),
(82, 29, 0.00, 3, 0, 6, '2012-12-27', '', NULL, NULL),
(81, 29, 0.00, 3, 0, 3, '2012-12-27', '', NULL, NULL),
(80, 33, 0.00, 3, 0, 3, '2012-12-27', '', NULL, NULL),
(86, 5, 0.00, 50, 0, 50, '2013-02-06', '', NULL, NULL),
(87, 5, 0.00, 0, 20, 30, '2013-02-06', '', NULL, NULL),
(88, 10, 0.00, 5, 0, 5, '2013-02-07', '', NULL, NULL),
(89, 10, 0.00, 0, 2, 3, '2013-02-07', '', NULL, NULL),
(90, 10, 0.00, 0, 2, 1, '2013-02-07', '', NULL, NULL),
(91, 14, 0.00, 50, 0, 50, '2013-02-11', '', NULL, NULL),
(92, 14, 0.00, 0, 50, 0, '2013-02-11', '', NULL, NULL),
(93, 14, 0.00, 50, 0, 50, '2013-02-11', '', NULL, NULL),
(94, 14, 0.00, 0, 40, 10, '2013-02-11', '', NULL, NULL),
(95, 15, 0.00, 50, 0, 50, '2013-02-11', '', NULL, NULL),
(96, 15, 0.00, 0, 40, 10, '2013-02-11', '', NULL, NULL),
(97, 12, 0.00, 50, 0, 50, '2013-02-16', '', NULL, NULL),
(98, 12, 0.00, 0, 30, 20, '2013-02-16', '', NULL, NULL),
(99, 13, 0.00, 50, 0, 50, '2013-02-16', '', NULL, NULL),
(100, 16, 0.00, 50, 0, 50, '2013-02-16', '', NULL, NULL),
(101, 16, 0.00, 0, 20, 30, '2013-02-16', '', NULL, NULL),
(102, 43, 0.20, 40, 0, 40, '2013-02-16', '', NULL, NULL),
(103, 43, 0.20, 0, 10, 40, '2013-02-16', '', NULL, NULL),
(104, 1, 12.00, 1000, 0, 1050, '2013-02-17', '', NULL, NULL),
(105, 1, 12.00, 0, 1000, 50, '2013-02-17', '', NULL, NULL),
(106, 14, 0.00, 1000, 0, 1010, '2013-02-17', '', NULL, NULL),
(107, 14, 0.00, 0, 1000, 10, '2013-02-17', '', NULL, NULL),
(108, 4, 0.00, 1000, 0, 1050, '2013-02-17', '', NULL, NULL),
(109, 15, 0.00, 1000, 0, 1010, '2013-02-17', '', NULL, NULL),
(110, 4, 0.00, 0, 1000, 50, '2013-02-17', '', NULL, NULL),
(111, 15, 0.00, 0, 1000, 10, '2013-02-17', '', NULL, NULL),
(112, 44, 0.00, 5, 0, 5, '2013-03-02', '', NULL, NULL),
(113, 45, 0.00, 10, 0, 10, '2013-03-02', '', NULL, NULL),
(114, 46, 0.00, 10, 0, 10, '2013-03-02', '', NULL, NULL),
(115, 47, 0.00, 10, 0, 10, '2013-03-02', '', NULL, NULL),
(116, 48, 0.00, 10, 0, 10, '2013-03-02', '', NULL, NULL),
(117, 49, 0.00, 110, 0, 110, '2013-03-02', '', NULL, NULL),
(118, 50, 0.00, 10, 0, 10, '2013-03-02', '', NULL, NULL),
(119, 51, 0.00, 10, 0, 10, '2013-03-02', '', NULL, NULL),
(120, 52, 0.00, 10, 0, 10, '2013-03-02', '', NULL, NULL),
(121, 53, 0.00, 10, 0, 10, '2013-03-02', '', NULL, NULL),
(122, 44, 0.00, 0, 5, 5, '2013-03-02', '', NULL, NULL),
(123, 44, 0.00, 0, 2, 3, '2013-03-02', '', NULL, NULL),
(124, 2, 0.00, 1000, 0, 1000, '2013-03-05', '', NULL, NULL),
(125, 1, 12.00, 1000, 0, 1050, '2013-03-05', '', NULL, NULL),
(126, 10, 0.00, 1000, 0, 1001, '2013-03-05', '', NULL, NULL),
(127, 11, 0.00, 1000, 0, 1072, '2013-03-05', '', NULL, NULL),
(128, 12, 0.00, 1000, 0, 1020, '2013-03-05', '', NULL, NULL),
(129, 13, 0.00, 1000, 0, 1050, '2013-03-05', '', NULL, NULL),
(130, 14, 0.00, 1000, 0, 1010, '2013-03-05', '', NULL, NULL),
(131, 15, 0.00, 1000, 0, 1010, '2013-03-05', '', NULL, NULL),
(132, 16, 0.00, 1000, 0, 1030, '2013-03-05', '', NULL, NULL),
(133, 17, 0.00, 10, 0, 10, '2013-03-05', '', NULL, NULL),
(134, 18, 0.00, 5, 0, 5, '2013-03-05', '', NULL, NULL),
(135, 20, 0.00, 10, 0, 10, '2013-03-05', '', NULL, NULL),
(136, 21, 0.00, 50, 0, 50, '2013-03-05', '', NULL, NULL),
(137, 30, 0.00, 10, 0, 10, '2013-03-05', '', NULL, NULL),
(138, 14, 0.00, 0, 10, 1000, '2013-03-05', '', NULL, NULL),
(139, 2, 0.00, 0, 500, 500, '2013-03-05', '', NULL, NULL),
(140, 5, 0.00, 100, 0, 130, '2013-03-05', '', NULL, NULL),
(141, 5, 0.00, 0, 50, 80, '2013-03-05', '', NULL, NULL),
(142, 18, 0.00, 0, 5, 0, '2013-03-05', '', NULL, NULL),
(143, 1, 12.00, 0, 100, 950, '2013-03-05', '', NULL, NULL),
(144, 1, 12.00, 0, 100, 850, '2013-03-05', '', NULL, NULL),
(145, 10, 0.00, 0, 100, 901, '2013-03-05', '', NULL, NULL),
(146, 1, 12.00, 0, 850, 0, '2013-03-06', '', NULL, NULL),
(147, 2, 0.00, 0, 500, 0, '2013-03-06', '', NULL, NULL),
(149, 3, 0.00, 0, 20, 30, '2013-03-11', '', NULL, NULL),
(150, 11, 0.00, 0, 1000, 72, '2013-03-14', '', NULL, NULL),
(151, 26, 700.00, 0, 1, 1, '2013-03-14', '', NULL, NULL),
(152, 26, 700.00, 0, 1, 0, '2013-03-14', '', NULL, NULL),
(153, 3, 0.00, 10000000, 0, 10000030, '2013-03-16', '', NULL, NULL),
(154, 3, 0.00, 0, 30, 10000000, '2013-03-16', '', NULL, NULL),
(155, 54, 0.00, 7, 0, 7, '2013-03-16', '', NULL, NULL),
(156, 54, 0.00, 0, 7, 0, '2013-03-16', '', NULL, NULL),
(157, 5, 0.00, 0, 50, 30, '2013-03-16', '', NULL, NULL),
(158, 55, 0.00, 100, 0, 100, '2013-03-16', '', NULL, NULL),
(159, 55, 0.00, 0, 50, 50, '2013-03-16', '', NULL, NULL),
(160, 56, 0.00, 100, 0, 100, '2013-03-16', '', NULL, NULL),
(161, 56, 0.00, 0, 20, 80, '2013-03-16', '', NULL, NULL),
(162, 2, 0.00, 50, 0, 50, '2013-03-16', '', NULL, NULL),
(163, 6, 11.00, 100, 0, 112, '2013-03-16', '', NULL, NULL),
(164, 6, 11.00, 0, 100, 12, '2013-03-16', '', NULL, NULL),
(165, 33, 0.00, 0, 5, 2, '2013-03-16', '', NULL, NULL),
(166, 30, 0.00, 0, 5, 5, '2013-03-16', '', NULL, NULL),
(167, 9, 12.00, 60, 0, 60, '2013-03-16', '', NULL, NULL),
(168, 9, 12.00, 0, 60, 0, '2013-03-16', '', NULL, NULL),
(169, 57, 0.00, 10, 0, 10, '2013-03-16', '', NULL, NULL),
(170, 57, 0.00, 0, 10, 0, '2013-03-16', '', NULL, NULL),
(171, 20, 0.00, 0, 10, 0, '2013-03-16', '', NULL, NULL),
(172, 58, 0.00, 10, 0, 10, '2013-03-16', '', NULL, NULL),
(173, 58, 0.00, 0, 10, 0, '2013-03-16', '', NULL, NULL),
(174, 59, 0.00, 10, 0, 10, '2013-03-16', '', NULL, NULL),
(175, 59, 0.00, 0, 10, 0, '2013-03-16', '', NULL, NULL),
(176, 60, 0.00, 5, 0, 5, '2013-03-16', '', NULL, NULL),
(177, 60, 0.00, 0, 5, 0, '2013-03-16', '', NULL, NULL),
(178, 61, 0.00, 5, 0, 5, '2013-03-16', '', NULL, NULL),
(179, 61, 0.00, 0, 5, 0, '2013-03-16', '', NULL, NULL),
(180, 62, 0.00, 40, 0, 40, '2013-03-16', '', NULL, NULL),
(181, 21, 0.00, 0, 30, 20, '2013-03-16', '', NULL, NULL),
(182, 29, 0.00, 0, 5, 3, '2013-03-16', '', NULL, NULL),
(183, 28, 12.00, 0, 10, 0, '2013-03-16', '', NULL, NULL),
(184, 3, 0.00, 0, 10, 9999990, '2013-03-16', '', NULL, NULL),
(185, 32, 0.00, 10, 0, 10, '2013-03-16', '', NULL, NULL),
(186, 32, 0.00, 0, 10, 0, '2013-03-16', '', NULL, NULL),
(187, 63, 0.00, 20, 0, 20, '2013-03-16', '', NULL, NULL),
(188, 63, 0.00, 0, 20, 0, '2013-03-16', '', NULL, NULL),
(189, 19, 0.00, 20, 0, 20, '2013-03-16', '', NULL, NULL),
(190, 19, 0.00, 0, 20, 0, '2013-03-16', '', NULL, NULL),
(191, 22, 0.00, 10000, 0, 10000, '2013-03-16', '', NULL, NULL),
(192, 23, 0.00, 10000, 0, 10000, '2013-03-16', '', NULL, NULL),
(193, 24, 0.00, 1000, 0, 1000, '2013-03-16', '', NULL, NULL),
(194, 24, 0.00, 0, 1000, 0, '2013-03-16', '', NULL, NULL),
(195, 23, 0.00, 0, 1000, 9000, '2013-03-16', '', NULL, NULL),
(196, 22, 0.00, 0, 1000, 9000, '2013-03-16', '', NULL, NULL),
(197, 16, 0.00, 0, 50, 980, '2013-03-16', '', NULL, NULL),
(198, 19, 0.00, 50, 0, 50, '2013-03-16', '', NULL, NULL),
(199, 19, 0.00, 0, 50, 0, '2013-03-16', '', NULL, NULL),
(200, 3, 0.00, 0, 10000, 9989990, '2013-03-17', '', NULL, NULL),
(201, 45, 0.00, 0, 10, 0, '2013-03-17', '', NULL, NULL),
(202, 64, 0.00, 100, 0, 100, '2013-03-17', '', NULL, NULL),
(203, 64, 0.00, 0, 10, 90, '2013-03-17', '', NULL, NULL),
(204, 65, 0.00, 100, 0, 100, '2013-03-17', '', NULL, NULL),
(205, 65, 0.00, 0, 50, 50, '2013-03-17', '', NULL, NULL),
(206, 18, 0.00, 50, 0, 50, '2013-03-17', '', NULL, NULL),
(207, 18, 0.00, 0, 50, 0, '2013-03-17', '', NULL, NULL),
(208, 66, 0.00, 100, 0, 100, '2013-03-17', '', NULL, NULL),
(209, 66, 0.00, 0, 100, 0, '2013-03-17', '', NULL, NULL),
(210, 67, 0.00, 1000, 0, 1000, '2013-03-17', '', NULL, NULL),
(211, 67, 0.00, 0, 100, 900, '2013-03-17', '', NULL, NULL),
(212, 68, 0.00, 100, 0, 100, '2013-03-17', '', NULL, NULL),
(213, 69, 10.00, 2, 0, 2, '2013-03-23', '', NULL, NULL),
(214, 69, 10.00, 0, 2, 0, '2013-03-23', '', NULL, NULL),
(215, 24, 0.00, 100, 0, 100, '2013-03-23', '', NULL, NULL),
(216, 24, 0.00, 1000000, 0, 1000100, '2013-03-23', '', NULL, NULL),
(217, 24, 0.00, 0, 100000, 900100, '2013-03-23', '', NULL, NULL),
(218, 1, 12.00, 100000, 0, 100000, '2013-03-23', '', NULL, NULL),
(219, 1, 12.00, 0, 100000, 0, '2013-03-23', '', NULL, NULL),
(220, 10, 0.00, 100000, 0, 100901, '2013-03-23', '', NULL, NULL),
(221, 10, 0.00, 0, 100000, 901, '2013-03-23', '', NULL, NULL),
(222, 11, 0.00, 100000, 0, 100072, '2013-03-23', '', NULL, NULL),
(223, 11, 0.00, 0, 100000, 72, '2013-03-23', '', NULL, NULL),
(224, 12, 0.00, 100000, 0, 101020, '2013-03-23', '', NULL, NULL),
(225, 12, 0.00, 0, 100000, 1020, '2013-03-23', '', NULL, NULL),
(226, 13, 0.00, 1000000, 0, 1001050, '2013-03-23', '', NULL, NULL),
(227, 13, 0.00, 0, 100000, 901050, '2013-03-23', '', NULL, NULL),
(228, 14, 0.00, 100000, 0, 101000, '2013-03-23', '', NULL, NULL),
(229, 14, 0.00, 0, 100000, 1000, '2013-03-23', '', NULL, NULL),
(230, 15, 0.00, 100000, 0, 101010, '2013-03-23', '', NULL, NULL),
(231, 15, 0.00, 0, 100000, 1010, '2013-03-23', '', NULL, NULL),
(232, 16, 0.00, 100000, 0, 100980, '2013-03-23', '', NULL, NULL),
(233, 16, 0.00, 0, 100000, 980, '2013-03-23', '', NULL, NULL),
(234, 17, 0.00, 100000, 0, 100010, '2013-03-23', '', NULL, NULL),
(235, 17, 0.00, 0, 100000, 10, '2013-03-23', '', NULL, NULL),
(236, 18, 0.00, 100000, 0, 100000, '2013-03-23', '', NULL, NULL),
(237, 18, 0.00, 0, 100000, 0, '2013-03-23', '', NULL, NULL),
(238, 19, 0.00, 100000, 0, 100000, '2013-03-23', '', NULL, NULL),
(239, 19, 0.00, 0, 100000, 0, '2013-03-23', '', NULL, NULL),
(240, 2, 0.00, 100000, 0, 100050, '2013-03-23', '', NULL, NULL),
(241, 2, 0.00, 0, 100000, 50, '2013-03-23', '', NULL, NULL),
(242, 20, 0.00, 100000, 0, 100000, '2013-03-23', '', NULL, NULL),
(243, 20, 0.00, 0, 10, 99990, '2013-03-23', '', NULL, NULL),
(244, 21, 0.00, 10, 0, 30, '2013-03-23', '', NULL, NULL),
(245, 21, 0.00, 0, 10, 20, '2013-03-23', '', NULL, NULL),
(246, 24, 0.00, 0, 20, 900080, '2013-03-23', '', NULL, NULL),
(247, 4, 0.00, 0, 50, 0, '2013-03-23', '', NULL, NULL),
(248, 5, 0.00, 0, 30, 0, '2013-03-23', '', NULL, NULL),
(249, 9, 12.00, 1000, 0, 1000, '2013-03-23', '', NULL, NULL),
(250, 9, 12.00, 0, 1000, 0, '2013-03-23', '', NULL, NULL),
(251, 58, 0.00, 1000, 0, 1000, '2013-03-23', '', NULL, NULL),
(252, 58, 0.00, 0, 1000, 0, '2013-03-23', '', NULL, NULL),
(253, 55, 0.00, 0, 10, 40, '2013-03-23', '', NULL, NULL),
(254, 6, 11.00, 0, 12, 0, '2013-03-23', '', NULL, NULL),
(255, 28, 12.00, 10, 0, 10, '2013-03-23', '', NULL, NULL),
(256, 28, 12.00, 0, 10, 0, '2013-03-23', '', NULL, NULL),
(257, 55, 0.00, 0, 10, 30, '2013-03-23', '', NULL, NULL),
(258, 55, 0.00, 0, 10, 20, '2013-03-23', '', NULL, NULL),
(259, 59, 0.00, 100, 0, 100, '2013-03-23', '', NULL, NULL),
(260, 59, 0.00, 0, 100, 0, '2013-03-23', '', NULL, NULL),
(261, 31, 0.00, 100, 0, 100, '2013-03-23', '', NULL, NULL),
(262, 31, 0.00, 0, 100, 0, '2013-03-23', '', NULL, NULL),
(263, 70, 12.00, 1000, 0, 1000, '2013-03-23', '', NULL, NULL),
(264, 71, 0.00, 5, 0, 5, '2013-03-23', '', NULL, NULL),
(265, 71, 0.00, 0, 5, 0, '2013-03-23', '', NULL, NULL),
(266, 72, 0.00, 10, 0, 10, '2013-03-23', '', NULL, NULL),
(267, 73, 0.00, 12, 0, 12, '2013-03-23', '', NULL, NULL),
(268, 44, 0.00, 10, 0, 13, '2013-03-23', '', NULL, NULL),
(269, 74, 0.00, 10, 0, 10, '2013-03-23', '', NULL, NULL),
(270, 74, 0.00, 0, 5, 5, '2013-03-23', '', NULL, NULL),
(271, 52, 0.00, 0, 5, 5, '2013-03-23', '', NULL, NULL),
(272, 72, 0.00, 0, 5, 5, '2013-03-23', '', NULL, NULL),
(273, 73, 0.00, 0, 5, 7, '2013-03-23', '', NULL, NULL),
(274, 75, 0.00, 12, 0, 12, '2013-03-23', '', NULL, NULL),
(275, 75, 0.00, 0, 5, 7, '2013-03-23', '', NULL, NULL),
(276, 76, 0.00, 24, 0, 24, '2013-03-23', '', NULL, NULL),
(277, 76, 0.00, 0, 5, 19, '2013-03-23', '', NULL, NULL),
(278, 77, 0.00, 12, 0, 12, '2013-03-23', '', NULL, NULL),
(279, 77, 0.00, 0, 5, 7, '2013-03-23', '', NULL, NULL),
(280, 78, 0.00, 19, 0, 19, '2013-03-23', '', NULL, NULL),
(281, 78, 0.00, 0, 5, 19, '2013-03-23', '', NULL, NULL),
(282, 79, 0.00, 12, 0, 12, '2013-03-23', '', NULL, NULL),
(283, 79, 0.00, 0, 5, 7, '2013-03-23', '', NULL, NULL),
(284, 80, 0.00, 12, 0, 12, '2013-03-23', '', NULL, NULL),
(285, 80, 0.00, 0, 5, 7, '2013-03-23', '', NULL, NULL),
(286, 1, 12.00, 60, 0, 60, '2013-03-24', '', NULL, NULL),
(287, 1, 12.00, 0, 60, 0, '2013-03-24', '', NULL, NULL),
(288, 5, 0.00, 66, 0, 66, '2013-03-24', '', NULL, NULL),
(289, 5, 0.00, 0, 66, 0, '2013-03-24', '', NULL, NULL),
(290, 81, 0.00, 15, 0, 15, '2013-03-24', '', NULL, NULL),
(291, 82, 0.00, 20, 0, 20, '2013-03-24', '', NULL, NULL),
(292, 83, 0.00, 14, 0, 14, '2013-03-24', '', NULL, NULL),
(293, 57, 0.00, 12, 0, 12, '2013-03-24', '', NULL, NULL),
(294, 84, 0.00, 6, 0, 6, '2013-03-24', '', NULL, NULL),
(295, 85, 0.00, 5, 0, 5, '2013-03-24', '', NULL, NULL),
(296, 5, 0.00, 66, 0, 66, '2013-03-24', '', NULL, NULL),
(297, 1, 12.00, 60, 0, 60, '2013-03-24', '', NULL, NULL),
(298, 2, 0.00, 74, 0, 124, '2013-03-24', '', NULL, NULL),
(299, 4, 0.00, 20, 0, 20, '2013-03-24', '', NULL, NULL),
(300, 86, 0.00, 10, 0, 10, '2013-03-24', '', NULL, NULL),
(301, 82, 0.00, 0, 20, 0, '2013-03-24', '', NULL, NULL),
(302, 83, 0.00, 0, 14, 0, '2013-03-24', '', NULL, NULL),
(303, 16, 0.00, 0, 50, 930, '2013-03-24', '', NULL, NULL),
(304, 87, 0.00, 10, 0, 10, '2013-03-24', '', NULL, NULL),
(305, 87, 0.00, 0, 10, 0, '2013-03-24', '', NULL, NULL),
(306, 57, 0.00, 0, 10, 2, '2013-03-24', '', NULL, NULL),
(307, 84, 0.00, 0, 6, 0, '2013-03-24', '', NULL, NULL),
(308, 83, 0.00, 30, 0, 30, '2013-03-24', '', NULL, NULL),
(309, 83, 0.00, 0, 20, 10, '2013-03-24', '', NULL, NULL),
(310, 20, 0.00, 0, 20, 99970, '2013-03-24', '', NULL, NULL),
(311, 87, 0.00, 1, 0, 1, '2013-03-24', '', NULL, NULL),
(312, 21, 0.00, 0, 10, 10, '2013-03-24', '', NULL, NULL),
(313, 88, 0.00, 10, 0, 10, '2013-03-24', '', NULL, NULL),
(314, 88, 0.00, 0, 10, 0, '2013-03-24', '', NULL, NULL),
(315, 33, 0.00, 0, 2, 0, '2013-03-24', '', NULL, NULL),
(316, 33, 0.00, 10, 0, 10, '2013-03-24', '', NULL, NULL),
(317, 33, 0.00, 0, 10, 0, '2013-03-24', '', NULL, NULL),
(318, 29, 0.00, 7, 0, 10, '2013-03-24', '', NULL, NULL),
(319, 29, 0.00, 0, 10, 0, '2013-03-24', '', NULL, NULL),
(320, 89, 0.00, 10, 0, 10, '2013-03-24', '', NULL, NULL),
(321, 90, 0.00, 10, 0, 10, '2013-03-24', '', NULL, NULL),
(322, 90, 0.00, 0, 10, 0, '2013-03-24', '', NULL, NULL),
(323, 91, 0.00, 10, 0, 10, '2013-03-24', '', NULL, NULL),
(324, 91, 0.00, 0, 10, 0, '2013-03-24', '', NULL, NULL),
(325, 9, 12.00, 10, 0, 10, '2013-03-24', '', NULL, NULL),
(326, 9, 12.00, 0, 10, 0, '2013-03-24', '', NULL, NULL),
(327, 5, 0.00, 0, 1, 65, '2013-03-24', '', NULL, NULL),
(328, 56, 0.00, 0, 1, 79, '2013-03-24', '', NULL, NULL),
(329, 92, 0.00, 50, 0, 50, '2013-03-24', '', NULL, NULL),
(330, 93, 0.00, 15, 0, 15, '2013-03-24', '', NULL, NULL),
(331, 92, 0.00, 0, 20, 30, '2013-03-24', '', NULL, NULL),
(332, 94, 0.00, 10, 0, 10, '2013-03-24', '', NULL, NULL),
(333, 94, 0.00, 0, 10, 0, '2013-03-24', '', NULL, NULL),
(334, 95, 0.00, 0, 0, 0, '2013-03-24', '', NULL, NULL),
(335, 95, 0.00, 0, 10, 0, '2013-03-24', '', NULL, NULL),
(336, 5, 0.00, 0, 2, 63, '2013-03-24', '', NULL, NULL),
(337, 56, 0.00, 0, 5, 74, '2013-03-24', '', NULL, NULL),
(338, 86, 0.00, 0, 1, 9, '2013-03-24', '', NULL, NULL),
(339, 5, 0.00, 0, 2, 61, '2013-03-24', '', NULL, NULL),
(340, 1, 12.00, 34, 0, 94, '2013-10-03', '', NULL, NULL),
(341, 11, 0.00, 0, 2, 70, '2013-10-03', '', NULL, NULL),
(342, 11, 0.00, 0, 2, 68, '2013-10-03', '', NULL, NULL),
(343, 10, 0.00, 0, 1, 900, '2013-10-03', '', NULL, NULL),
(344, 10, 0.00, 0, 3, 897, '2013-10-03', '', NULL, NULL),
(345, 1, 12.00, 0, 6, 88, '2013-10-03', '', NULL, NULL),
(346, 15, 0.00, 0, 100, 910, '2013-10-03', '', NULL, NULL),
(347, 28, 12.00, 500, 0, 500, '2013-10-03', '', NULL, NULL),
(348, 28, 12.00, 0, 20, 480, '2013-10-03', '', NULL, NULL),
(349, 3, 0.00, 0, 15, 9989975, '2013-10-03', '', NULL, NULL),
(350, 4, 0.00, 0, 40, -20, '2013-10-03', '', NULL, NULL),
(351, 3, 0.00, 0, 10, 9989965, '2013-10-03', '', NULL, NULL),
(352, 4, 0.00, 100, 0, 80, '2013-10-03', '', NULL, NULL),
(353, 4, 0.00, 0, 10, 70, '2013-10-03', '', NULL, NULL),
(354, 4, 0.00, 0, 10, 60, '2013-10-03', '', NULL, NULL),
(355, 3, 0.00, 0, 10, 9989955, '2013-10-03', '', NULL, NULL),
(356, 1, 12.00, 0, 5, 83, '2013-10-03', '', NULL, NULL),
(357, 1, 12.00, 0, 10, 73, '2013-10-03', '', NULL, NULL),
(358, 4, 0.00, 0, 5, 55, '2013-10-03', '', NULL, NULL),
(359, 3, 0.00, 0, 10, 9989945, '2013-10-03', '', NULL, NULL),
(360, 1, 12.00, 0, 10, 63, '2013-10-03', '', NULL, NULL),
(361, 3, 0.00, 0, 10, 9989935, '2013-10-03', '', NULL, NULL),
(362, 4, 0.00, 0, 10, 45, '2013-10-03', '', NULL, NULL),
(363, 1, 12.00, 0, 10, 53, '2013-10-04', '', NULL, NULL),
(364, 4, 0.00, 0, 10, 35, '2013-10-04', '', NULL, NULL),
(365, 3, 0.00, 0, 10, 9989925, '2013-10-04', '', NULL, NULL),
(366, 1, 12.00, 0, 10, 43, '2013-10-05', '', NULL, NULL),
(367, 4, 0.00, 0, 10, 25, '2013-10-05', '', NULL, NULL),
(368, 3, 0.00, 0, 10, 9989915, '2013-10-05', '', NULL, NULL),
(369, 1, 12.00, 0, 10, 33, '2013-10-07', '', NULL, NULL),
(370, 3, 0.00, 0, 10, 9989905, '2013-10-07', '', NULL, NULL),
(371, 4, 0.00, 0, 10, 15, '2013-10-07', '', NULL, NULL),
(372, 1, 12.00, 0, 5, 28, '2013-10-21', '', NULL, NULL),
(373, 3, 0.00, 0, 5, 9989900, '2013-10-21', '', NULL, NULL),
(374, 4, 0.00, 0, 5, 10, '2013-10-21', '', NULL, NULL),
(375, 1, 12.00, 0, 20, 8, '2013-11-20', '', NULL, NULL),
(376, 3, 0.00, 0, 20, 9989880, '2013-11-20', '', NULL, NULL),
(377, 4, 0.00, 0, 10, 0, '2013-11-20', '', NULL, NULL),
(378, 1, 12.00, 100, 0, 108, '2013-11-21', '', NULL, NULL),
(379, 3, 0.00, 0, 30, 9989850, '2013-11-21', '', NULL, NULL),
(380, 4, 0.00, 1000, 0, 1000, '2013-11-21', '', NULL, NULL),
(381, 4, 0.00, 30, 0, 1030, '2013-11-21', '', NULL, NULL),
(382, 1, 12.00, 0, 30, 78, '2013-11-21', '', NULL, NULL),
(383, 4, 0.00, 0, 35, 995, '2013-11-21', '', NULL, NULL),
(384, 4, 0.00, 0, 30, 965, '2013-11-21', '', NULL, NULL),
(385, 1, 12.00, 0, 30, 48, '2013-11-23', '', NULL, NULL),
(386, 4, 0.00, 0, 30, 935, '2013-11-23', '', NULL, NULL),
(387, 3, 0.00, 0, 30, 9989820, '2013-11-23', '', NULL, NULL),
(388, 1, 12.00, 10, 0, 58, '2013-12-11', '', NULL, NULL),
(389, 1, 12.00, 78, 0, 136, '2013-12-11', '', NULL, NULL),
(390, 1, 12.00, 0, 0, 136, '2013-12-11', '', NULL, NULL),
(391, 1, 12.00, 1, 0, 137, '2013-12-11', '', NULL, NULL),
(392, 1, 12.00, 0, 37, 100, '2013-12-11', '', NULL, NULL),
(393, 1, 12.00, 0, 100, 0, '2013-12-13', '', NULL, NULL),
(394, 1, 12.00, 50, 0, 50, '2013-12-13', '', NULL, NULL),
(395, 10, 0.00, 0, 97, 800, '2013-12-13', '', NULL, NULL),
(396, 96, 98.00, 100, 0, 100, '2013-12-13', '', NULL, NULL),
(397, 97, 100.00, 12, 0, 12, '2013-12-13', '', NULL, NULL),
(398, 10, 0.00, 0, 500, 300, '2013-12-13', '', NULL, NULL),
(399, 98, 12.00, 12, 0, 12, '2013-12-16', '', NULL, NULL),
(400, 99, 2.00, 3, 0, 3, '2013-12-16', '', NULL, NULL);

-- --------------------------------------------------------

--
-- Table structure for table `ambientes`
--

CREATE TABLE IF NOT EXISTS `ambientes` (
  `id` int(11) NOT NULL AUTO_INCREMENT,
  `numero` int(5) DEFAULT NULL,
  `imagen` varchar(50) DEFAULT NULL,
  `mesas` int(5) NOT NULL DEFAULT '0',
  PRIMARY KEY (`id`)
) ENGINE=InnoDB  DEFAULT CHARSET=latin1 AUTO_INCREMENT=4 ;

--
-- Dumping data for table `ambientes`
--

INSERT INTO `ambientes` (`id`, `numero`, `imagen`, `mesas`) VALUES
(1, 1, '527d5c16-0948-4cd7-b375-085c01d27043.jpg', 4),
(2, 2, '527d5c3a-3fb0-4430-8de6-085c01d27043.jpg', 1),
(3, 3, '52852fe7-45ec-4aac-afd1-0f1801d27043.jpg', 6);

-- --------------------------------------------------------

--
-- Table structure for table `aros`
--

CREATE TABLE IF NOT EXISTS `aros` (
  `id` int(10) NOT NULL AUTO_INCREMENT,
  `parent_id` int(10) DEFAULT NULL,
  `model` varchar(255) DEFAULT NULL,
  `foreign_key` int(10) DEFAULT NULL,
  `alias` varchar(255) DEFAULT NULL,
  `lft` int(10) DEFAULT NULL,
  `rght` int(10) DEFAULT NULL,
  PRIMARY KEY (`id`)
) ENGINE=MyISAM  DEFAULT CHARSET=latin1 AUTO_INCREMENT=4 ;

--
-- Dumping data for table `aros`
--

INSERT INTO `aros` (`id`, `parent_id`, `model`, `foreign_key`, `alias`, `lft`, `rght`) VALUES
(1, NULL, NULL, NULL, 'Administrador', 1, 4),
(2, NULL, NULL, NULL, 'Moso', 5, 6),
(3, 1, NULL, NULL, 'Cristiam', 2, 3);

-- --------------------------------------------------------

--
-- Table structure for table `aros_acos`
--

CREATE TABLE IF NOT EXISTS `aros_acos` (
  `id` int(10) NOT NULL AUTO_INCREMENT,
  `aro_id` int(10) NOT NULL,
  `aco_id` int(10) NOT NULL,
  `_create` varchar(2) NOT NULL DEFAULT '0',
  `_read` varchar(2) NOT NULL DEFAULT '0',
  `_update` varchar(2) NOT NULL DEFAULT '0',
  `_delete` varchar(2) NOT NULL DEFAULT '0',
  PRIMARY KEY (`id`),
  UNIQUE KEY `ARO_ACO_KEY` (`aro_id`,`aco_id`)
) ENGINE=MyISAM DEFAULT CHARSET=latin1 AUTO_INCREMENT=1 ;

-- --------------------------------------------------------

--
-- Table structure for table `asistencias`
--

CREATE TABLE IF NOT EXISTS `asistencias` (
  `id` int(11) NOT NULL AUTO_INCREMENT,
  `usuario_id` int(11) NOT NULL,
  `horaingreso` time NOT NULL,
  `horasalida` time NOT NULL,
  `fecha` date NOT NULL,
  `observaciones` text,
  PRIMARY KEY (`id`)
) ENGINE=MyISAM  DEFAULT CHARSET=latin1 AUTO_INCREMENT=22 ;

--
-- Dumping data for table `asistencias`
--

INSERT INTO `asistencias` (`id`, `usuario_id`, `horaingreso`, `horasalida`, `fecha`, `observaciones`) VALUES
(1, 2, '18:11:21', '00:00:00', '2012-07-21', NULL),
(2, 5, '18:13:21', '00:00:00', '2012-07-21', NULL),
(3, 2, '01:50:37', '00:00:00', '2012-07-23', NULL),
(4, 3, '17:01:22', '00:00:00', '2012-07-23', NULL),
(5, 2, '23:34:31', '00:00:00', '2012-08-20', NULL),
(6, 1, '23:34:53', '00:00:00', '2012-08-20', NULL),
(7, 2, '14:12:15', '00:00:00', '2012-09-06', NULL),
(16, 2, '13:20:50', '00:00:00', '2012-09-10', NULL),
(15, 2, '23:25:19', '00:00:00', '2012-09-07', NULL),
(17, 2, '15:51:03', '00:00:00', '2012-09-17', NULL),
(18, 2, '20:14:04', '00:00:00', '2012-09-18', NULL),
(19, 2, '14:32:26', '00:00:00', '2012-09-21', NULL),
(20, 2, '23:00:39', '00:00:00', '2012-10-05', NULL),
(21, 3, '23:04:45', '00:00:00', '2012-10-05', NULL);

-- --------------------------------------------------------

--
-- Table structure for table `bodegas`
--

CREATE TABLE IF NOT EXISTS `bodegas` (
  `id` int(11) NOT NULL AUTO_INCREMENT,
  `insumo_id` int(11) NOT NULL,
  `preciocompra` float(15,2) NOT NULL DEFAULT '0.00',
  `ingreso` int(11) NOT NULL DEFAULT '0',
  `salida` int(11) NOT NULL DEFAULT '0',
  `total` int(11) NOT NULL DEFAULT '0',
  `fecha` date NOT NULL,
  `lugare_id` int(255) DEFAULT NULL,
  `observaciones` varchar(500) DEFAULT NULL,
  PRIMARY KEY (`id`)
) ENGINE=MyISAM  DEFAULT CHARSET=latin1 AUTO_INCREMENT=4730 ;

--
-- Dumping data for table `bodegas`
--

INSERT INTO `bodegas` (`id`, `insumo_id`, `preciocompra`, `ingreso`, `salida`, `total`, `fecha`, `lugare_id`, `observaciones`) VALUES
(1, 6, 11.00, 10, 0, 10, '2012-09-22', NULL, NULL),
(2, 6, 11.00, 0, 1, 9, '2012-09-22', NULL, NULL),
(3, 6, 11.00, 0, 1, 8, '2012-09-22', NULL, NULL),
(4, 6, 11.00, 0, 1, 7, '2012-09-22', NULL, NULL),
(5, 6, 11.00, 0, 1, 6, '2012-09-22', NULL, NULL),
(6, 6, 11.00, 0, 1, 5, '2012-09-22', NULL, NULL),
(7, 6, 11.00, 0, 1, 4, '2012-09-22', NULL, NULL),
(8, 6, 11.00, 0, 1, 3, '2012-09-22', NULL, NULL),
(9, 1, 12.00, 10, 0, 10, '2012-09-22', NULL, NULL),
(10, 6, 11.00, 18, 0, 21, '2012-09-22', NULL, NULL),
(11, 6, 11.00, 0, 1, 20, '2012-09-22', NULL, NULL),
(12, 6, 11.00, 0, 1, 19, '2012-09-22', NULL, NULL),
(13, 1, 12.00, 0, 1, 9, '2012-09-22', NULL, NULL),
(14, 6, 11.00, 0, 1, 18, '2012-09-22', NULL, NULL),
(15, 6, 11.00, 0, 1, 17, '2012-09-22', NULL, NULL),
(16, 6, 11.00, 0, 1, 16, '2012-09-22', NULL, NULL),
(17, 1, 12.00, 0, 1, 8, '2012-09-22', NULL, NULL),
(18, 1, 12.00, 0, 1, 7, '2012-09-22', NULL, NULL),
(19, 1, 12.00, 0, 1, 6, '2012-09-22', NULL, NULL),
(20, 1, 12.00, 0, 1, 5, '2012-09-22', NULL, NULL),
(21, 1, 12.00, 0, 1, 4, '2012-09-22', NULL, NULL),
(22, 1, 12.00, 0, 1, 3, '2012-09-22', NULL, NULL),
(23, 1, 12.00, 0, 1, 2, '2012-09-22', NULL, NULL),
(24, 6, 11.00, 0, 1, 15, '2012-09-22', NULL, NULL),
(25, 6, 11.00, 0, 1, 14, '2012-09-22', NULL, NULL),
(26, 1, 12.00, 0, 1, 1, '2012-09-22', NULL, NULL),
(27, 1, 12.00, 0, 1, 0, '2012-09-22', NULL, NULL),
(28, 1, 12.00, 50, 0, 50, '2012-09-22', NULL, NULL),
(29, 6, 11.00, 50, 0, 64, '2012-09-22', NULL, NULL),
(30, 1, 12.00, 0, 1, 49, '2012-09-22', NULL, NULL),
(31, 1, 12.00, 0, 1, 48, '2012-09-22', NULL, NULL),
(32, 6, 11.00, 0, 1, 63, '2012-09-22', NULL, NULL),
(33, 6, 11.00, 0, 1, 62, '2012-09-22', NULL, NULL),
(34, 1, 12.00, 0, 1, 47, '2012-09-22', NULL, NULL),
(35, 1, 12.00, 0, 1, 46, '2012-09-22', NULL, NULL),
(36, 1, 12.00, 0, 1, 45, '2012-09-22', NULL, NULL),
(37, 6, 11.00, 0, 1, 61, '2012-09-22', NULL, NULL),
(38, 6, 11.00, 0, 1, 60, '2012-09-22', NULL, NULL),
(39, 1, 12.00, 0, 1, 44, '2012-09-22', NULL, NULL),
(40, 1, 12.00, 0, 1, 43, '2012-09-22', NULL, NULL),
(41, 1, 12.00, 0, 1, 42, '2012-09-22', NULL, NULL),
(42, 6, 11.00, 0, 1, 59, '2012-09-22', NULL, NULL),
(43, 1, 12.00, 20, 0, 62, '2012-09-24', NULL, NULL),
(44, 6, 11.00, 0, 1, 58, '2012-09-24', NULL, NULL),
(45, 1, 12.00, 0, 1, 61, '2012-09-24', NULL, NULL),
(46, 1, 12.00, 0, 1, 60, '2012-09-24', NULL, NULL),
(47, 6, 11.00, 0, 1, 57, '2012-09-26', NULL, NULL),
(48, 6, 11.00, 0, 1, 56, '2012-09-27', NULL, NULL),
(49, 6, 11.00, 0, 1, 55, '2012-09-27', NULL, NULL),
(50, 6, 11.00, 0, 1, 54, '2012-09-27', NULL, NULL),
(51, 6, 11.00, 0, 1, 53, '2012-09-27', NULL, NULL),
(52, 1, 12.00, 0, 1, 59, '2012-09-28', NULL, NULL),
(53, 1, 12.00, 0, 1, 58, '2012-09-28', NULL, NULL),
(54, 6, 11.00, 0, 1, 52, '2012-09-28', NULL, NULL),
(55, 1, 12.00, 0, 1, 57, '2012-09-28', NULL, NULL),
(56, 6, 11.00, 0, 1, 51, '2012-09-28', NULL, NULL),
(57, 6, 11.00, 0, 1, 50, '2012-09-28', NULL, NULL),
(58, 6, 11.00, 0, 1, 49, '2012-09-28', NULL, NULL),
(59, 6, 11.00, 0, 1, 48, '2012-09-28', NULL, NULL),
(60, 6, 11.00, 0, 1, 47, '2012-09-28', NULL, NULL),
(61, 1, 12.00, 0, 1, 56, '2012-09-28', NULL, NULL),
(62, 7, 0.00, 1, 0, 1, '2012-09-28', NULL, NULL),
(63, 7, 0.00, 0, 1, 0, '2012-09-28', NULL, NULL),
(64, 7, 0.00, 5, 0, 5, '2012-09-28', NULL, NULL),
(65, 7, 0.00, 0, 1, 4, '2012-09-28', NULL, NULL),
(66, 1, 12.00, 25, 0, 81, '2012-09-28', NULL, NULL),
(67, 1, 12.00, 0, 1, 80, '2012-09-28', NULL, NULL),
(68, 1, 12.00, 0, 1, 79, '2012-09-28', NULL, NULL),
(69, 7, 0.00, 0, 1, 3, '2012-09-29', NULL, NULL),
(70, 1, 12.00, 0, 1, 78, '2012-09-29', NULL, NULL),
(71, 1, 12.00, 0, 1, 77, '2012-09-29', NULL, NULL),
(72, 7, 0.00, 0, 1, 2, '2012-09-29', NULL, NULL),
(73, 1, 12.00, 0, 1, 76, '2012-09-30', NULL, NULL),
(74, 1, 12.00, 0, 1, 75, '2012-09-30', NULL, NULL),
(75, 7, 0.00, 0, 1, 1, '2012-09-30', NULL, NULL),
(76, 7, 0.00, 0, 1, 0, '2012-09-30', NULL, NULL),
(77, 24, 0.00, 10, 0, 10, '2012-10-04', NULL, NULL),
(78, 24, 0.00, 0, 1, 9, '2012-10-04', NULL, NULL),
(79, 6, 11.00, 0, 1, 46, '2012-10-04', NULL, NULL),
(80, 24, 0.00, 0, 1, 8, '2012-10-04', NULL, NULL),
(81, 6, 11.00, 0, 1, 45, '2012-10-04', NULL, NULL),
(82, 24, 0.00, 0, 1, 7, '2012-10-04', NULL, NULL),
(83, 6, 11.00, 0, 1, 44, '2012-10-04', NULL, NULL),
(84, 6, 11.00, 0, 1, 43, '2012-10-04', NULL, NULL),
(85, 24, 0.00, 0, 1, 6, '2012-10-04', NULL, NULL),
(86, 6, 11.00, 0, 1, 42, '2012-10-04', NULL, NULL),
(87, 24, 0.00, 0, 1, 5, '2012-10-04', NULL, NULL),
(88, 24, 0.00, 0, 1, 4, '2012-10-04', NULL, NULL),
(89, 6, 11.00, 0, 1, 41, '2012-10-04', NULL, NULL),
(90, 24, 0.00, 0, 1, 3, '2012-10-04', NULL, NULL),
(91, 6, 11.00, 0, 1, 40, '2012-10-04', NULL, NULL),
(92, 24, 0.00, 0, 1, 2, '2012-10-04', NULL, NULL),
(93, 6, 11.00, 0, 1, 39, '2012-10-04', NULL, NULL),
(94, 24, 0.00, 0, 1, 1, '2012-10-04', NULL, NULL),
(95, 6, 11.00, 0, 1, 38, '2012-10-04', NULL, NULL),
(96, 6, 11.00, 0, 1, 37, '2012-10-04', NULL, NULL),
(97, 24, 0.00, 70, 0, 71, '2012-10-04', NULL, NULL),
(98, 24, 0.00, 0, 1, 70, '2012-10-04', NULL, NULL),
(99, 6, 11.00, 0, 1, 36, '2012-10-04', NULL, NULL),
(100, 6, 11.00, 0, 1, 35, '2012-10-04', NULL, NULL),
(101, 24, 0.00, 0, 1, 69, '2012-10-04', NULL, NULL),
(102, 24, 0.00, 0, 1, 68, '2012-10-04', NULL, NULL),
(103, 24, 0.00, 0, 1, 67, '2012-10-04', NULL, NULL),
(104, 24, 0.00, 0, 1, 66, '2012-10-04', NULL, NULL),
(105, 6, 11.00, 0, 1, 34, '2012-10-04', NULL, NULL),
(106, 6, 11.00, 0, 1, 33, '2012-10-04', NULL, NULL),
(107, 24, 0.00, 0, 1, 65, '2012-10-04', NULL, NULL),
(108, 6, 11.00, 0, 1, 32, '2012-10-04', NULL, NULL),
(109, 6, 11.00, 0, 1, 31, '2012-10-04', NULL, NULL),
(110, 6, 11.00, 0, 1, 30, '2012-10-04', NULL, NULL),
(111, 24, 0.00, 0, 1, 64, '2012-10-04', NULL, NULL),
(112, 24, 0.00, 0, 1, 63, '2012-10-05', NULL, NULL),
(113, 24, 0.00, 0, 1, 62, '2012-10-05', NULL, NULL),
(114, 6, 11.00, 0, 1, 29, '2012-10-05', NULL, NULL),
(115, 6, 11.00, 0, 1, 28, '2012-10-05', NULL, NULL),
(116, 5, 0.00, 5, 0, 5, '2012-10-05', NULL, NULL),
(117, 2, 0.00, 5, 0, 5, '2012-10-05', NULL, NULL),
(118, 5, 0.00, 0, 1, 4, '2012-10-05', NULL, NULL),
(119, 2, 0.00, 0, 1, 4, '2012-10-05', NULL, NULL),
(120, 5, 0.00, 0, 1, 3, '2012-10-05', NULL, NULL),
(121, 2, 0.00, 0, 1, 3, '2012-10-05', NULL, NULL),
(122, 6, 11.00, 0, 1, 27, '2012-10-05', NULL, NULL),
(123, 5, 0.00, 0, 1, 2, '2012-10-05', NULL, NULL),
(124, 2, 0.00, 0, 1, 2, '2012-10-05', NULL, NULL),
(125, 6, 11.00, 0, 1, 26, '2012-10-05', NULL, NULL),
(126, 5, 0.00, 0, 1, 1, '2012-10-05', NULL, NULL),
(127, 2, 0.00, 0, 1, 1, '2012-10-05', NULL, NULL),
(128, 5, 0.00, 0, 1, 0, '2012-10-05', NULL, NULL),
(129, 2, 0.00, 0, 1, 0, '2012-10-05', NULL, NULL),
(130, 6, 11.00, 0, 1, 25, '2012-10-05', NULL, NULL),
(131, 2, 0.00, 5, 0, 5, '2012-10-05', NULL, NULL),
(132, 5, 0.00, 5, 0, 5, '2012-10-05', NULL, NULL),
(133, 5, 0.00, 0, 1, 4, '2012-10-05', NULL, NULL),
(134, 2, 0.00, 0, 1, 4, '2012-10-05', NULL, NULL),
(135, 5, 0.00, 0, 1, 3, '2012-10-06', NULL, NULL),
(136, 2, 0.00, 0, 1, 3, '2012-10-06', NULL, NULL),
(137, 5, 0.00, 0, 1, 2, '2012-10-06', NULL, NULL),
(138, 5, 0.00, 0, 1, 1, '2012-10-06', NULL, NULL),
(139, 5, 0.00, 0, 1, 0, '2012-10-06', NULL, NULL),
(140, 1, 12.00, 0, 1, 74, '2012-10-06', NULL, NULL),
(141, 2, 0.00, 50, 0, 53, '2012-10-06', NULL, NULL),
(142, 5, 0.00, 50, 0, 50, '2012-10-06', NULL, NULL),
(143, 7, 0.00, 50, 0, 50, '2012-10-06', NULL, NULL),
(144, 7, 0.00, 50, 0, 100, '2012-10-06', NULL, NULL),
(145, 5, 0.00, 0, 1, 49, '2012-10-06', NULL, NULL),
(146, 2, 0.00, 0, 1, 52, '2012-10-06', NULL, NULL),
(147, 6, 11.00, 0, 1, 24, '2012-10-06', NULL, NULL),
(148, 5, 0.00, 0, 1, 48, '2012-10-07', NULL, NULL),
(149, 2, 0.00, 0, 1, 51, '2012-10-07', NULL, NULL),
(150, 5, 0.00, 0, 1, 47, '2012-10-07', NULL, NULL),
(151, 2, 0.00, 0, 1, 50, '2012-10-07', NULL, NULL),
(152, 6, 11.00, 0, 1, 23, '2012-10-07', NULL, NULL),
(153, 5, 0.00, 0, 1, 46, '2012-10-07', NULL, NULL),
(154, 2, 0.00, 0, 1, 49, '2012-10-07', NULL, NULL),
(155, 6, 11.00, 0, 1, 22, '2012-10-07', NULL, NULL),
(156, 5, 0.00, 0, 1, 45, '2012-10-07', NULL, NULL),
(157, 5, 0.00, 0, 1, 44, '2012-10-07', NULL, NULL),
(158, 2, 0.00, 0, 1, 48, '2012-10-07', NULL, NULL),
(159, 5, 0.00, 0, 1, 43, '2012-10-07', NULL, NULL),
(160, 2, 0.00, 0, 1, 47, '2012-10-07', NULL, NULL),
(161, 7, 0.00, 0, 1, 99, '2012-10-07', NULL, NULL),
(162, 5, 0.00, 0, 1, 42, '2012-10-07', NULL, NULL),
(163, 5, 0.00, 0, 1, 41, '2012-10-07', NULL, NULL),
(164, 5, 0.00, 0, 1, 40, '2012-10-07', NULL, NULL),
(165, 2, 0.00, 0, 1, 46, '2012-10-07', NULL, NULL),
(166, 5, 0.00, 0, 1, 39, '2012-10-07', NULL, NULL),
(167, 2, 0.00, 0, 1, 45, '2012-10-07', NULL, NULL),
(168, 5, 0.00, 0, 1, 38, '2012-10-07', NULL, NULL),
(169, 6, 11.00, 0, 1, 21, '2012-10-07', NULL, NULL),
(170, 5, 0.00, 0, 1, 37, '2012-12-18', NULL, NULL),
(171, 2, 0.00, 0, 1, 44, '2012-12-18', NULL, NULL),
(172, 5, 0.00, 0, 1, 36, '2012-12-18', NULL, NULL),
(173, 1, 12.00, 0, 1, 73, '2012-12-18', NULL, NULL),
(174, 5, 0.00, 0, 1, 35, '2012-12-18', NULL, NULL),
(175, 1, 12.00, 0, 1, 72, '2012-12-18', NULL, NULL),
(176, 5, 0.00, 0, 1, 34, '2012-12-18', NULL, NULL),
(177, 1, 12.00, 0, 1, 71, '2012-12-18', NULL, NULL),
(178, 2, 0.00, 0, 1, 43, '2012-12-18', NULL, NULL),
(179, 2, 0.00, 0, 1, 42, '2012-12-18', NULL, NULL),
(180, 5, 0.00, 0, 1, 33, '2012-12-18', NULL, NULL),
(181, 5, 0.00, 0, 1, 32, '2012-12-18', NULL, NULL),
(182, 1, 12.00, 0, 1, 70, '2012-12-18', NULL, NULL),
(183, 2, 0.00, 0, 1, 41, '2012-12-18', NULL, NULL),
(184, 5, 0.00, 0, 1, 31, '2012-12-18', NULL, NULL),
(185, 5, 0.00, 0, 1, 30, '2012-12-18', NULL, NULL),
(186, 2, 0.00, 0, 1, 40, '2012-12-18', NULL, NULL),
(187, 1, 12.00, 0, 1, 69, '2012-12-18', NULL, NULL),
(188, 1, 12.00, 0, 1, 68, '2012-12-18', NULL, NULL),
(189, 5, 0.00, 0, 1, 29, '2012-12-18', NULL, NULL),
(190, 5, 0.00, 0, 1, 28, '2012-12-18', NULL, NULL),
(191, 5, 0.00, 0, 1, 27, '2012-12-18', NULL, NULL),
(192, 5, 0.00, 0, 1, 26, '2012-12-18', NULL, NULL),
(193, 5, 0.00, 0, 1, 25, '2012-12-18', NULL, NULL),
(194, 1, 12.00, 0, 1, 67, '2012-12-18', NULL, NULL),
(195, 5, 0.00, 0, 1, 24, '2012-12-18', NULL, NULL),
(196, 5, 0.00, 0, 1, 23, '2012-12-18', NULL, NULL),
(197, 5, 0.00, 0, 1, 22, '2012-12-18', NULL, NULL),
(198, 5, 0.00, 0, 1, 21, '2012-12-18', NULL, NULL),
(199, 5, 0.00, 0, 1, 20, '2012-12-18', NULL, NULL),
(200, 5, 0.00, 0, 1, 19, '2012-12-18', NULL, NULL),
(201, 5, 0.00, 0, 1, 18, '2012-12-18', NULL, NULL),
(202, 1, 12.00, 0, 1, 66, '2012-12-18', NULL, NULL),
(203, 2, 0.00, 0, 1, 39, '2012-12-18', NULL, NULL),
(204, 2, 0.00, 0, 1, 38, '2012-12-18', NULL, NULL),
(205, 5, 0.00, 0, 1, 17, '2012-12-18', NULL, NULL),
(206, 5, 0.00, 0, 1, 16, '2012-12-18', NULL, NULL),
(207, 1, 12.00, 0, 1, 65, '2012-12-18', NULL, NULL),
(208, 2, 0.00, 0, 1, 37, '2012-12-18', NULL, NULL),
(209, 5, 0.00, 0, 1, 15, '2012-12-18', NULL, NULL),
(210, 2, 0.00, 0, 1, 36, '2012-12-18', NULL, NULL),
(211, 2, 0.00, 0, 1, 35, '2012-12-18', NULL, NULL),
(212, 2, 0.00, 0, 1, 34, '2012-12-18', NULL, NULL),
(213, 1, 12.00, 0, 1, 64, '2012-12-18', NULL, NULL),
(214, 5, 0.00, 0, 1, 14, '2012-12-18', NULL, NULL),
(215, 1, 12.00, 0, 1, 63, '2012-12-18', NULL, NULL),
(216, 5, 0.00, 0, 1, 13, '2012-12-18', NULL, NULL),
(217, 1, 12.00, 0, 1, 62, '2012-12-18', NULL, NULL),
(218, 5, 0.00, 0, 1, 12, '2012-12-18', NULL, NULL),
(219, 1, 12.00, 0, 1, 61, '2012-12-18', NULL, NULL),
(220, 5, 0.00, 0, 1, 11, '2012-12-18', NULL, NULL),
(221, 5, 0.00, 0, 1, 10, '2012-12-18', NULL, NULL),
(222, 5, 0.00, 0, 1, 9, '2012-12-18', NULL, NULL),
(223, 1, 12.00, 0, 1, 60, '2012-12-18', NULL, NULL),
(224, 5, 0.00, 0, 1, 8, '2012-12-18', NULL, NULL),
(225, 1, 12.00, 0, 1, 59, '2012-12-18', NULL, NULL),
(226, 5, 0.00, 0, 1, 7, '2012-12-18', NULL, NULL),
(227, 1, 12.00, 0, 1, 58, '2012-12-18', NULL, NULL),
(228, 5, 0.00, 0, 1, 6, '2012-12-18', NULL, NULL),
(229, 1, 12.00, 0, 1, 57, '2012-12-18', NULL, NULL),
(230, 5, 0.00, 0, 1, 5, '2012-12-18', NULL, NULL),
(231, 1, 12.00, 0, 1, 56, '2012-12-18', NULL, NULL),
(232, 2, 0.00, 0, 1, 33, '2012-12-18', NULL, NULL),
(233, 5, 0.00, 0, 1, 4, '2012-12-18', NULL, NULL),
(234, 1, 12.00, 0, 1, 55, '2012-12-18', NULL, NULL),
(235, 2, 0.00, 0, 1, 32, '2012-12-18', NULL, NULL),
(236, 2, 0.00, 0, 1, 31, '2012-12-18', NULL, NULL),
(237, 5, 0.00, 0, 1, 3, '2012-12-18', NULL, NULL),
(238, 2, 0.00, 0, 1, 30, '2012-12-18', NULL, NULL),
(239, 2, 0.00, 0, 1, 29, '2012-12-18', NULL, NULL),
(240, 5, 0.00, 0, 1, 2, '2012-12-18', NULL, NULL),
(241, 1, 12.00, 0, 1, 54, '2012-12-18', NULL, NULL),
(242, 2, 0.00, 0, 1, 28, '2012-12-18', NULL, NULL),
(243, 5, 0.00, 0, 1, 1, '2012-12-18', NULL, NULL),
(244, 1, 12.00, 0, 1, 53, '2012-12-18', NULL, NULL),
(245, 2, 0.00, 0, 1, 27, '2012-12-18', NULL, NULL),
(246, 2, 0.00, 0, 1, 26, '2012-12-18', NULL, NULL),
(247, 1, 12.00, 0, 1, 52, '2012-12-18', NULL, NULL),
(248, 2, 0.00, 0, 1, 25, '2012-12-18', NULL, NULL),
(249, 5, 0.00, 0, 0, 1, '2012-12-18', NULL, NULL),
(250, 1, 12.00, 0, 1, 51, '2012-12-18', NULL, NULL),
(251, 1, 12.00, 0, 0, 51, '2012-12-18', NULL, NULL),
(252, 7, 0.00, 0, 1, 98, '2012-12-18', NULL, NULL),
(253, 2, 0.00, 0, 1, 24, '2012-12-18', NULL, NULL),
(254, 2, 0.00, 0, 1, 23, '2012-12-18', NULL, NULL),
(255, 1, 12.00, 0, 1, 50, '2012-12-18', NULL, NULL),
(256, 2, 0.00, 0, 1, 22, '2012-12-18', NULL, NULL),
(257, 5, 0.00, 0, 1, 0, '2012-12-18', NULL, NULL),
(258, 1, 12.00, 0, 1, 49, '2012-12-18', NULL, NULL),
(259, 1, 12.00, 0, 1, 48, '2012-12-18', NULL, NULL),
(260, 2, 0.00, 0, 1, 21, '2012-12-18', NULL, NULL),
(261, 2, 0.00, 0, 1, 20, '2012-12-18', NULL, NULL),
(262, 1, 12.00, 0, 1, 47, '2012-12-18', NULL, NULL),
(264, 2, 0.00, 0, 1, 19, '2012-12-21', NULL, NULL),
(265, 1, 12.00, 0, 1, 46, '2012-12-21', NULL, NULL),
(266, 1, 12.00, 0, 1, 45, '2012-12-21', NULL, NULL),
(267, 2, 0.00, 0, 1, 18, '2012-12-21', NULL, NULL),
(268, 2, 0.00, 0, 1, 17, '2012-12-21', NULL, NULL),
(269, 2, 0.00, 0, 1, 16, '2012-12-21', NULL, NULL),
(270, 1, 12.00, 0, 1, 44, '2012-12-21', NULL, NULL),
(271, 2, 0.00, 0, 1, 15, '2012-12-21', NULL, NULL),
(272, 1, 12.00, 0, 1, 43, '2012-12-21', NULL, NULL),
(273, 2, 0.00, 0, 1, 14, '2012-12-21', NULL, NULL),
(274, 1, 12.00, 0, 1, 42, '2012-12-21', NULL, NULL),
(275, 6, 11.00, 0, 1, 20, '2012-12-21', NULL, NULL),
(276, 2, 0.00, 0, 1, 13, '2012-12-22', NULL, NULL),
(277, 2, 0.00, 0, 1, 12, '2013-01-31', NULL, NULL),
(278, 2, 0.00, 0, 1, 11, '2013-01-31', NULL, NULL),
(279, 1, 12.00, 0, 1, 41, '2013-01-31', NULL, NULL),
(280, 2, 0.00, 0, 1, 10, '2013-01-31', NULL, NULL),
(281, 1, 12.00, 0, 1, 40, '2013-01-31', NULL, NULL),
(282, 1, 12.00, 0, 1, 39, '2013-01-31', NULL, NULL),
(283, 2, 0.00, 0, 1, 9, '2013-02-02', NULL, NULL),
(284, 1, 12.00, 0, 1, 38, '2013-02-02', NULL, NULL),
(285, 2, 0.00, 0, 1, 8, '2013-02-02', NULL, NULL),
(286, 1, 12.00, 0, 1, 37, '2013-02-02', NULL, NULL),
(287, 6, 11.00, 0, 1, 19, '2013-02-02', NULL, NULL),
(288, 2, 0.00, 0, 1, 7, '2013-02-02', NULL, NULL),
(289, 1, 12.00, 0, 1, 36, '2013-02-02', NULL, NULL),
(290, 2, 0.00, 0, 1, 6, '2013-02-02', NULL, NULL),
(291, 1, 12.00, 0, 1, 35, '2013-02-02', NULL, NULL),
(292, 2, 0.00, 0, 0, 6, '2013-02-02', NULL, NULL),
(293, 1, 12.00, 0, 0, 35, '2013-02-02', NULL, NULL),
(294, 7, 0.00, 0, 1, 97, '2013-02-02', NULL, NULL),
(295, 2, 0.00, 0, 1, 5, '2013-02-06', NULL, NULL),
(296, 5, 0.00, 20, 0, 20, '2013-02-06', NULL, NULL),
(297, 5, 0.00, 0, 1, 19, '2013-02-06', NULL, NULL),
(298, 5, 0.00, 0, 1, 18, '2013-02-06', NULL, NULL),
(299, 5, 0.00, 0, 1, 17, '2013-02-07', NULL, NULL),
(300, 2, 0.00, 0, 1, 4, '2013-02-07', NULL, NULL),
(301, 1, 12.00, 0, 1, 34, '2013-02-07', NULL, NULL),
(302, 10, 0.00, 2, 0, 2, '2013-02-07', NULL, NULL),
(303, 10, 0.00, 2, 0, 4, '2013-02-07', NULL, NULL),
(304, 1, 12.00, 0, 1, 33, '2013-02-11', NULL, NULL),
(305, 1, 12.00, 0, 1, 32, '2013-02-11', NULL, NULL),
(306, 14, 0.00, 50, 0, 50, '2013-02-11', NULL, NULL),
(307, 14, 0.00, 0, 1, 49, '2013-02-11', NULL, NULL),
(308, 14, 0.00, 0, 1, 48, '2013-02-11', NULL, NULL),
(309, 5, 0.00, 0, 1, 16, '2013-02-11', NULL, NULL),
(310, 2, 0.00, 0, 1, 3, '2013-02-11', NULL, NULL),
(311, 5, 0.00, 0, 1, 15, '2013-02-11', NULL, NULL),
(312, 2, 0.00, 0, 1, 2, '2013-02-11', NULL, NULL),
(313, 2, 0.00, 0, 1, 1, '2013-02-11', NULL, NULL),
(314, 1, 12.00, 0, 1, 31, '2013-02-11', NULL, NULL),
(315, 2, 0.00, 0, 0, 2, '2013-02-11', NULL, NULL),
(316, 1, 12.00, 0, 0, 32, '2013-02-11', NULL, NULL),
(317, 2, 0.00, 0, 1, 1, '2013-02-11', NULL, NULL),
(318, 1, 12.00, 0, 1, 31, '2013-02-11', NULL, NULL),
(319, 14, 0.00, 0, 1, 47, '2013-02-11', NULL, NULL),
(320, 14, 0.00, 0, 1, 46, '2013-02-11', NULL, NULL),
(321, 14, 0.00, 40, 0, 86, '2013-02-11', NULL, NULL),
(322, 14, 0.00, 0, 0, 87, '2013-02-11', NULL, NULL),
(323, 14, 0.00, 0, 1, 86, '2013-02-11', NULL, NULL),
(324, 15, 0.00, 40, 0, 40, '2013-02-11', NULL, NULL),
(325, 15, 0.00, 0, 1, 39, '2013-02-11', NULL, NULL),
(326, 2, 0.00, 0, 1, 0, '2013-02-11', NULL, NULL),
(327, 1, 12.00, 0, 1, 30, '2013-02-11', NULL, NULL),
(328, 1, 12.00, 0, 1, 29, '2013-02-11', NULL, NULL),
(329, 5, 0.00, 0, 1, 14, '2013-02-11', NULL, NULL),
(330, 5, 0.00, 0, 1, 13, '2013-02-11', NULL, NULL),
(331, 5, 0.00, 0, 1, 12, '2013-02-11', NULL, NULL),
(332, 5, 0.00, 0, 1, 11, '2013-02-11', NULL, NULL),
(333, 1, 12.00, 0, 1, 28, '2013-02-11', NULL, NULL),
(334, 1, 12.00, 0, 1, 27, '2013-02-11', NULL, NULL),
(335, 15, 0.00, 0, 1, 38, '2013-02-11', NULL, NULL),
(336, 14, 0.00, 0, 1, 85, '2013-02-11', NULL, NULL),
(337, 5, 0.00, 0, 1, 10, '2013-02-15', NULL, NULL),
(338, 5, 0.00, 0, 1, 9, '2013-02-15', NULL, NULL),
(339, 5, 0.00, 0, 1, 8, '2013-02-15', NULL, NULL),
(340, 1, 12.00, 0, 1, 26, '2013-02-15', NULL, NULL),
(341, 1, 12.00, 0, 1, 25, '2013-02-15', NULL, NULL),
(342, 14, 0.00, 0, 1, 84, '2013-02-15', NULL, NULL),
(343, 15, 0.00, 0, 1, 37, '2013-02-15', NULL, NULL),
(344, 12, 0.00, 30, 0, 30, '2013-02-16', NULL, NULL),
(345, 16, 0.00, 20, 0, 20, '2013-02-16', NULL, NULL),
(346, 43, 0.20, 10, 0, 10, '2013-02-16', NULL, NULL),
(347, 5, 0.00, 0, 1, 7, '2013-02-16', NULL, NULL),
(348, 5, 0.00, 0, 1, 6, '2013-02-16', NULL, NULL),
(349, 43, 0.20, 0, 1, 9, '2013-02-17', NULL, NULL),
(350, 43, 0.20, 0, 1, 8, '2013-02-17', NULL, NULL),
(351, 1, 12.00, 0, 1, 24, '2013-02-17', NULL, NULL),
(352, 5, 0.00, 0, 1, 5, '2013-02-17', NULL, NULL),
(353, 1, 12.00, 0, 1, 23, '2013-02-17', NULL, NULL),
(354, 5, 0.00, 0, 1, 4, '2013-02-17', NULL, NULL),
(355, 5, 0.00, 0, 1, 3, '2013-02-17', NULL, NULL),
(356, 14, 0.00, 0, 1, 83, '2013-02-17', NULL, NULL),
(357, 15, 0.00, 0, 1, 36, '2013-02-17', NULL, NULL),
(358, 5, 0.00, 0, 1, 2, '2013-02-17', NULL, NULL),
(359, 15, 0.00, 0, 1, 35, '2013-02-17', NULL, NULL),
(360, 1, 12.00, 0, 1, 22, '2013-02-17', NULL, NULL),
(361, 1, 12.00, 0, 1, 21, '2013-02-17', NULL, NULL),
(362, 1, 12.00, 0, 1, 20, '2013-02-17', NULL, NULL),
(363, 14, 0.00, 0, 1, 82, '2013-02-17', NULL, NULL),
(364, 14, 0.00, 0, 1, 81, '2013-02-17', NULL, NULL),
(365, 15, 0.00, 0, 1, 34, '2013-02-17', NULL, NULL),
(366, 14, 0.00, 0, 1, 80, '2013-02-17', NULL, NULL),
(367, 15, 0.00, 0, 1, 33, '2013-02-17', NULL, NULL),
(368, 1, 12.00, 0, 1, 19, '2013-02-17', NULL, NULL),
(369, 1, 12.00, 0, 1, 18, '2013-02-17', NULL, NULL),
(370, 15, 0.00, 0, 1, 32, '2013-02-17', NULL, NULL),
(371, 1, 12.00, 0, 1, 17, '2013-02-17', NULL, NULL),
(372, 14, 0.00, 0, 1, 79, '2013-02-17', NULL, NULL),
(373, 14, 0.00, 0, 1, 78, '2013-02-17', NULL, NULL),
(374, 1, 12.00, 0, 1, 16, '2013-02-17', NULL, NULL),
(375, 1, 12.00, 0, 1, 15, '2013-02-17', NULL, NULL),
(376, 1, 12.00, 0, 1, 14, '2013-02-17', NULL, NULL),
(377, 15, 0.00, 0, 1, 31, '2013-02-17', NULL, NULL),
(378, 15, 0.00, 0, 1, 30, '2013-02-17', NULL, NULL),
(379, 1, 12.00, 0, 1, 13, '2013-02-17', NULL, NULL),
(380, 5, 0.00, 0, 1, 1, '2013-02-17', NULL, NULL),
(381, 14, 0.00, 0, 1, 77, '2013-02-17', NULL, NULL),
(382, 1, 12.00, 0, 1, 12, '2013-02-17', NULL, NULL),
(383, 1, 12.00, 0, 1, 11, '2013-02-17', NULL, NULL),
(384, 5, 0.00, 0, 1, 0, '2013-02-17', NULL, NULL),
(385, 14, 0.00, 0, 1, 76, '2013-02-17', NULL, NULL),
(386, 1, 12.00, 0, 1, 10, '2013-02-17', NULL, NULL),
(387, 14, 0.00, 0, 1, 75, '2013-02-17', NULL, NULL),
(388, 1, 12.00, 0, 1, 9, '2013-02-17', NULL, NULL),
(389, 14, 0.00, 0, 1, 74, '2013-02-17', NULL, NULL),
(390, 1, 12.00, 0, 1, 8, '2013-02-17', NULL, NULL),
(391, 1, 12.00, 0, 1, 7, '2013-02-17', NULL, NULL),
(392, 1, 12.00, 0, 1, 6, '2013-02-17', NULL, NULL),
(393, 1, 12.00, 0, 1, 5, '2013-02-17', NULL, NULL),
(394, 1, 12.00, 0, 1, 4, '2013-02-17', NULL, NULL),
(395, 1, 12.00, 0, 1, 3, '2013-02-17', NULL, NULL),
(396, 1, 12.00, 0, 1, 2, '2013-02-17', NULL, NULL),
(397, 1, 12.00, 0, 1, 1, '2013-02-17', NULL, NULL),
(398, 1, 12.00, 0, 1, 0, '2013-02-17', NULL, NULL),
(399, 1, 12.00, 1000, 0, 1000, '2013-02-17', NULL, NULL),
(400, 14, 0.00, 1000, 0, 1074, '2013-02-17', NULL, NULL),
(401, 1, 12.00, 0, 1, 999, '2013-02-17', NULL, NULL),
(402, 14, 0.00, 0, 1, 1073, '2013-02-17', NULL, NULL),
(403, 1, 12.00, 0, 1, 998, '2013-02-17', NULL, NULL),
(404, 14, 0.00, 0, 1, 1072, '2013-02-17', NULL, NULL),
(405, 1, 12.00, 0, 1, 997, '2013-02-17', NULL, NULL),
(406, 14, 0.00, 0, 1, 1071, '2013-02-17', NULL, NULL),
(407, 1, 12.00, 0, 1, 996, '2013-02-17', NULL, NULL),
(408, 14, 0.00, 0, 1, 1070, '2013-02-17', NULL, NULL),
(409, 1, 12.00, 0, 1, 995, '2013-02-17', NULL, NULL),
(410, 14, 0.00, 0, 1, 1069, '2013-02-17', NULL, NULL),
(411, 1, 12.00, 0, 1, 994, '2013-02-17', NULL, NULL),
(412, 14, 0.00, 0, 1, 1068, '2013-02-17', NULL, NULL),
(413, 1, 12.00, 0, 1, 993, '2013-02-17', NULL, NULL),
(414, 14, 0.00, 0, 1, 1067, '2013-02-17', NULL, NULL),
(415, 1, 12.00, 0, 0, 993, '2013-02-17', NULL, NULL),
(416, 4, 0.00, 1000, 0, 1000, '2013-02-17', NULL, NULL),
(417, 15, 0.00, 1000, 0, 1030, '2013-02-17', NULL, NULL),
(418, 1, 12.00, 0, 1, 992, '2013-02-17', NULL, NULL),
(419, 14, 0.00, 0, 1, 1066, '2013-02-17', NULL, NULL),
(420, 4, 0.00, 0, 1, 999, '2013-02-17', NULL, NULL),
(421, 15, 0.00, 0, 1, 1029, '2013-02-17', NULL, NULL),
(422, 15, 0.00, 0, 1, 1028, '2013-02-17', NULL, NULL),
(423, 15, 0.00, 0, 1, 1027, '2013-02-17', NULL, NULL),
(424, 1, 12.00, 0, 1, 991, '2013-02-17', NULL, NULL),
(425, 1, 12.00, 0, 1, 990, '2013-02-17', NULL, NULL),
(426, 4, 0.00, 0, 1, 998, '2013-02-17', NULL, NULL),
(427, 14, 0.00, 0, 1, 1065, '2013-02-17', NULL, NULL),
(428, 15, 0.00, 0, 1, 1026, '2013-02-17', NULL, NULL),
(429, 4, 0.00, 0, 1, 997, '2013-02-17', NULL, NULL),
(430, 1, 12.00, 0, 1, 989, '2013-02-17', NULL, NULL),
(431, 14, 0.00, 0, 1, 1064, '2013-02-17', NULL, NULL),
(432, 4, 0.00, 0, 1, 996, '2013-02-17', NULL, NULL),
(433, 1, 12.00, 0, 1, 988, '2013-02-17', NULL, NULL),
(434, 4, 0.00, 0, 1, 995, '2013-02-17', NULL, NULL),
(435, 15, 0.00, 0, 1, 1025, '2013-02-17', NULL, NULL),
(436, 15, 0.00, 0, 1, 1024, '2013-02-17', NULL, NULL),
(437, 15, 0.00, 0, 1, 1023, '2013-02-17', NULL, NULL),
(438, 4, 0.00, 0, 1, 994, '2013-02-17', NULL, NULL),
(439, 4, 0.00, 0, 1, 993, '2013-02-17', NULL, NULL),
(440, 4, 0.00, 0, 1, 992, '2013-02-17', NULL, NULL),
(441, 1, 12.00, 0, 1, 987, '2013-02-17', NULL, NULL),
(442, 14, 0.00, 0, 1, 1063, '2013-02-17', NULL, NULL),
(443, 1, 12.00, 0, 1, 986, '2013-02-17', NULL, NULL),
(444, 4, 0.00, 0, 1, 991, '2013-02-17', NULL, NULL),
(445, 14, 0.00, 0, 1, 1062, '2013-02-17', NULL, NULL),
(446, 15, 0.00, 0, 1, 1022, '2013-02-17', NULL, NULL),
(447, 4, 0.00, 0, 1, 990, '2013-02-17', NULL, NULL),
(448, 4, 0.00, 0, 1, 989, '2013-02-17', NULL, NULL),
(449, 4, 0.00, 0, 1, 988, '2013-02-17', NULL, NULL),
(450, 15, 0.00, 0, 1, 1021, '2013-02-17', NULL, NULL),
(451, 15, 0.00, 0, 1, 1020, '2013-02-17', NULL, NULL),
(452, 4, 0.00, 0, 1, 987, '2013-02-17', NULL, NULL),
(453, 1, 12.00, 0, 1, 985, '2013-02-17', NULL, NULL),
(454, 14, 0.00, 0, 1, 1061, '2013-02-17', NULL, NULL),
(455, 1, 12.00, 0, 1, 984, '2013-02-17', NULL, NULL),
(456, 4, 0.00, 0, 1, 986, '2013-02-17', NULL, NULL),
(457, 15, 0.00, 0, 1, 1019, '2013-02-17', NULL, NULL),
(458, 1, 12.00, 0, 1, 983, '2013-02-17', NULL, NULL),
(459, 14, 0.00, 0, 1, 1060, '2013-02-17', NULL, NULL),
(460, 4, 0.00, 0, 1, 985, '2013-02-17', NULL, NULL),
(461, 14, 0.00, 0, 1, 1059, '2013-02-17', NULL, NULL),
(462, 1, 12.00, 0, 1, 982, '2013-02-17', NULL, NULL),
(463, 14, 0.00, 0, 1, 1058, '2013-02-17', NULL, NULL),
(464, 4, 0.00, 0, 1, 984, '2013-02-17', NULL, NULL),
(465, 4, 0.00, 0, 1, 983, '2013-02-17', NULL, NULL),
(466, 15, 0.00, 0, 1, 1018, '2013-02-17', NULL, NULL),
(467, 1, 12.00, 0, 1, 981, '2013-02-17', NULL, NULL),
(468, 4, 0.00, 0, 1, 982, '2013-02-17', NULL, NULL),
(469, 4, 0.00, 0, 1, 981, '2013-02-17', NULL, NULL),
(470, 1, 12.00, 0, 1, 980, '2013-02-17', NULL, NULL),
(471, 1, 12.00, 0, 1, 979, '2013-02-17', NULL, NULL),
(472, 15, 0.00, 0, 1, 1017, '2013-02-17', NULL, NULL),
(473, 15, 0.00, 0, 1, 1016, '2013-02-17', NULL, NULL),
(474, 14, 0.00, 0, 1, 1057, '2013-02-17', NULL, NULL),
(475, 1, 12.00, 0, 1, 978, '2013-02-17', NULL, NULL),
(476, 14, 0.00, 0, 1, 1056, '2013-02-17', NULL, NULL),
(477, 1, 12.00, 0, 1, 977, '2013-02-17', NULL, NULL),
(478, 4, 0.00, 0, 1, 980, '2013-02-17', NULL, NULL),
(479, 1, 12.00, 0, 1, 976, '2013-02-17', NULL, NULL),
(480, 14, 0.00, 0, 1, 1055, '2013-02-17', NULL, NULL),
(481, 1, 12.00, 0, 1, 975, '2013-02-17', NULL, NULL),
(482, 15, 0.00, 0, 1, 1015, '2013-02-17', NULL, NULL),
(483, 15, 0.00, 0, 1, 1014, '2013-02-17', NULL, NULL),
(484, 1, 12.00, 0, 1, 974, '2013-02-17', NULL, NULL),
(485, 4, 0.00, 0, 1, 979, '2013-02-17', NULL, NULL),
(486, 1, 12.00, 0, 1, 973, '2013-02-17', NULL, NULL),
(487, 1, 12.00, 0, 1, 972, '2013-02-17', NULL, NULL),
(488, 14, 0.00, 0, 1, 1054, '2013-02-17', NULL, NULL),
(489, 15, 0.00, 0, 1, 1013, '2013-02-17', NULL, NULL),
(490, 1, 12.00, 0, 1, 971, '2013-02-17', NULL, NULL),
(491, 1, 12.00, 0, 1, 970, '2013-02-17', NULL, NULL),
(492, 4, 0.00, 0, 1, 978, '2013-02-17', NULL, NULL),
(493, 15, 0.00, 0, 1, 1012, '2013-02-17', NULL, NULL),
(494, 1, 12.00, 0, 1, 969, '2013-02-17', NULL, NULL),
(495, 1, 12.00, 0, 1, 968, '2013-02-17', NULL, NULL),
(496, 1, 12.00, 0, 1, 967, '2013-02-17', NULL, NULL),
(497, 4, 0.00, 0, 1, 977, '2013-02-17', NULL, NULL),
(498, 14, 0.00, 0, 1, 1053, '2013-02-17', NULL, NULL),
(499, 14, 0.00, 0, 1, 1052, '2013-02-17', NULL, NULL),
(500, 4, 0.00, 0, 1, 976, '2013-02-17', NULL, NULL),
(501, 4, 0.00, 0, 1, 975, '2013-02-17', NULL, NULL),
(502, 1, 12.00, 0, 1, 966, '2013-02-17', NULL, NULL),
(503, 4, 0.00, 0, 1, 974, '2013-02-17', NULL, NULL),
(504, 14, 0.00, 0, 1, 1051, '2013-02-17', NULL, NULL),
(505, 14, 0.00, 0, 1, 1050, '2013-02-17', NULL, NULL),
(506, 14, 0.00, 0, 1, 1049, '2013-02-17', NULL, NULL),
(507, 15, 0.00, 0, 1, 1011, '2013-02-17', NULL, NULL),
(508, 1, 12.00, 0, 1, 965, '2013-02-17', NULL, NULL),
(509, 4, 0.00, 0, 1, 973, '2013-02-17', NULL, NULL),
(510, 14, 0.00, 0, 1, 1048, '2013-02-17', NULL, NULL),
(511, 1, 12.00, 0, 1, 964, '2013-02-17', NULL, NULL),
(512, 4, 0.00, 0, 1, 972, '2013-02-17', NULL, NULL),
(513, 14, 0.00, 0, 1, 1047, '2013-02-17', NULL, NULL),
(514, 1, 12.00, 0, 1, 963, '2013-02-17', NULL, NULL),
(515, 14, 0.00, 0, 1, 1046, '2013-02-17', NULL, NULL),
(516, 1, 12.00, 0, 1, 962, '2013-02-17', NULL, NULL),
(517, 1, 12.00, 0, 1, 961, '2013-02-17', NULL, NULL),
(518, 4, 0.00, 0, 1, 971, '2013-02-17', NULL, NULL),
(519, 1, 12.00, 0, 1, 960, '2013-02-17', NULL, NULL),
(520, 1, 12.00, 0, 1, 959, '2013-02-17', NULL, NULL),
(521, 15, 0.00, 0, 1, 1010, '2013-02-17', NULL, NULL),
(522, 15, 0.00, 0, 1, 1009, '2013-02-17', NULL, NULL),
(523, 4, 0.00, 0, 1, 970, '2013-02-17', NULL, NULL),
(524, 1, 12.00, 0, 1, 958, '2013-02-17', NULL, NULL),
(525, 14, 0.00, 0, 1, 1045, '2013-02-17', NULL, NULL),
(526, 1, 12.00, 0, 1, 957, '2013-02-17', NULL, NULL),
(527, 1, 12.00, 0, 1, 956, '2013-02-17', NULL, NULL),
(528, 15, 0.00, 0, 1, 1008, '2013-02-17', NULL, NULL),
(529, 1, 12.00, 0, 1, 955, '2013-02-17', NULL, NULL),
(530, 4, 0.00, 0, 1, 969, '2013-02-17', NULL, NULL),
(531, 14, 0.00, 0, 1, 1044, '2013-02-17', NULL, NULL),
(532, 15, 0.00, 0, 1, 1007, '2013-02-17', NULL, NULL),
(533, 4, 0.00, 0, 1, 968, '2013-02-17', NULL, NULL),
(534, 1, 12.00, 0, 1, 954, '2013-02-17', NULL, NULL),
(535, 14, 0.00, 0, 1, 1043, '2013-02-17', NULL, NULL),
(536, 1, 12.00, 0, 1, 953, '2013-02-17', NULL, NULL),
(537, 4, 0.00, 0, 1, 967, '2013-02-17', NULL, NULL),
(538, 14, 0.00, 0, 1, 1042, '2013-02-17', NULL, NULL),
(539, 1, 12.00, 0, 1, 952, '2013-02-17', NULL, NULL),
(540, 4, 0.00, 0, 1, 966, '2013-02-17', NULL, NULL),
(541, 14, 0.00, 0, 1, 1041, '2013-02-17', NULL, NULL),
(542, 1, 12.00, 0, 1, 951, '2013-02-17', NULL, NULL),
(543, 4, 0.00, 0, 1, 965, '2013-02-17', NULL, NULL),
(544, 1, 12.00, 0, 1, 950, '2013-02-17', NULL, NULL),
(545, 4, 0.00, 0, 1, 964, '2013-02-17', NULL, NULL),
(546, 14, 0.00, 0, 1, 1040, '2013-02-17', NULL, NULL),
(547, 1, 12.00, 0, 1, 949, '2013-02-17', NULL, NULL),
(548, 4, 0.00, 0, 1, 963, '2013-02-17', NULL, NULL),
(549, 14, 0.00, 0, 1, 1039, '2013-02-17', NULL, NULL),
(550, 1, 12.00, 0, 1, 948, '2013-02-17', NULL, NULL),
(551, 4, 0.00, 0, 1, 962, '2013-02-17', NULL, NULL),
(552, 14, 0.00, 0, 1, 1038, '2013-02-17', NULL, NULL),
(553, 1, 12.00, 0, 1, 947, '2013-02-17', NULL, NULL),
(554, 14, 0.00, 0, 1, 1037, '2013-02-17', NULL, NULL),
(555, 1, 12.00, 0, 1, 946, '2013-02-17', NULL, NULL),
(556, 1, 12.00, 0, 1, 945, '2013-02-17', NULL, NULL),
(557, 4, 0.00, 0, 1, 961, '2013-02-17', NULL, NULL),
(558, 14, 0.00, 0, 1, 1036, '2013-02-17', NULL, NULL),
(559, 1, 12.00, 0, 1, 944, '2013-02-17', NULL, NULL),
(560, 4, 0.00, 0, 1, 960, '2013-02-17', NULL, NULL),
(561, 15, 0.00, 0, 1, 1006, '2013-02-17', NULL, NULL),
(562, 14, 0.00, 0, 1, 1035, '2013-02-17', NULL, NULL),
(563, 1, 12.00, 0, 1, 943, '2013-02-17', NULL, NULL),
(564, 1, 12.00, 0, 1, 942, '2013-02-17', NULL, NULL),
(565, 15, 0.00, 0, 1, 1005, '2013-02-17', NULL, NULL),
(566, 1, 12.00, 0, 1, 941, '2013-02-17', NULL, NULL),
(567, 4, 0.00, 0, 1, 959, '2013-02-17', NULL, NULL),
(568, 4, 0.00, 0, 1, 958, '2013-02-17', NULL, NULL),
(569, 14, 0.00, 0, 1, 1034, '2013-02-17', NULL, NULL),
(570, 4, 0.00, 0, 1, 957, '2013-02-17', NULL, NULL),
(571, 14, 0.00, 0, 1, 1033, '2013-02-17', NULL, NULL),
(572, 14, 0.00, 0, 1, 1032, '2013-02-17', NULL, NULL),
(573, 1, 12.00, 0, 1, 940, '2013-02-17', NULL, NULL),
(574, 4, 0.00, 0, 1, 956, '2013-02-17', NULL, NULL),
(575, 1, 12.00, 0, 1, 939, '2013-02-17', NULL, NULL),
(576, 4, 0.00, 0, 1, 955, '2013-02-17', NULL, NULL),
(577, 14, 0.00, 0, 1, 1031, '2013-02-17', NULL, NULL),
(578, 15, 0.00, 0, 1, 1004, '2013-02-17', NULL, NULL),
(579, 10, 0.00, 0, 1, 3, '2013-02-17', NULL, NULL),
(580, 15, 0.00, 0, 1, 1003, '2013-02-17', NULL, NULL),
(581, 1, 12.00, 0, 1, 938, '2013-02-17', NULL, NULL),
(582, 1, 12.00, 0, 1, 937, '2013-02-17', NULL, NULL),
(583, 1, 12.00, 0, 1, 936, '2013-02-17', NULL, NULL),
(584, 1, 12.00, 0, 1, 935, '2013-02-17', NULL, NULL),
(585, 4, 0.00, 0, 1, 954, '2013-02-17', NULL, NULL),
(586, 4, 0.00, 0, 1, 953, '2013-02-17', NULL, NULL),
(587, 14, 0.00, 0, 1, 1030, '2013-02-17', NULL, NULL),
(588, 14, 0.00, 0, 1, 1029, '2013-02-17', NULL, NULL),
(589, 1, 12.00, 0, 1, 934, '2013-02-17', NULL, NULL),
(590, 4, 0.00, 0, 1, 952, '2013-02-17', NULL, NULL),
(591, 14, 0.00, 0, 1, 1028, '2013-02-17', NULL, NULL),
(592, 4, 0.00, 0, 1, 951, '2013-02-17', NULL, NULL),
(593, 1, 12.00, 0, 1, 933, '2013-02-17', NULL, NULL),
(594, 4, 0.00, 0, 1, 950, '2013-02-17', NULL, NULL),
(595, 1, 12.00, 0, 1, 932, '2013-02-17', NULL, NULL),
(596, 15, 0.00, 0, 1, 1002, '2013-02-17', NULL, NULL),
(597, 16, 0.00, 0, 1, 19, '2013-02-17', NULL, NULL),
(598, 14, 0.00, 0, 1, 1027, '2013-02-17', NULL, NULL),
(599, 1, 12.00, 0, 1, 931, '2013-02-17', NULL, NULL),
(600, 4, 0.00, 0, 1, 949, '2013-02-17', NULL, NULL),
(601, 14, 0.00, 0, 1, 1026, '2013-02-17', NULL, NULL),
(602, 1, 12.00, 0, 1, 930, '2013-02-17', NULL, NULL),
(603, 4, 0.00, 0, 1, 948, '2013-02-17', NULL, NULL),
(604, 14, 0.00, 0, 1, 1025, '2013-02-17', NULL, NULL),
(605, 1, 12.00, 0, 1, 929, '2013-02-17', NULL, NULL),
(606, 16, 0.00, 0, 1, 18, '2013-02-17', NULL, NULL),
(607, 1, 12.00, 0, 1, 928, '2013-02-17', NULL, NULL),
(608, 4, 0.00, 0, 1, 947, '2013-02-17', NULL, NULL),
(609, 14, 0.00, 0, 1, 1024, '2013-02-17', NULL, NULL),
(610, 4, 0.00, 0, 1, 946, '2013-02-17', NULL, NULL),
(611, 1, 12.00, 0, 1, 927, '2013-02-17', NULL, NULL),
(612, 4, 0.00, 0, 1, 945, '2013-02-17', NULL, NULL),
(613, 1, 12.00, 0, 1, 926, '2013-02-17', NULL, NULL),
(614, 1, 12.00, 0, 1, 925, '2013-02-17', NULL, NULL),
(615, 15, 0.00, 0, 1, 1001, '2013-02-17', NULL, NULL),
(616, 15, 0.00, 0, 1, 1000, '2013-02-17', NULL, NULL),
(617, 15, 0.00, 0, 1, 999, '2013-02-17', NULL, NULL),
(618, 1, 12.00, 0, 1, 924, '2013-02-17', NULL, NULL),
(619, 4, 0.00, 0, 1, 944, '2013-02-17', NULL, NULL),
(620, 1, 12.00, 0, 1, 923, '2013-02-17', NULL, NULL),
(621, 4, 0.00, 0, 1, 943, '2013-02-17', NULL, NULL),
(622, 1, 12.00, 0, 1, 922, '2013-02-17', NULL, NULL),
(623, 4, 0.00, 0, 1, 942, '2013-02-17', NULL, NULL),
(624, 14, 0.00, 0, 1, 1023, '2013-02-17', NULL, NULL),
(625, 1, 12.00, 0, 1, 921, '2013-02-18', NULL, NULL),
(626, 4, 0.00, 0, 1, 941, '2013-02-18', NULL, NULL),
(627, 14, 0.00, 0, 1, 1022, '2013-02-18', NULL, NULL),
(628, 15, 0.00, 0, 1, 998, '2013-02-18', NULL, NULL),
(629, 1, 12.00, 0, 1, 920, '2013-02-18', NULL, NULL),
(630, 14, 0.00, 0, 1, 1021, '2013-02-18', NULL, NULL),
(631, 1, 12.00, 0, 1, 919, '2013-02-18', NULL, NULL),
(632, 15, 0.00, 0, 1, 997, '2013-02-18', NULL, NULL),
(633, 4, 0.00, 0, 1, 940, '2013-02-18', NULL, NULL),
(634, 15, 0.00, 0, 1, 996, '2013-02-18', NULL, NULL),
(635, 15, 0.00, 0, 1, 995, '2013-02-18', NULL, NULL),
(636, 1, 12.00, 0, 1, 918, '2013-02-18', NULL, NULL),
(637, 4, 0.00, 0, 1, 939, '2013-02-18', NULL, NULL),
(638, 4, 0.00, 0, 1, 938, '2013-02-18', NULL, NULL),
(639, 1, 12.00, 0, 1, 917, '2013-02-18', NULL, NULL),
(640, 4, 0.00, 0, 1, 937, '2013-02-18', NULL, NULL),
(641, 14, 0.00, 0, 1, 1020, '2013-02-18', NULL, NULL),
(642, 1, 12.00, 0, 1, 916, '2013-02-24', NULL, NULL),
(643, 14, 0.00, 0, 1, 1019, '2013-02-24', NULL, NULL),
(644, 1, 12.00, 0, 1, 915, '2013-02-24', NULL, NULL),
(645, 14, 0.00, 0, 1, 1018, '2013-02-24', NULL, NULL),
(646, 1, 12.00, 0, 1, 914, '2013-02-24', NULL, NULL),
(647, 14, 0.00, 0, 1, 1017, '2013-02-24', NULL, NULL),
(648, 1, 12.00, 0, 1, 913, '2013-02-24', NULL, NULL),
(649, 1, 12.00, 0, 1, 912, '2013-02-24', NULL, NULL),
(650, 15, 0.00, 0, 1, 994, '2013-02-24', NULL, NULL),
(651, 15, 0.00, 0, 1, 993, '2013-02-24', NULL, NULL),
(652, 15, 0.00, 0, 1, 992, '2013-02-24', NULL, NULL),
(653, 1, 12.00, 0, 1, 911, '2013-02-24', NULL, NULL),
(654, 1, 12.00, 0, 1, 910, '2013-02-24', NULL, NULL),
(655, 1, 12.00, 0, 1, 909, '2013-02-24', NULL, NULL),
(656, 4, 0.00, 0, 1, 936, '2013-02-24', NULL, NULL),
(657, 14, 0.00, 0, 1, 1016, '2013-02-24', NULL, NULL),
(658, 15, 0.00, 0, 1, 991, '2013-02-24', NULL, NULL),
(659, 1, 12.00, 0, 1, 908, '2013-02-25', NULL, NULL),
(660, 14, 0.00, 0, 1, 1015, '2013-02-25', NULL, NULL),
(661, 1, 12.00, 0, 2, 906, '2013-02-26', NULL, NULL),
(662, 4, 0.00, 0, 2, 934, '2013-02-26', NULL, NULL),
(663, 14, 0.00, 0, 1, 1014, '2013-02-26', NULL, NULL),
(664, 1, 12.00, 0, 2, 904, '2013-02-26', NULL, NULL),
(665, 4, 0.00, 0, 2, 932, '2013-02-26', NULL, NULL),
(666, 1, 12.00, 0, 2, 902, '2013-02-26', NULL, NULL),
(667, 1, 12.00, 0, 2, 900, '2013-02-26', NULL, NULL),
(668, 14, 0.00, 0, 1, 1013, '2013-02-26', NULL, NULL),
(669, 1, 12.00, 0, 2, 898, '2013-02-26', NULL, NULL),
(670, 1, 12.00, 0, 2, 896, '2013-02-26', NULL, NULL),
(671, 1, 12.00, 0, 2, 894, '2013-02-26', NULL, NULL),
(672, 4, 0.00, 0, 2, 930, '2013-02-26', NULL, NULL),
(673, 14, 0.00, 0, 1, 1012, '2013-02-26', NULL, NULL),
(674, 10, 0.00, 0, 1, 2, '2013-02-26', NULL, NULL),
(675, 1, 12.00, 0, 1, 893, '2013-02-26', NULL, NULL),
(676, 1, 12.00, 0, 1, 892, '2013-02-26', NULL, NULL),
(677, 1, 12.00, 0, 2, 890, '2013-02-26', NULL, NULL),
(678, 4, 0.00, 0, 2, 928, '2013-02-26', NULL, NULL),
(679, 14, 0.00, 0, 1, 1011, '2013-02-26', NULL, NULL),
(680, 1, 12.00, 0, 1, 889, '2013-02-26', NULL, NULL),
(681, 1, 12.00, 0, 2, 887, '2013-02-26', NULL, NULL),
(682, 15, 0.00, 0, 1, 990, '2013-02-26', NULL, NULL),
(683, 6, 11.00, 0, 0, 19, '2013-02-26', NULL, NULL),
(684, 1, 12.00, 0, 2, 885, '2013-03-01', NULL, NULL),
(685, 14, 0.00, 0, 1, 1010, '2013-03-01', NULL, NULL),
(686, 1, 12.00, 0, 2, 883, '2013-03-01', NULL, NULL),
(687, 1, 12.00, 0, 2, 881, '2013-03-01', NULL, NULL),
(688, 15, 0.00, 0, 1, 989, '2013-03-01', NULL, NULL),
(689, 14, 0.00, 0, 1, 1009, '2013-03-01', NULL, NULL),
(690, 15, 0.00, 0, 1, 988, '2013-03-01', NULL, NULL),
(691, 1, 12.00, 0, 2, 879, '2013-03-01', NULL, NULL),
(692, 4, 0.00, 0, 2, 926, '2013-03-01', NULL, NULL),
(693, 14, 0.00, 0, 1, 1008, '2013-03-01', NULL, NULL),
(694, 15, 0.00, 0, 1, 987, '2013-03-01', NULL, NULL),
(695, 44, 0.00, 5, 0, 5, '2013-03-02', NULL, NULL),
(696, 44, 0.00, 2, 0, 7, '2013-03-02', NULL, NULL),
(697, 15, 0.00, 0, 1, 986, '2013-03-02', NULL, NULL),
(698, 44, 0.00, 0, 1, 6, '2013-03-02', NULL, NULL),
(699, 1, 12.00, 0, 2, 877, '2013-03-02', NULL, NULL),
(700, 1, 12.00, 0, 1, 876, '2013-03-02', NULL, NULL),
(701, 1, 12.00, 0, 2, 874, '2013-03-02', NULL, NULL),
(702, 4, 0.00, 0, 2, 924, '2013-03-02', NULL, NULL),
(703, 1, 12.00, 0, 1, 873, '2013-03-02', NULL, NULL),
(704, 1, 12.00, 0, 2, 871, '2013-03-02', NULL, NULL),
(705, 1, 12.00, 0, 2, 869, '2013-03-02', NULL, NULL),
(706, 1, 12.00, 0, 2, 867, '2013-03-02', NULL, NULL),
(707, 1, 12.00, 0, 2, 865, '2013-03-02', NULL, NULL),
(708, 1, 12.00, 0, 2, 863, '2013-03-02', NULL, NULL),
(709, 1, 12.00, 0, 2, 861, '2013-03-02', NULL, NULL),
(710, 1, 12.00, 0, 2, 859, '2013-03-02', NULL, NULL),
(711, 4, 0.00, 0, 2, 922, '2013-03-02', NULL, NULL),
(712, 15, 0.00, 0, 1, 985, '2013-03-02', NULL, NULL),
(713, 1, 12.00, 0, 2, 857, '2013-03-02', NULL, NULL),
(714, 6, 11.00, 0, 1, 18, '2013-03-02', NULL, NULL),
(715, 44, 0.00, 0, 1, 5, '2013-03-02', NULL, NULL),
(716, 14, 0.00, 0, 1, 1007, '2013-03-02', NULL, NULL),
(717, 1, 12.00, 0, 2, 855, '2013-03-03', NULL, NULL),
(718, 44, 0.00, 0, 1, 4, '2013-03-03', NULL, NULL),
(719, 1, 12.00, 0, 2, 853, '2013-03-03', NULL, NULL),
(720, 4, 0.00, 0, 2, 920, '2013-03-03', NULL, NULL),
(721, 44, 0.00, 0, 1, 3, '2013-03-03', NULL, NULL),
(722, 1, 12.00, 0, 2, 851, '2013-03-03', NULL, NULL),
(723, 1, 12.00, 0, 2, 849, '2013-03-05', NULL, NULL),
(724, 1, 12.00, 0, 2, 847, '2013-03-05', NULL, NULL),
(725, 1, 12.00, 0, 2, 845, '2013-03-05', NULL, NULL),
(726, 1, 12.00, 0, 1, 844, '2013-03-05', NULL, NULL),
(727, 4, 0.00, 0, 2, 918, '2013-03-05', NULL, NULL),
(728, 15, 0.00, 0, 1, 984, '2013-03-05', NULL, NULL),
(729, 14, 0.00, 10, 0, 1017, '2013-03-05', NULL, NULL),
(730, 1, 12.00, 0, 1, 843, '2013-03-05', NULL, NULL),
(731, 2, 0.00, 500, 0, 500, '2013-03-05', NULL, NULL),
(732, 5, 0.00, 50, 0, 50, '2013-03-05', NULL, NULL),
(733, 2, 0.00, 0, 2, 498, '2013-03-05', NULL, NULL),
(734, 1, 12.00, 0, 1, 842, '2013-03-05', NULL, NULL),
(735, 5, 0.00, 0, 1, 49, '2013-03-05', NULL, NULL),
(736, 1, 12.00, 0, 1, 841, '2013-03-05', NULL, NULL),
(737, 18, 0.00, 5, 0, 5, '2013-03-05', NULL, NULL),
(738, 18, 0.00, 0, 1, 4, '2013-03-05', NULL, NULL),
(739, 18, 0.00, 0, 0, 4, '2013-03-05', NULL, NULL),
(740, 2, 0.00, 0, 2, 496, '2013-03-05', NULL, NULL),
(741, 1, 12.00, 0, 1, 840, '2013-03-05', NULL, NULL),
(742, 1, 12.00, 100, 0, 940, '2013-03-05', NULL, NULL),
(743, 5, 0.00, 0, 1, 48, '2013-03-05', NULL, NULL),
(744, 2, 0.00, 0, 1, 495, '2013-03-05', NULL, NULL),
(745, 5, 0.00, 0, 1, 47, '2013-03-05', NULL, NULL),
(746, 2, 0.00, 0, 1, 494, '2013-03-05', NULL, NULL),
(747, 5, 0.00, 0, 1, 46, '2013-03-05', NULL, NULL),
(748, 2, 0.00, 0, 1, 493, '2013-03-05', NULL, NULL),
(749, 1, 12.00, 0, 2, 938, '2013-03-05', NULL, NULL),
(750, 5, 0.00, 0, 2, 44, '2013-03-05', NULL, NULL),
(751, 5, 0.00, 0, 2, 42, '2013-03-05', NULL, NULL),
(752, 5, 0.00, 0, 0, 42, '2013-03-05', NULL, NULL),
(753, 5, 0.00, 0, 2, 40, '2013-03-05', NULL, NULL),
(754, 7, 0.00, 0, 1, 96, '2013-03-05', NULL, NULL),
(755, 7, 0.00, 0, 1, 95, '2013-03-05', NULL, NULL),
(756, 7, 0.00, 0, 1, 94, '2013-03-05', NULL, NULL),
(757, 6, 11.00, 0, 1, 17, '2013-03-05', NULL, NULL),
(758, 16, 0.00, 0, 1, 17, '2013-03-05', NULL, NULL),
(759, 16, 0.00, 0, 1, 16, '2013-03-05', NULL, NULL),
(760, 18, 0.00, 0, 1, 3, '2013-03-05', NULL, NULL),
(761, 2, 0.00, 0, 2, 491, '2013-03-05', NULL, NULL),
(762, 4, 0.00, 0, 2, 916, '2013-03-05', NULL, NULL),
(763, 2, 0.00, 0, 2, 489, '2013-03-05', NULL, NULL),
(764, 4, 0.00, 0, 2, 914, '2013-03-05', NULL, NULL),
(765, 5, 0.00, 0, 2, 38, '2013-03-05', NULL, NULL),
(766, 1, 12.00, 0, 2, 936, '2013-03-05', NULL, NULL),
(767, 7, 0.00, 0, 1, 93, '2013-03-05', NULL, NULL),
(768, 6, 11.00, 0, 1, 16, '2013-03-05', NULL, NULL),
(769, 16, 0.00, 0, 1, 15, '2013-03-05', NULL, NULL),
(770, 14, 0.00, 0, 1, 1016, '2013-03-05', NULL, NULL),
(771, 10, 0.00, 0, 1, 1, '2013-03-05', NULL, NULL),
(772, 24, 0.00, 0, 1, 61, '2013-03-05', NULL, NULL),
(773, 24, 0.00, 0, 1, 60, '2013-03-05', NULL, NULL),
(774, 44, 0.00, 0, 1, 2, '2013-03-05', NULL, NULL),
(775, 2, 0.00, 0, 2, 487, '2013-03-05', NULL, NULL),
(776, 1, 12.00, 0, 2, 934, '2013-03-05', NULL, NULL),
(777, 2, 0.00, 0, 2, 485, '2013-03-05', NULL, NULL),
(778, 1, 12.00, 0, 2, 932, '2013-03-05', NULL, NULL),
(779, 2, 0.00, 0, 2, 483, '2013-03-05', NULL, NULL),
(780, 4, 0.00, 0, 2, 912, '2013-03-05', NULL, NULL),
(781, 1, 12.00, 0, 1, 931, '2013-03-05', NULL, NULL),
(782, 2, 0.00, 0, 2, 481, '2013-03-05', NULL, NULL),
(783, 1, 12.00, 0, 1, 930, '2013-03-05', NULL, NULL),
(784, 5, 0.00, 0, 1, 37, '2013-03-05', NULL, NULL),
(785, 1, 12.00, 0, 1, 929, '2013-03-05', NULL, NULL),
(786, 1, 12.00, 0, 1, 928, '2013-03-05', NULL, NULL),
(787, 4, 0.00, 0, 2, 910, '2013-03-05', NULL, NULL),
(788, 2, 0.00, 0, 2, 479, '2013-03-05', NULL, NULL),
(789, 5, 0.00, 0, 1, 36, '2013-03-05', NULL, NULL),
(790, 1, 12.00, 0, 1, 927, '2013-03-05', NULL, NULL),
(791, 2, 0.00, 0, 2, 477, '2013-03-05', NULL, NULL),
(792, 4, 0.00, 0, 1, 909, '2013-03-05', NULL, NULL),
(793, 2, 0.00, 0, 2, 475, '2013-03-05', NULL, NULL),
(794, 1, 12.00, 0, 0, 928, '2013-03-05', NULL, NULL),
(795, 5, 0.00, 0, 0, 37, '2013-03-05', NULL, NULL),
(796, 2, 0.00, 0, 0, 477, '2013-03-05', NULL, NULL),
(797, 7, 0.00, 0, 1, 92, '2013-03-05', NULL, NULL),
(798, 10, 0.00, 0, 0, 1, '2013-03-05', NULL, NULL),
(799, 2, 0.00, 0, 2, 475, '2013-03-05', NULL, NULL),
(800, 1, 12.00, 0, 2, 926, '2013-03-05', NULL, NULL),
(801, 5, 0.00, 0, 2, 35, '2013-03-05', NULL, NULL),
(802, 2, 0.00, 0, 2, 473, '2013-03-05', NULL, NULL),
(803, 1, 12.00, 0, 2, 924, '2013-03-05', NULL, NULL),
(804, 2, 0.00, 0, 2, 471, '2013-03-05', NULL, NULL),
(805, 1, 12.00, 0, 2, 922, '2013-03-05', NULL, NULL),
(806, 5, 0.00, 0, 1, 34, '2013-03-05', NULL, NULL),
(807, 2, 0.00, 0, 1, 470, '2013-03-05', NULL, NULL),
(808, 5, 0.00, 0, 1, 33, '2013-03-05', NULL, NULL),
(809, 4, 0.00, 0, 2, 907, '2013-03-05', NULL, NULL),
(810, 5, 0.00, 0, 1, 32, '2013-03-05', NULL, NULL),
(811, 4, 0.00, 0, 2, 905, '2013-03-05', NULL, NULL),
(812, 5, 0.00, 0, 1, 31, '2013-03-05', NULL, NULL),
(813, 1, 12.00, 0, 1, 921, '2013-03-05', NULL, NULL),
(814, 5, 0.00, 0, 1, 30, '2013-03-05', NULL, NULL),
(815, 1, 12.00, 0, 1, 920, '2013-03-05', NULL, NULL),
(816, 2, 0.00, 0, 2, 468, '2013-03-05', NULL, NULL),
(817, 4, 0.00, 0, 2, 903, '2013-03-05', NULL, NULL),
(818, 1, 12.00, 0, 1, 919, '2013-03-05', NULL, NULL),
(819, 2, 0.00, 0, 2, 466, '2013-03-05', NULL, NULL),
(820, 1, 12.00, 0, 1, 918, '2013-03-05', NULL, NULL),
(821, 2, 0.00, 0, 2, 464, '2013-03-05', NULL, NULL),
(822, 5, 0.00, 0, 1, 29, '2013-03-05', NULL, NULL),
(823, 4, 0.00, 0, 2, 901, '2013-03-05', NULL, NULL),
(824, 5, 0.00, 0, 1, 28, '2013-03-05', NULL, NULL),
(825, 1, 12.00, 0, 1, 917, '2013-03-05', NULL, NULL),
(826, 5, 0.00, 0, 1, 27, '2013-03-05', NULL, NULL),
(827, 4, 0.00, 0, 2, 899, '2013-03-05', NULL, NULL),
(828, 5, 0.00, 0, 1, 26, '2013-03-05', NULL, NULL),
(829, 5, 0.00, 0, 1, 25, '2013-03-05', NULL, NULL),
(830, 4, 0.00, 0, 2, 897, '2013-03-05', NULL, NULL),
(831, 1, 12.00, 0, 1, 916, '2013-03-05', NULL, NULL),
(832, 2, 0.00, 0, 2, 462, '2013-03-05', NULL, NULL),
(833, 4, 0.00, 0, 2, 895, '2013-03-05', NULL, NULL),
(834, 2, 0.00, 0, 2, 460, '2013-03-05', NULL, NULL),
(835, 4, 0.00, 0, 2, 893, '2013-03-05', NULL, NULL),
(836, 2, 0.00, 0, 2, 458, '2013-03-05', NULL, NULL),
(837, 4, 0.00, 0, 2, 891, '2013-03-05', NULL, NULL),
(838, 2, 0.00, 0, 2, 456, '2013-03-05', NULL, NULL),
(839, 2, 0.00, 0, 2, 454, '2013-03-05', NULL, NULL),
(840, 4, 0.00, 0, 2, 889, '2013-03-05', NULL, NULL),
(841, 5, 0.00, 0, 1, 24, '2013-03-05', NULL, NULL),
(842, 1, 12.00, 0, 1, 915, '2013-03-05', NULL, NULL),
(843, 1, 12.00, 0, 1, 914, '2013-03-05', NULL, NULL),
(844, 5, 0.00, 0, 1, 23, '2013-03-05', NULL, NULL),
(845, 5, 0.00, 0, 1, 22, '2013-03-05', NULL, NULL),
(846, 5, 0.00, 0, 1, 21, '2013-03-05', NULL, NULL),
(847, 2, 0.00, 0, 1, 453, '2013-03-05', NULL, NULL),
(848, 5, 0.00, 0, 1, 20, '2013-03-05', NULL, NULL),
(849, 4, 0.00, 0, 2, 887, '2013-03-05', NULL, NULL),
(850, 5, 0.00, 0, 1, 19, '2013-03-05', NULL, NULL),
(851, 1, 12.00, 0, 1, 913, '2013-03-05', NULL, NULL),
(852, 2, 0.00, 0, 2, 451, '2013-03-05', NULL, NULL),
(853, 2, 0.00, 0, 2, 449, '2013-03-05', NULL, NULL),
(854, 1, 12.00, 0, 1, 912, '2013-03-05', NULL, NULL),
(855, 2, 0.00, 0, 2, 447, '2013-03-05', NULL, NULL),
(856, 1, 12.00, 0, 1, 911, '2013-03-05', NULL, NULL),
(857, 2, 0.00, 0, 2, 445, '2013-03-05', NULL, NULL),
(858, 4, 0.00, 0, 2, 885, '2013-03-05', NULL, NULL),
(859, 1, 12.00, 0, 1, 910, '2013-03-05', NULL, NULL),
(860, 7, 0.00, 0, 1, 91, '2013-03-05', NULL, NULL),
(861, 6, 11.00, 0, 1, 15, '2013-03-05', NULL, NULL),
(862, 18, 0.00, 0, 1, 2, '2013-03-05', NULL, NULL),
(863, 14, 0.00, 0, 1, 1015, '2013-03-05', NULL, NULL),
(864, 10, 0.00, 0, 1, 0, '2013-03-05', NULL, NULL),
(865, 1, 12.00, 0, 2, 908, '2013-03-05', NULL, NULL),
(866, 5, 0.00, 0, 1, 18, '2013-03-05', NULL, NULL),
(867, 1, 12.00, 0, 1, 907, '2013-03-05', NULL, NULL),
(868, 5, 0.00, 0, 1, 17, '2013-03-05', NULL, NULL),
(869, 4, 0.00, 0, 2, 883, '2013-03-05', NULL, NULL),
(870, 5, 0.00, 0, 1, 16, '2013-03-05', NULL, NULL),
(871, 1, 12.00, 0, 1, 906, '2013-03-05', NULL, NULL),
(872, 5, 0.00, 0, 1, 15, '2013-03-05', NULL, NULL),
(873, 2, 0.00, 0, 1, 444, '2013-03-05', NULL, NULL),
(874, 2, 0.00, 0, 2, 442, '2013-03-05', NULL, NULL),
(875, 1, 12.00, 0, 1, 905, '2013-03-05', NULL, NULL),
(876, 5, 0.00, 0, 2, 13, '2013-03-05', NULL, NULL),
(877, 1, 12.00, 0, 2, 903, '2013-03-05', NULL, NULL),
(878, 4, 0.00, 0, 2, 881, '2013-03-05', NULL, NULL),
(879, 2, 0.00, 0, 2, 440, '2013-03-05', NULL, NULL),
(880, 1, 12.00, 0, 2, 901, '2013-03-05', NULL, NULL),
(881, 7, 0.00, 0, 1, 90, '2013-03-05', NULL, NULL),
(882, 6, 11.00, 0, 1, 14, '2013-03-05', NULL, NULL),
(883, 18, 0.00, 0, 1, 1, '2013-03-05', NULL, NULL),
(884, 5, 0.00, 0, 0, 13, '2013-03-05', NULL, NULL),
(885, 4, 0.00, 0, 1, 880, '2013-03-05', NULL, NULL),
(886, 24, 0.00, 0, 1, 59, '2013-03-05', NULL, NULL),
(887, 24, 0.00, 0, 1, 58, '2013-03-05', NULL, NULL),
(888, 1, 12.00, 0, 1, 900, '2013-03-05', NULL, NULL),
(889, 4, 0.00, 0, 1, 879, '2013-03-05', NULL, NULL),
(890, 2, 0.00, 0, 2, 438, '2013-03-05', NULL, NULL),
(891, 5, 0.00, 0, 1, 12, '2013-03-05', NULL, NULL),
(892, 1, 12.00, 0, 1, 899, '2013-03-05', NULL, NULL),
(893, 4, 0.00, 0, 2, 877, '2013-03-05', NULL, NULL),
(894, 15, 0.00, 0, 1, 983, '2013-03-05', NULL, NULL),
(895, 15, 0.00, 0, 1, 982, '2013-03-05', NULL, NULL),
(896, 15, 0.00, 0, 1, 981, '2013-03-05', NULL, NULL),
(897, 15, 0.00, 0, 1, 980, '2013-03-05', NULL, NULL),
(898, 15, 0.00, 0, 0, 981, '2013-03-05', NULL, NULL),
(899, 44, 0.00, 0, 1, 1, '2013-03-05', NULL, NULL),
(900, 1, 12.00, 0, 2, 897, '2013-03-05', NULL, NULL),
(901, 5, 0.00, 0, 1, 11, '2013-03-05', NULL, NULL),
(902, 2, 0.00, 0, 1, 437, '2013-03-05', NULL, NULL),
(903, 2, 0.00, 0, 2, 435, '2013-03-05', NULL, NULL),
(904, 1, 12.00, 0, 1, 896, '2013-03-05', NULL, NULL),
(905, 5, 0.00, 0, 2, 9, '2013-03-05', NULL, NULL),
(906, 2, 0.00, 0, 2, 433, '2013-03-05', NULL, NULL),
(907, 1, 12.00, 0, 2, 894, '2013-03-05', NULL, NULL),
(908, 2, 0.00, 0, 2, 431, '2013-03-05', NULL, NULL),
(909, 2, 0.00, 0, 2, 429, '2013-03-05', NULL, NULL),
(910, 1, 12.00, 0, 1, 893, '2013-03-05', NULL, NULL),
(911, 1, 12.00, 0, 1, 892, '2013-03-05', NULL, NULL),
(912, 2, 0.00, 0, 2, 427, '2013-03-05', NULL, NULL),
(913, 1, 12.00, 0, 1, 891, '2013-03-05', NULL, NULL),
(914, 2, 0.00, 0, 2, 425, '2013-03-05', NULL, NULL),
(915, 1, 12.00, 0, 1, 890, '2013-03-05', NULL, NULL),
(916, 5, 0.00, 0, 1, 8, '2013-03-05', NULL, NULL),
(917, 2, 0.00, 0, 1, 424, '2013-03-05', NULL, NULL),
(918, 5, 0.00, 0, 0, 9, '2013-03-05', NULL, NULL),
(919, 2, 0.00, 0, 0, 425, '2013-03-05', NULL, NULL),
(920, 7, 0.00, 0, 1, 89, '2013-03-05', NULL, NULL),
(921, 6, 11.00, 0, 1, 13, '2013-03-05', NULL, NULL),
(922, 6, 11.00, 0, 1, 12, '2013-03-05', NULL, NULL),
(923, 18, 0.00, 0, 0, 1, '2013-03-05', NULL, NULL),
(924, 16, 0.00, 0, 1, 14, '2013-03-05', NULL, NULL),
(925, 14, 0.00, 0, 1, 1014, '2013-03-05', NULL, NULL),
(926, 44, 0.00, 0, 1, 0, '2013-03-05', NULL, NULL),
(927, 5, 0.00, 0, 1, 8, '2013-03-05', NULL, NULL),
(928, 5, 0.00, 0, 1, 7, '2013-03-05', NULL, NULL),
(929, 2, 0.00, 0, 1, 424, '2013-03-05', NULL, NULL),
(930, 5, 0.00, 0, 1, 6, '2013-03-05', NULL, NULL),
(931, 2, 0.00, 0, 1, 423, '2013-03-05', NULL, NULL),
(932, 2, 0.00, 0, 2, 421, '2013-03-05', NULL, NULL),
(933, 1, 12.00, 0, 1, 889, '2013-03-05', NULL, NULL),
(934, 1, 12.00, 0, 1, 888, '2013-03-05', NULL, NULL),
(935, 4, 0.00, 0, 1, 876, '2013-03-05', NULL, NULL),
(936, 2, 0.00, 0, 2, 419, '2013-03-05', NULL, NULL),
(937, 5, 0.00, 0, 1, 5, '2013-03-05', NULL, NULL),
(938, 1, 12.00, 0, 1, 887, '2013-03-05', NULL, NULL),
(939, 5, 0.00, 0, 2, 3, '2013-03-05', NULL, NULL),
(940, 2, 0.00, 0, 2, 417, '2013-03-05', NULL, NULL),
(941, 1, 12.00, 0, 2, 885, '2013-03-05', NULL, NULL),
(942, 24, 0.00, 0, 1, 57, '2013-03-05', NULL, NULL),
(943, 24, 0.00, 0, 1, 56, '2013-03-05', NULL, NULL),
(944, 24, 0.00, 0, 1, 55, '2013-03-05', NULL, NULL),
(945, 43, 0.20, 0, 1, 7, '2013-03-05', NULL, NULL),
(946, 16, 0.00, 0, 1, 13, '2013-03-05', NULL, NULL),
(947, 16, 0.00, 0, 1, 12, '2013-03-05', NULL, NULL),
(948, 14, 0.00, 0, 1, 1013, '2013-03-05', NULL, NULL),
(949, 14, 0.00, 0, 1, 1012, '2013-03-05', NULL, NULL),
(950, 5, 0.00, 0, 1, 2, '2013-03-05', NULL, NULL),
(951, 2, 0.00, 0, 1, 416, '2013-03-05', NULL, NULL),
(952, 2, 0.00, 0, 2, 414, '2013-03-05', NULL, NULL),
(953, 1, 12.00, 0, 1, 884, '2013-03-05', NULL, NULL),
(954, 7, 0.00, 0, 1, 88, '2013-03-05', NULL, NULL),
(955, 16, 0.00, 0, 1, 11, '2013-03-05', NULL, NULL),
(956, 14, 0.00, 0, 0, 1012, '2013-03-05', NULL, NULL),
(957, 6, 11.00, 0, 1, 11, '2013-03-05', NULL, NULL),
(958, 7, 0.00, 0, 0, 88, '2013-03-05', NULL, NULL),
(959, 24, 0.00, 0, 1, 54, '2013-03-05', NULL, NULL),
(960, 24, 0.00, 0, 1, 53, '2013-03-05', NULL, NULL),
(961, 5, 0.00, 0, 1, 1, '2013-03-05', NULL, NULL),
(962, 5, 0.00, 0, 0, 1, '2013-03-05', NULL, NULL),
(963, 2, 0.00, 0, 2, 412, '2013-03-05', NULL, NULL),
(964, 1, 12.00, 0, 1, 883, '2013-03-05', NULL, NULL),
(965, 2, 0.00, 0, 1, 411, '2013-03-05', NULL, NULL),
(966, 2, 0.00, 0, 2, 409, '2013-03-05', NULL, NULL),
(967, 1, 12.00, 0, 1, 882, '2013-03-05', NULL, NULL),
(968, 2, 0.00, 0, 2, 407, '2013-03-05', NULL, NULL),
(969, 1, 12.00, 0, 1, 881, '2013-03-05', NULL, NULL),
(970, 1, 12.00, 0, 1, 880, '2013-03-05', NULL, NULL),
(971, 2, 0.00, 0, 2, 405, '2013-03-05', NULL, NULL),
(972, 4, 0.00, 0, 2, 874, '2013-03-05', NULL, NULL),
(973, 4, 0.00, 0, 2, 872, '2013-03-05', NULL, NULL),
(974, 1, 12.00, 0, 1, 879, '2013-03-05', NULL, NULL),
(975, 7, 0.00, 0, 1, 87, '2013-03-05', NULL, NULL),
(976, 43, 0.20, 0, 1, 6, '2013-03-05', NULL, NULL),
(977, 2, 0.00, 0, 1, 404, '2013-03-05', NULL, NULL),
(978, 2, 0.00, 0, 1, 403, '2013-03-05', NULL, NULL);
INSERT INTO `bodegas` (`id`, `insumo_id`, `preciocompra`, `ingreso`, `salida`, `total`, `fecha`, `lugare_id`, `observaciones`) VALUES
(979, 1, 12.00, 0, 0, 879, '2013-03-05', NULL, NULL),
(980, 2, 0.00, 0, 2, 401, '2013-03-05', NULL, NULL),
(981, 1, 12.00, 0, 1, 878, '2013-03-05', NULL, NULL),
(982, 1, 12.00, 0, 1, 877, '2013-03-05', NULL, NULL),
(983, 4, 0.00, 0, 1, 871, '2013-03-05', NULL, NULL),
(984, 2, 0.00, 0, 2, 399, '2013-03-05', NULL, NULL),
(985, 1, 12.00, 0, 1, 876, '2013-03-05', NULL, NULL),
(986, 2, 0.00, 0, 1, 398, '2013-03-05', NULL, NULL),
(987, 2, 0.00, 0, 1, 397, '2013-03-05', NULL, NULL),
(988, 4, 0.00, 0, 2, 869, '2013-03-05', NULL, NULL),
(989, 1, 12.00, 0, 1, 875, '2013-03-05', NULL, NULL),
(990, 1, 12.00, 0, 1, 874, '2013-03-05', NULL, NULL),
(991, 2, 0.00, 0, 2, 395, '2013-03-05', NULL, NULL),
(992, 1, 12.00, 0, 1, 873, '2013-03-05', NULL, NULL),
(993, 4, 0.00, 0, 1, 868, '2013-03-05', NULL, NULL),
(994, 1, 12.00, 0, 1, 872, '2013-03-05', NULL, NULL),
(995, 4, 0.00, 0, 1, 867, '2013-03-05', NULL, NULL),
(996, 1, 12.00, 0, 1, 871, '2013-03-05', NULL, NULL),
(997, 4, 0.00, 0, 1, 866, '2013-03-05', NULL, NULL),
(998, 1, 12.00, 0, 1, 870, '2013-03-05', NULL, NULL),
(999, 4, 0.00, 0, 1, 865, '2013-03-05', NULL, NULL),
(1000, 1, 12.00, 0, 0, 870, '2013-03-05', NULL, NULL),
(1001, 4, 0.00, 0, 0, 865, '2013-03-05', NULL, NULL),
(1002, 1, 12.00, 0, 2, 868, '2013-03-05', NULL, NULL),
(1003, 1, 12.00, 0, 2, 866, '2013-03-05', NULL, NULL),
(1004, 16, 0.00, 0, 1, 10, '2013-03-05', NULL, NULL),
(1005, 16, 0.00, 0, 1, 9, '2013-03-05', NULL, NULL),
(1006, 15, 0.00, 0, 1, 980, '2013-03-05', NULL, NULL),
(1007, 15, 0.00, 0, 1, 979, '2013-03-05', NULL, NULL),
(1008, 14, 0.00, 0, 0, 1013, '2013-03-05', NULL, NULL),
(1009, 24, 0.00, 0, 1, 52, '2013-03-05', NULL, NULL),
(1010, 24, 0.00, 0, 0, 52, '2013-03-05', NULL, NULL),
(1011, 24, 0.00, 0, 1, 51, '2013-03-05', NULL, NULL),
(1012, 24, 0.00, 0, 1, 50, '2013-03-05', NULL, NULL),
(1013, 24, 0.00, 0, 1, 49, '2013-03-05', NULL, NULL),
(1014, 1, 12.00, 0, 2, 864, '2013-03-05', NULL, NULL),
(1015, 43, 0.20, 0, 1, 5, '2013-03-05', NULL, NULL),
(1016, 1, 12.00, 0, 1, 863, '2013-03-05', NULL, NULL),
(1017, 4, 0.00, 0, 1, 864, '2013-03-05', NULL, NULL),
(1018, 1, 12.00, 0, 1, 862, '2013-03-05', NULL, NULL),
(1019, 4, 0.00, 0, 1, 863, '2013-03-05', NULL, NULL),
(1020, 4, 0.00, 0, 2, 861, '2013-03-05', NULL, NULL),
(1021, 1, 12.00, 0, 1, 861, '2013-03-05', NULL, NULL),
(1022, 2, 0.00, 0, 2, 393, '2013-03-05', NULL, NULL),
(1023, 4, 0.00, 0, 2, 859, '2013-03-05', NULL, NULL),
(1024, 2, 0.00, 0, 2, 391, '2013-03-05', NULL, NULL),
(1025, 4, 0.00, 0, 2, 857, '2013-03-05', NULL, NULL),
(1026, 1, 12.00, 0, 1, 860, '2013-03-05', NULL, NULL),
(1027, 2, 0.00, 0, 2, 389, '2013-03-05', NULL, NULL),
(1028, 4, 0.00, 0, 2, 855, '2013-03-05', NULL, NULL),
(1029, 2, 0.00, 0, 1, 388, '2013-03-05', NULL, NULL),
(1030, 2, 0.00, 0, 2, 386, '2013-03-05', NULL, NULL),
(1031, 1, 12.00, 0, 1, 859, '2013-03-05', NULL, NULL),
(1032, 1, 12.00, 0, 2, 857, '2013-03-05', NULL, NULL),
(1033, 2, 0.00, 0, 2, 384, '2013-03-05', NULL, NULL),
(1034, 1, 12.00, 0, 2, 855, '2013-03-05', NULL, NULL),
(1035, 16, 0.00, 0, 1, 8, '2013-03-05', NULL, NULL),
(1036, 16, 0.00, 0, 1, 7, '2013-03-05', NULL, NULL),
(1037, 16, 0.00, 0, 0, 7, '2013-03-05', NULL, NULL),
(1038, 15, 0.00, 0, 1, 978, '2013-03-05', NULL, NULL),
(1039, 1, 12.00, 0, 2, 853, '2013-03-05', NULL, NULL),
(1040, 1, 12.00, 0, 2, 851, '2013-03-05', NULL, NULL),
(1041, 24, 0.00, 0, 1, 48, '2013-03-05', NULL, NULL),
(1042, 24, 0.00, 0, 1, 47, '2013-03-05', NULL, NULL),
(1043, 24, 0.00, 0, 0, 49, '2013-03-05', NULL, NULL),
(1044, 43, 0.20, 0, 1, 4, '2013-03-05', NULL, NULL),
(1045, 43, 0.20, 0, 1, 3, '2013-03-05', NULL, NULL),
(1046, 6, 11.00, 0, 1, 10, '2013-03-05', NULL, NULL),
(1047, 6, 11.00, 0, 0, 11, '2013-03-05', NULL, NULL),
(1048, 7, 0.00, 0, 1, 86, '2013-03-05', NULL, NULL),
(1049, 1, 12.00, 0, 0, 859, '2013-03-05', NULL, NULL),
(1050, 4, 0.00, 0, 0, 862, '2013-03-05', NULL, NULL),
(1051, 16, 0.00, 0, 1, 6, '2013-03-05', NULL, NULL),
(1052, 16, 0.00, 0, 1, 5, '2013-03-05', NULL, NULL),
(1053, 16, 0.00, 0, 1, 4, '2013-03-05', NULL, NULL),
(1054, 16, 0.00, 0, 0, 5, '2013-03-05', NULL, NULL),
(1055, 16, 0.00, 0, 1, 4, '2013-03-05', NULL, NULL),
(1056, 16, 0.00, 0, 0, 4, '2013-03-05', NULL, NULL),
(1057, 16, 0.00, 0, 0, 4, '2013-03-05', NULL, NULL),
(1058, 16, 0.00, 0, 0, 7, '2013-03-05', NULL, NULL),
(1059, 1, 12.00, 0, 1, 858, '2013-03-05', NULL, NULL),
(1060, 4, 0.00, 0, 1, 861, '2013-03-05', NULL, NULL),
(1061, 1, 12.00, 0, 1, 857, '2013-03-05', NULL, NULL),
(1062, 4, 0.00, 0, 1, 860, '2013-03-05', NULL, NULL),
(1063, 2, 0.00, 0, 2, 382, '2013-03-05', NULL, NULL),
(1064, 1, 12.00, 0, 1, 856, '2013-03-05', NULL, NULL),
(1065, 2, 0.00, 0, 2, 380, '2013-03-05', NULL, NULL),
(1066, 1, 12.00, 0, 1, 855, '2013-03-05', NULL, NULL),
(1067, 2, 0.00, 0, 2, 378, '2013-03-05', NULL, NULL),
(1068, 4, 0.00, 0, 2, 858, '2013-03-05', NULL, NULL),
(1069, 2, 0.00, 0, 2, 376, '2013-03-05', NULL, NULL),
(1070, 4, 0.00, 0, 2, 856, '2013-03-05', NULL, NULL),
(1071, 2, 0.00, 0, 2, 374, '2013-03-05', NULL, NULL),
(1072, 4, 0.00, 0, 2, 854, '2013-03-05', NULL, NULL),
(1073, 2, 0.00, 0, 2, 372, '2013-03-05', NULL, NULL),
(1074, 4, 0.00, 0, 1, 853, '2013-03-05', NULL, NULL),
(1075, 1, 12.00, 0, 2, 853, '2013-03-05', NULL, NULL),
(1076, 2, 0.00, 0, 2, 370, '2013-03-05', NULL, NULL),
(1077, 1, 12.00, 0, 0, 855, '2013-03-05', NULL, NULL),
(1078, 24, 0.00, 0, 1, 48, '2013-03-05', NULL, NULL),
(1079, 24, 0.00, 0, 0, 49, '2013-03-05', NULL, NULL),
(1080, 43, 0.20, 0, 1, 2, '2013-03-05', NULL, NULL),
(1081, 43, 0.20, 0, 0, 5, '2013-03-05', NULL, NULL),
(1082, 7, 0.00, 0, 0, 86, '2013-03-05', NULL, NULL),
(1083, 16, 0.00, 0, 1, 6, '2013-03-05', NULL, NULL),
(1084, 16, 0.00, 0, 1, 5, '2013-03-05', NULL, NULL),
(1085, 16, 0.00, 0, 1, 4, '2013-03-05', NULL, NULL),
(1086, 16, 0.00, 0, 1, 3, '2013-03-05', NULL, NULL),
(1087, 16, 0.00, 0, 1, 2, '2013-03-05', NULL, NULL),
(1088, 16, 0.00, 0, 1, 1, '2013-03-05', NULL, NULL),
(1089, 16, 0.00, 0, 0, 11, '2013-03-05', NULL, NULL),
(1090, 1, 12.00, 0, 1, 854, '2013-03-05', NULL, NULL),
(1091, 4, 0.00, 0, 1, 852, '2013-03-05', NULL, NULL),
(1092, 15, 0.00, 0, 0, 982, '2013-03-05', NULL, NULL),
(1093, 1, 12.00, 0, 1, 853, '2013-03-05', NULL, NULL),
(1094, 4, 0.00, 0, 1, 851, '2013-03-05', NULL, NULL),
(1095, 2, 0.00, 0, 0, 373, '2013-03-05', NULL, NULL),
(1096, 4, 0.00, 0, 0, 857, '2013-03-05', NULL, NULL),
(1097, 1, 12.00, 0, 0, 864, '2013-03-05', NULL, NULL),
(1098, 15, 0.00, 0, 0, 982, '2013-03-05', NULL, NULL),
(1099, 15, 0.00, 0, 1, 981, '2013-03-05', NULL, NULL),
(1100, 15, 0.00, 0, 0, 983, '2013-03-05', NULL, NULL),
(1101, 4, 0.00, 0, 2, 855, '2013-03-05', NULL, NULL),
(1102, 1, 12.00, 0, 1, 863, '2013-03-05', NULL, NULL),
(1103, 2, 0.00, 0, 2, 371, '2013-03-05', NULL, NULL),
(1104, 1, 12.00, 0, 1, 862, '2013-03-05', NULL, NULL),
(1105, 4, 0.00, 0, 1, 854, '2013-03-05', NULL, NULL),
(1106, 1, 12.00, 0, 1, 861, '2013-03-05', NULL, NULL),
(1107, 2, 0.00, 0, 2, 369, '2013-03-05', NULL, NULL),
(1108, 4, 0.00, 0, 2, 852, '2013-03-05', NULL, NULL),
(1109, 1, 12.00, 0, 1, 860, '2013-03-05', NULL, NULL),
(1110, 1, 12.00, 0, 1, 859, '2013-03-05', NULL, NULL),
(1111, 4, 0.00, 0, 1, 851, '2013-03-05', NULL, NULL),
(1112, 1, 12.00, 0, 1, 858, '2013-03-05', NULL, NULL),
(1113, 4, 0.00, 0, 1, 850, '2013-03-05', NULL, NULL),
(1114, 1, 12.00, 0, 1, 857, '2013-03-05', NULL, NULL),
(1115, 4, 0.00, 0, 1, 849, '2013-03-05', NULL, NULL),
(1116, 1, 12.00, 0, 1, 856, '2013-03-05', NULL, NULL),
(1117, 4, 0.00, 0, 1, 848, '2013-03-05', NULL, NULL),
(1118, 1, 12.00, 0, 1, 855, '2013-03-05', NULL, NULL),
(1119, 4, 0.00, 0, 1, 847, '2013-03-05', NULL, NULL),
(1120, 1, 12.00, 0, 1, 854, '2013-03-05', NULL, NULL),
(1121, 4, 0.00, 0, 1, 846, '2013-03-05', NULL, NULL),
(1122, 2, 0.00, 0, 2, 367, '2013-03-05', NULL, NULL),
(1123, 4, 0.00, 0, 2, 844, '2013-03-05', NULL, NULL),
(1124, 2, 0.00, 0, 2, 365, '2013-03-05', NULL, NULL),
(1125, 4, 0.00, 0, 2, 842, '2013-03-05', NULL, NULL),
(1126, 2, 0.00, 0, 2, 363, '2013-03-05', NULL, NULL),
(1127, 4, 0.00, 0, 2, 840, '2013-03-05', NULL, NULL),
(1128, 2, 0.00, 0, 2, 361, '2013-03-05', NULL, NULL),
(1129, 4, 0.00, 0, 2, 838, '2013-03-05', NULL, NULL),
(1130, 2, 0.00, 0, 2, 359, '2013-03-05', NULL, NULL),
(1131, 4, 0.00, 0, 2, 836, '2013-03-05', NULL, NULL),
(1132, 2, 0.00, 0, 2, 357, '2013-03-05', NULL, NULL),
(1133, 4, 0.00, 0, 2, 834, '2013-03-05', NULL, NULL),
(1134, 2, 0.00, 0, 2, 355, '2013-03-05', NULL, NULL),
(1135, 1, 12.00, 0, 1, 853, '2013-03-05', NULL, NULL),
(1136, 2, 0.00, 0, 2, 353, '2013-03-05', NULL, NULL),
(1137, 1, 12.00, 0, 1, 852, '2013-03-05', NULL, NULL),
(1138, 2, 0.00, 0, 2, 351, '2013-03-05', NULL, NULL),
(1139, 1, 12.00, 0, 1, 851, '2013-03-05', NULL, NULL),
(1140, 2, 0.00, 0, 2, 349, '2013-03-05', NULL, NULL),
(1141, 1, 12.00, 0, 1, 850, '2013-03-05', NULL, NULL),
(1142, 2, 0.00, 0, 2, 347, '2013-03-05', NULL, NULL),
(1143, 1, 12.00, 0, 1, 849, '2013-03-05', NULL, NULL),
(1144, 2, 0.00, 0, 2, 345, '2013-03-05', NULL, NULL),
(1145, 1, 12.00, 0, 1, 848, '2013-03-05', NULL, NULL),
(1146, 1, 12.00, 0, 1, 847, '2013-03-05', NULL, NULL),
(1147, 1, 12.00, 0, 1, 846, '2013-03-05', NULL, NULL),
(1148, 1, 12.00, 0, 1, 845, '2013-03-05', NULL, NULL),
(1149, 1, 12.00, 0, 1, 844, '2013-03-05', NULL, NULL),
(1150, 4, 0.00, 0, 2, 832, '2013-03-05', NULL, NULL),
(1151, 4, 0.00, 0, 2, 830, '2013-03-05', NULL, NULL),
(1152, 4, 0.00, 0, 2, 828, '2013-03-05', NULL, NULL),
(1153, 4, 0.00, 0, 2, 826, '2013-03-05', NULL, NULL),
(1154, 2, 0.00, 0, 2, 343, '2013-03-05', NULL, NULL),
(1155, 1, 12.00, 0, 1, 843, '2013-03-05', NULL, NULL),
(1156, 1, 12.00, 0, 1, 842, '2013-03-05', NULL, NULL),
(1157, 4, 0.00, 0, 2, 824, '2013-03-05', NULL, NULL),
(1158, 1, 12.00, 0, 1, 841, '2013-03-05', NULL, NULL),
(1159, 4, 0.00, 0, 1, 823, '2013-03-05', NULL, NULL),
(1160, 24, 0.00, 0, 1, 48, '2013-03-05', NULL, NULL),
(1161, 24, 0.00, 0, 1, 47, '2013-03-05', NULL, NULL),
(1162, 24, 0.00, 0, 1, 46, '2013-03-05', NULL, NULL),
(1163, 24, 0.00, 0, 1, 45, '2013-03-05', NULL, NULL),
(1164, 24, 0.00, 0, 1, 44, '2013-03-05', NULL, NULL),
(1165, 24, 0.00, 0, 0, 53, '2013-03-05', NULL, NULL),
(1166, 2, 0.00, 0, 1, 342, '2013-03-05', NULL, NULL),
(1167, 1, 12.00, 0, 2, 839, '2013-03-05', NULL, NULL),
(1168, 1, 12.00, 0, 2, 837, '2013-03-05', NULL, NULL),
(1169, 4, 0.00, 0, 2, 821, '2013-03-05', NULL, NULL),
(1170, 16, 0.00, 0, 1, 10, '2013-03-05', NULL, NULL),
(1171, 16, 0.00, 0, 1, 9, '2013-03-05', NULL, NULL),
(1172, 16, 0.00, 0, 1, 8, '2013-03-05', NULL, NULL),
(1173, 16, 0.00, 0, 1, 7, '2013-03-05', NULL, NULL),
(1174, 16, 0.00, 0, 1, 6, '2013-03-05', NULL, NULL),
(1175, 16, 0.00, 0, 1, 5, '2013-03-05', NULL, NULL),
(1176, 15, 0.00, 0, 1, 982, '2013-03-05', NULL, NULL),
(1177, 14, 0.00, 0, 1, 1012, '2013-03-05', NULL, NULL),
(1178, 14, 0.00, 0, 1, 1011, '2013-03-05', NULL, NULL),
(1179, 15, 0.00, 0, 1, 981, '2013-03-05', NULL, NULL),
(1180, 15, 0.00, 0, 1, 980, '2013-03-05', NULL, NULL),
(1181, 1, 12.00, 0, 2, 835, '2013-03-05', NULL, NULL),
(1182, 1, 12.00, 0, 2, 833, '2013-03-05', NULL, NULL),
(1183, 1, 12.00, 0, 1, 832, '2013-03-05', NULL, NULL),
(1184, 43, 0.20, 0, 1, 4, '2013-03-05', NULL, NULL),
(1185, 43, 0.20, 0, 1, 3, '2013-03-05', NULL, NULL),
(1186, 43, 0.20, 0, 1, 2, '2013-03-05', NULL, NULL),
(1187, 43, 0.20, 0, 1, 1, '2013-03-05', NULL, NULL),
(1188, 43, 0.20, 0, 0, 10, '2013-03-05', NULL, NULL),
(1189, 15, 0.00, 0, 0, 980, '2013-03-05', NULL, NULL),
(1190, 15, 0.00, 0, 1, 979, '2013-03-05', NULL, NULL),
(1191, 15, 0.00, 0, 1, 978, '2013-03-05', NULL, NULL),
(1192, 4, 0.00, 0, 2, 819, '2013-03-05', NULL, NULL),
(1193, 1, 12.00, 0, 1, 831, '2013-03-05', NULL, NULL),
(1194, 1, 12.00, 0, 1, 830, '2013-03-05', NULL, NULL),
(1195, 4, 0.00, 0, 1, 818, '2013-03-05', NULL, NULL),
(1196, 1, 12.00, 0, 1, 829, '2013-03-05', NULL, NULL),
(1197, 4, 0.00, 0, 1, 817, '2013-03-05', NULL, NULL),
(1198, 1, 12.00, 0, 0, 830, '2013-03-05', NULL, NULL),
(1199, 4, 0.00, 0, 0, 818, '2013-03-05', NULL, NULL),
(1200, 2, 0.00, 0, 2, 340, '2013-03-05', NULL, NULL),
(1201, 4, 0.00, 0, 2, 816, '2013-03-05', NULL, NULL),
(1202, 2, 0.00, 0, 2, 338, '2013-03-05', NULL, NULL),
(1203, 4, 0.00, 0, 2, 814, '2013-03-05', NULL, NULL),
(1204, 4, 0.00, 0, 2, 812, '2013-03-05', NULL, NULL),
(1205, 1, 12.00, 0, 1, 829, '2013-03-05', NULL, NULL),
(1206, 4, 0.00, 0, 1, 811, '2013-03-05', NULL, NULL),
(1207, 1, 12.00, 0, 1, 828, '2013-03-05', NULL, NULL),
(1208, 4, 0.00, 0, 1, 810, '2013-03-05', NULL, NULL),
(1209, 2, 0.00, 0, 1, 337, '2013-03-05', NULL, NULL),
(1210, 2, 0.00, 0, 2, 335, '2013-03-05', NULL, NULL),
(1211, 1, 12.00, 0, 1, 827, '2013-03-05', NULL, NULL),
(1212, 2, 0.00, 0, 1, 334, '2013-03-05', NULL, NULL),
(1213, 2, 0.00, 0, 2, 332, '2013-03-05', NULL, NULL),
(1214, 1, 12.00, 0, 2, 825, '2013-03-05', NULL, NULL),
(1215, 2, 0.00, 0, 2, 330, '2013-03-05', NULL, NULL),
(1216, 1, 12.00, 0, 2, 823, '2013-03-05', NULL, NULL),
(1217, 2, 0.00, 0, 2, 328, '2013-03-05', NULL, NULL),
(1218, 1, 12.00, 0, 2, 821, '2013-03-05', NULL, NULL),
(1219, 6, 11.00, 0, 1, 10, '2013-03-05', NULL, NULL),
(1220, 6, 11.00, 0, 1, 9, '2013-03-05', NULL, NULL),
(1221, 7, 0.00, 0, 1, 85, '2013-03-05', NULL, NULL),
(1222, 14, 0.00, 0, 1, 1010, '2013-03-05', NULL, NULL),
(1223, 15, 0.00, 0, 1, 977, '2013-03-05', NULL, NULL),
(1224, 43, 0.20, 0, 1, 9, '2013-03-05', NULL, NULL),
(1225, 1, 12.00, 0, 1, 820, '2013-03-05', NULL, NULL),
(1226, 4, 0.00, 0, 1, 809, '2013-03-05', NULL, NULL),
(1227, 1, 12.00, 0, 1, 819, '2013-03-05', NULL, NULL),
(1228, 4, 0.00, 0, 1, 808, '2013-03-05', NULL, NULL),
(1229, 2, 0.00, 0, 2, 326, '2013-03-05', NULL, NULL),
(1230, 4, 0.00, 0, 2, 806, '2013-03-05', NULL, NULL),
(1231, 4, 0.00, 0, 2, 804, '2013-03-05', NULL, NULL),
(1232, 1, 12.00, 0, 1, 818, '2013-03-05', NULL, NULL),
(1233, 1, 12.00, 0, 1, 817, '2013-03-05', NULL, NULL),
(1234, 1, 12.00, 0, 1, 816, '2013-03-05', NULL, NULL),
(1235, 4, 0.00, 0, 2, 802, '2013-03-05', NULL, NULL),
(1236, 1, 12.00, 0, 1, 815, '2013-03-05', NULL, NULL),
(1237, 4, 0.00, 0, 2, 800, '2013-03-05', NULL, NULL),
(1238, 1, 12.00, 0, 1, 814, '2013-03-05', NULL, NULL),
(1239, 24, 0.00, 0, 1, 52, '2013-03-05', NULL, NULL),
(1240, 43, 0.20, 0, 1, 8, '2013-03-05', NULL, NULL),
(1241, 1, 12.00, 0, 1, 813, '2013-03-05', NULL, NULL),
(1242, 4, 0.00, 0, 2, 798, '2013-03-05', NULL, NULL),
(1243, 1, 12.00, 0, 1, 812, '2013-03-05', NULL, NULL),
(1244, 4, 0.00, 0, 1, 797, '2013-03-05', NULL, NULL),
(1245, 2, 0.00, 0, 2, 324, '2013-03-05', NULL, NULL),
(1246, 4, 0.00, 0, 2, 795, '2013-03-05', NULL, NULL),
(1247, 1, 12.00, 0, 1, 811, '2013-03-05', NULL, NULL),
(1248, 1, 12.00, 0, 1, 810, '2013-03-05', NULL, NULL),
(1249, 1, 12.00, 0, 2, 808, '2013-03-05', NULL, NULL),
(1250, 2, 0.00, 0, 1, 323, '2013-03-05', NULL, NULL),
(1251, 2, 0.00, 0, 1, 322, '2013-03-05', NULL, NULL),
(1252, 2, 0.00, 0, 2, 320, '2013-03-05', NULL, NULL),
(1253, 4, 0.00, 0, 2, 793, '2013-03-05', NULL, NULL),
(1254, 2, 0.00, 0, 2, 318, '2013-03-05', NULL, NULL),
(1255, 1, 12.00, 0, 1, 807, '2013-03-05', NULL, NULL),
(1256, 1, 12.00, 0, 1, 806, '2013-03-05', NULL, NULL),
(1257, 4, 0.00, 0, 2, 791, '2013-03-05', NULL, NULL),
(1258, 1, 12.00, 0, 1, 805, '2013-03-05', NULL, NULL),
(1259, 4, 0.00, 0, 1, 790, '2013-03-05', NULL, NULL),
(1260, 2, 0.00, 0, 2, 316, '2013-03-05', NULL, NULL),
(1261, 1, 12.00, 0, 1, 804, '2013-03-05', NULL, NULL),
(1262, 4, 0.00, 0, 1, 789, '2013-03-05', NULL, NULL),
(1263, 4, 0.00, 0, 2, 787, '2013-03-05', NULL, NULL),
(1264, 2, 0.00, 0, 2, 314, '2013-03-05', NULL, NULL),
(1265, 4, 0.00, 0, 2, 785, '2013-03-05', NULL, NULL),
(1266, 1, 12.00, 0, 1, 803, '2013-03-05', NULL, NULL),
(1267, 2, 0.00, 0, 1, 313, '2013-03-05', NULL, NULL),
(1268, 4, 0.00, 0, 2, 783, '2013-03-05', NULL, NULL),
(1269, 1, 12.00, 0, 1, 802, '2013-03-05', NULL, NULL),
(1270, 4, 0.00, 0, 1, 782, '2013-03-05', NULL, NULL),
(1271, 2, 0.00, 0, 2, 311, '2013-03-05', NULL, NULL),
(1272, 2, 0.00, 0, 2, 309, '2013-03-05', NULL, NULL),
(1273, 4, 0.00, 0, 2, 780, '2013-03-05', NULL, NULL),
(1274, 1, 12.00, 0, 1, 801, '2013-03-05', NULL, NULL),
(1275, 4, 0.00, 0, 2, 778, '2013-03-05', NULL, NULL),
(1276, 1, 12.00, 0, 1, 800, '2013-03-05', NULL, NULL),
(1277, 2, 0.00, 0, 1, 308, '2013-03-05', NULL, NULL),
(1278, 2, 0.00, 0, 2, 306, '2013-03-05', NULL, NULL),
(1279, 1, 12.00, 0, 1, 799, '2013-03-05', NULL, NULL),
(1280, 1, 12.00, 0, 1, 798, '2013-03-05', NULL, NULL),
(1281, 1, 12.00, 0, 1, 797, '2013-03-05', NULL, NULL),
(1282, 2, 0.00, 0, 2, 304, '2013-03-05', NULL, NULL),
(1283, 1, 12.00, 0, 1, 796, '2013-03-05', NULL, NULL),
(1284, 4, 0.00, 0, 1, 777, '2013-03-05', NULL, NULL),
(1285, 7, 0.00, 0, 1, 84, '2013-03-05', NULL, NULL),
(1286, 7, 0.00, 0, 1, 83, '2013-03-05', NULL, NULL),
(1287, 6, 11.00, 0, 1, 8, '2013-03-05', NULL, NULL),
(1288, 6, 11.00, 0, 1, 7, '2013-03-05', NULL, NULL),
(1289, 2, 0.00, 0, 2, 302, '2013-03-05', NULL, NULL),
(1290, 4, 0.00, 0, 2, 775, '2013-03-05', NULL, NULL),
(1291, 2, 0.00, 0, 2, 300, '2013-03-05', NULL, NULL),
(1292, 4, 0.00, 0, 2, 773, '2013-03-05', NULL, NULL),
(1293, 2, 0.00, 0, 1, 299, '2013-03-05', NULL, NULL),
(1294, 4, 0.00, 0, 2, 771, '2013-03-05', NULL, NULL),
(1295, 1, 12.00, 0, 1, 795, '2013-03-05', NULL, NULL),
(1296, 1, 12.00, 0, 1, 794, '2013-03-05', NULL, NULL),
(1297, 4, 0.00, 0, 1, 770, '2013-03-05', NULL, NULL),
(1298, 1, 12.00, 0, 1, 793, '2013-03-05', NULL, NULL),
(1299, 4, 0.00, 0, 1, 769, '2013-03-05', NULL, NULL),
(1300, 1, 12.00, 0, 1, 792, '2013-03-05', NULL, NULL),
(1301, 4, 0.00, 0, 1, 768, '2013-03-05', NULL, NULL),
(1302, 1, 12.00, 0, 1, 791, '2013-03-05', NULL, NULL),
(1303, 4, 0.00, 0, 1, 767, '2013-03-05', NULL, NULL),
(1304, 4, 0.00, 0, 2, 765, '2013-03-05', NULL, NULL),
(1305, 1, 12.00, 0, 1, 790, '2013-03-05', NULL, NULL),
(1306, 2, 0.00, 0, 2, 297, '2013-03-05', NULL, NULL),
(1307, 2, 0.00, 0, 2, 295, '2013-03-05', NULL, NULL),
(1308, 1, 12.00, 0, 1, 789, '2013-03-05', NULL, NULL),
(1309, 2, 0.00, 0, 2, 293, '2013-03-05', NULL, NULL),
(1310, 4, 0.00, 0, 2, 763, '2013-03-05', NULL, NULL),
(1311, 16, 0.00, 0, 1, 4, '2013-03-05', NULL, NULL),
(1312, 16, 0.00, 0, 1, 3, '2013-03-05', NULL, NULL),
(1313, 16, 0.00, 0, 1, 2, '2013-03-05', NULL, NULL),
(1314, 43, 0.20, 0, 1, 7, '2013-03-05', NULL, NULL),
(1315, 43, 0.20, 0, 1, 6, '2013-03-05', NULL, NULL),
(1316, 43, 0.20, 0, 1, 5, '2013-03-05', NULL, NULL),
(1317, 2, 0.00, 0, 2, 291, '2013-03-05', NULL, NULL),
(1318, 1, 12.00, 0, 2, 787, '2013-03-05', NULL, NULL),
(1319, 1, 12.00, 0, 2, 785, '2013-03-05', NULL, NULL),
(1320, 4, 0.00, 0, 2, 761, '2013-03-05', NULL, NULL),
(1321, 2, 0.00, 0, 2, 289, '2013-03-05', NULL, NULL),
(1322, 1, 12.00, 0, 2, 783, '2013-03-05', NULL, NULL),
(1323, 2, 0.00, 0, 2, 287, '2013-03-05', NULL, NULL),
(1324, 1, 12.00, 0, 2, 781, '2013-03-05', NULL, NULL),
(1325, 2, 0.00, 0, 2, 285, '2013-03-05', NULL, NULL),
(1326, 1, 12.00, 0, 2, 779, '2013-03-05', NULL, NULL),
(1327, 4, 0.00, 0, 2, 759, '2013-03-05', NULL, NULL),
(1328, 4, 0.00, 0, 2, 757, '2013-03-05', NULL, NULL),
(1329, 1, 12.00, 0, 2, 777, '2013-03-05', NULL, NULL),
(1330, 16, 0.00, 0, 1, 1, '2013-03-05', NULL, NULL),
(1331, 16, 0.00, 0, 1, 0, '2013-03-05', NULL, NULL),
(1332, 4, 0.00, 0, 2, 755, '2013-03-05', NULL, NULL),
(1333, 4, 0.00, 0, 2, 753, '2013-03-05', NULL, NULL),
(1334, 1, 12.00, 0, 1, 776, '2013-03-05', NULL, NULL),
(1335, 1, 12.00, 0, 1, 775, '2013-03-05', NULL, NULL),
(1336, 4, 0.00, 0, 1, 752, '2013-03-05', NULL, NULL),
(1337, 2, 0.00, 0, 2, 283, '2013-03-05', NULL, NULL),
(1338, 1, 12.00, 0, 1, 774, '2013-03-05', NULL, NULL),
(1339, 2, 0.00, 0, 2, 281, '2013-03-05', NULL, NULL),
(1340, 1, 12.00, 0, 1, 773, '2013-03-05', NULL, NULL),
(1341, 14, 0.00, 0, 1, 1009, '2013-03-05', NULL, NULL),
(1342, 14, 0.00, 0, 1, 1008, '2013-03-05', NULL, NULL),
(1343, 14, 0.00, 0, 1, 1007, '2013-03-05', NULL, NULL),
(1344, 14, 0.00, 0, 1, 1006, '2013-03-05', NULL, NULL),
(1345, 4, 0.00, 0, 2, 750, '2013-03-05', NULL, NULL),
(1346, 2, 0.00, 0, 1, 280, '2013-03-05', NULL, NULL),
(1347, 1, 12.00, 0, 1, 772, '2013-03-05', NULL, NULL),
(1348, 2, 0.00, 0, 2, 278, '2013-03-05', NULL, NULL),
(1349, 1, 12.00, 0, 1, 771, '2013-03-05', NULL, NULL),
(1350, 4, 0.00, 0, 1, 749, '2013-03-05', NULL, NULL),
(1351, 1, 12.00, 0, 1, 770, '2013-03-05', NULL, NULL),
(1352, 4, 0.00, 0, 1, 748, '2013-03-05', NULL, NULL),
(1353, 1, 12.00, 0, 1, 769, '2013-03-05', NULL, NULL),
(1354, 4, 0.00, 0, 1, 747, '2013-03-05', NULL, NULL),
(1355, 1, 12.00, 0, 1, 768, '2013-03-05', NULL, NULL),
(1356, 4, 0.00, 0, 1, 746, '2013-03-05', NULL, NULL),
(1357, 7, 0.00, 0, 1, 82, '2013-03-05', NULL, NULL),
(1358, 7, 0.00, 0, 1, 81, '2013-03-05', NULL, NULL),
(1359, 7, 0.00, 0, 0, 81, '2013-03-05', NULL, NULL),
(1360, 2, 0.00, 0, 2, 276, '2013-03-05', NULL, NULL),
(1361, 1, 12.00, 0, 1, 767, '2013-03-05', NULL, NULL),
(1362, 15, 0.00, 0, 1, 976, '2013-03-05', NULL, NULL),
(1363, 15, 0.00, 0, 1, 975, '2013-03-05', NULL, NULL),
(1364, 1, 12.00, 0, 1, 766, '2013-03-05', NULL, NULL),
(1365, 4, 0.00, 0, 1, 745, '2013-03-05', NULL, NULL),
(1366, 2, 0.00, 0, 1, 275, '2013-03-05', NULL, NULL),
(1367, 1, 12.00, 0, 1, 765, '2013-03-05', NULL, NULL),
(1368, 1, 12.00, 0, 1, 764, '2013-03-05', NULL, NULL),
(1369, 4, 0.00, 0, 1, 744, '2013-03-05', NULL, NULL),
(1370, 1, 12.00, 0, 1, 763, '2013-03-05', NULL, NULL),
(1371, 2, 0.00, 0, 2, 273, '2013-03-05', NULL, NULL),
(1372, 4, 0.00, 0, 2, 742, '2013-03-05', NULL, NULL),
(1373, 2, 0.00, 0, 2, 271, '2013-03-05', NULL, NULL),
(1374, 15, 0.00, 0, 1, 974, '2013-03-05', NULL, NULL),
(1375, 14, 0.00, 0, 1, 1005, '2013-03-05', NULL, NULL),
(1376, 15, 0.00, 0, 1, 973, '2013-03-05', NULL, NULL),
(1377, 43, 0.20, 0, 1, 4, '2013-03-05', NULL, NULL),
(1378, 43, 0.20, 0, 1, 3, '2013-03-05', NULL, NULL),
(1379, 24, 0.00, 0, 1, 51, '2013-03-05', NULL, NULL),
(1380, 24, 0.00, 0, 0, 51, '2013-03-05', NULL, NULL),
(1381, 1, 12.00, 0, 1, 762, '2013-03-05', NULL, NULL),
(1382, 4, 0.00, 0, 1, 741, '2013-03-05', NULL, NULL),
(1383, 1, 12.00, 0, 0, 762, '2013-03-05', NULL, NULL),
(1384, 4, 0.00, 0, 0, 741, '2013-03-05', NULL, NULL),
(1385, 1, 12.00, 0, 1, 761, '2013-03-05', NULL, NULL),
(1386, 4, 0.00, 0, 1, 740, '2013-03-05', NULL, NULL),
(1387, 1, 12.00, 0, 1, 760, '2013-03-05', NULL, NULL),
(1388, 4, 0.00, 0, 1, 739, '2013-03-05', NULL, NULL),
(1389, 1, 12.00, 0, 1, 759, '2013-03-05', NULL, NULL),
(1390, 4, 0.00, 0, 1, 738, '2013-03-05', NULL, NULL),
(1391, 1, 12.00, 0, 1, 758, '2013-03-05', NULL, NULL),
(1392, 4, 0.00, 0, 1, 737, '2013-03-05', NULL, NULL),
(1393, 1, 12.00, 0, 1, 757, '2013-03-05', NULL, NULL),
(1394, 4, 0.00, 0, 1, 736, '2013-03-05', NULL, NULL),
(1395, 1, 12.00, 0, 1, 756, '2013-03-05', NULL, NULL),
(1396, 4, 0.00, 0, 1, 735, '2013-03-05', NULL, NULL),
(1397, 1, 12.00, 0, 1, 755, '2013-03-05', NULL, NULL),
(1398, 4, 0.00, 0, 1, 734, '2013-03-05', NULL, NULL),
(1399, 1, 12.00, 0, 1, 754, '2013-03-05', NULL, NULL),
(1400, 4, 0.00, 0, 1, 733, '2013-03-05', NULL, NULL),
(1401, 1, 12.00, 0, 1, 753, '2013-03-05', NULL, NULL),
(1402, 4, 0.00, 0, 1, 732, '2013-03-05', NULL, NULL),
(1403, 1, 12.00, 0, 1, 752, '2013-03-05', NULL, NULL),
(1404, 4, 0.00, 0, 1, 731, '2013-03-05', NULL, NULL),
(1405, 1, 12.00, 0, 1, 751, '2013-03-05', NULL, NULL),
(1406, 4, 0.00, 0, 1, 730, '2013-03-05', NULL, NULL),
(1407, 2, 0.00, 0, 2, 269, '2013-03-05', NULL, NULL),
(1408, 2, 0.00, 0, 2, 267, '2013-03-05', NULL, NULL),
(1409, 1, 12.00, 0, 1, 750, '2013-03-05', NULL, NULL),
(1410, 4, 0.00, 0, 1, 729, '2013-03-05', NULL, NULL),
(1411, 4, 0.00, 0, 2, 727, '2013-03-05', NULL, NULL),
(1412, 1, 12.00, 0, 1, 749, '2013-03-05', NULL, NULL),
(1413, 4, 0.00, 0, 1, 726, '2013-03-05', NULL, NULL),
(1414, 1, 12.00, 0, 1, 748, '2013-03-05', NULL, NULL),
(1415, 2, 0.00, 0, 2, 265, '2013-03-05', NULL, NULL),
(1416, 4, 0.00, 0, 2, 724, '2013-03-05', NULL, NULL),
(1417, 2, 0.00, 0, 2, 263, '2013-03-05', NULL, NULL),
(1418, 1, 12.00, 0, 1, 747, '2013-03-05', NULL, NULL),
(1419, 1, 12.00, 0, 1, 746, '2013-03-05', NULL, NULL),
(1420, 4, 0.00, 0, 1, 723, '2013-03-05', NULL, NULL),
(1421, 1, 12.00, 0, 1, 745, '2013-03-05', NULL, NULL),
(1422, 4, 0.00, 0, 1, 722, '2013-03-05', NULL, NULL),
(1423, 1, 12.00, 0, 1, 744, '2013-03-05', NULL, NULL),
(1424, 4, 0.00, 0, 1, 721, '2013-03-05', NULL, NULL),
(1425, 1, 12.00, 0, 1, 743, '2013-03-05', NULL, NULL),
(1426, 4, 0.00, 0, 1, 720, '2013-03-05', NULL, NULL),
(1427, 1, 12.00, 0, 1, 742, '2013-03-05', NULL, NULL),
(1428, 4, 0.00, 0, 1, 719, '2013-03-05', NULL, NULL),
(1429, 1, 12.00, 0, 1, 741, '2013-03-05', NULL, NULL),
(1430, 4, 0.00, 0, 1, 718, '2013-03-05', NULL, NULL),
(1431, 1, 12.00, 0, 1, 740, '2013-03-05', NULL, NULL),
(1432, 4, 0.00, 0, 1, 717, '2013-03-05', NULL, NULL),
(1433, 4, 0.00, 0, 2, 715, '2013-03-05', NULL, NULL),
(1434, 4, 0.00, 0, 2, 713, '2013-03-05', NULL, NULL),
(1435, 4, 0.00, 0, 2, 711, '2013-03-05', NULL, NULL),
(1436, 4, 0.00, 0, 2, 709, '2013-03-05', NULL, NULL),
(1437, 4, 0.00, 0, 2, 707, '2013-03-05', NULL, NULL),
(1438, 1, 12.00, 0, 1, 739, '2013-03-05', NULL, NULL),
(1439, 1, 12.00, 0, 1, 738, '2013-03-05', NULL, NULL),
(1440, 1, 12.00, 0, 1, 737, '2013-03-05', NULL, NULL),
(1441, 2, 0.00, 0, 2, 261, '2013-03-05', NULL, NULL),
(1442, 4, 0.00, 0, 2, 705, '2013-03-05', NULL, NULL),
(1443, 2, 0.00, 0, 2, 259, '2013-03-05', NULL, NULL),
(1444, 4, 0.00, 0, 0, 708, '2013-03-05', NULL, NULL),
(1445, 2, 0.00, 0, 2, 257, '2013-03-05', NULL, NULL),
(1446, 1, 12.00, 0, 1, 736, '2013-03-05', NULL, NULL),
(1447, 2, 0.00, 0, 2, 255, '2013-03-05', NULL, NULL),
(1448, 1, 12.00, 0, 1, 735, '2013-03-05', NULL, NULL),
(1449, 2, 0.00, 0, 2, 253, '2013-03-05', NULL, NULL),
(1450, 1, 12.00, 0, 0, 736, '2013-03-05', NULL, NULL),
(1451, 2, 0.00, 0, 0, 255, '2013-03-05', NULL, NULL),
(1452, 6, 11.00, 0, 1, 6, '2013-03-05', NULL, NULL),
(1453, 6, 11.00, 0, 1, 5, '2013-03-05', NULL, NULL),
(1454, 1, 12.00, 0, 1, 735, '2013-03-05', NULL, NULL),
(1455, 4, 0.00, 0, 1, 707, '2013-03-05', NULL, NULL),
(1456, 1, 12.00, 0, 1, 734, '2013-03-05', NULL, NULL),
(1457, 4, 0.00, 0, 1, 706, '2013-03-05', NULL, NULL),
(1458, 1, 12.00, 0, 1, 733, '2013-03-05', NULL, NULL),
(1459, 4, 0.00, 0, 1, 705, '2013-03-05', NULL, NULL),
(1460, 1, 12.00, 0, 1, 732, '2013-03-05', NULL, NULL),
(1461, 2, 0.00, 0, 2, 253, '2013-03-05', NULL, NULL),
(1462, 4, 0.00, 0, 2, 703, '2013-03-05', NULL, NULL),
(1463, 2, 0.00, 0, 1, 252, '2013-03-05', NULL, NULL),
(1464, 4, 0.00, 0, 1, 702, '2013-03-05', NULL, NULL),
(1465, 1, 12.00, 0, 1, 731, '2013-03-05', NULL, NULL),
(1466, 1, 12.00, 0, 1, 730, '2013-03-05', NULL, NULL),
(1467, 1, 12.00, 0, 1, 729, '2013-03-05', NULL, NULL),
(1468, 4, 0.00, 0, 2, 700, '2013-03-05', NULL, NULL),
(1469, 4, 0.00, 0, 2, 698, '2013-03-05', NULL, NULL),
(1470, 4, 0.00, 0, 2, 696, '2013-03-05', NULL, NULL),
(1471, 2, 0.00, 0, 2, 250, '2013-03-05', NULL, NULL),
(1472, 1, 12.00, 0, 1, 728, '2013-03-05', NULL, NULL),
(1473, 4, 0.00, 0, 1, 695, '2013-03-05', NULL, NULL),
(1474, 1, 12.00, 0, 2, 726, '2013-03-05', NULL, NULL),
(1475, 2, 0.00, 0, 2, 248, '2013-03-05', NULL, NULL),
(1476, 1, 12.00, 0, 2, 724, '2013-03-05', NULL, NULL),
(1477, 5, 0.00, 0, 2, -1, '2013-03-05', NULL, NULL),
(1478, 5, 0.00, 0, 0, 1, '2013-03-05', NULL, NULL),
(1479, 2, 0.00, 0, 1, 247, '2013-03-05', NULL, NULL),
(1480, 2, 0.00, 0, 1, 246, '2013-03-05', NULL, NULL),
(1481, 1, 12.00, 0, 0, 724, '2013-03-05', NULL, NULL),
(1482, 1, 12.00, 0, 2, 722, '2013-03-05', NULL, NULL),
(1483, 24, 0.00, 0, 1, 50, '2013-03-05', NULL, NULL),
(1484, 43, 0.20, 0, 1, 2, '2013-03-05', NULL, NULL),
(1485, 7, 0.00, 0, 1, 80, '2013-03-05', NULL, NULL),
(1486, 6, 11.00, 0, 1, 4, '2013-03-05', NULL, NULL),
(1487, 18, 0.00, 0, 0, 2, '2013-03-05', NULL, NULL),
(1488, 15, 0.00, 0, 1, 972, '2013-03-05', NULL, NULL),
(1489, 14, 0.00, 0, 1, 1004, '2013-03-05', NULL, NULL),
(1490, 2, 0.00, 0, 2, 244, '2013-03-05', NULL, NULL),
(1491, 4, 0.00, 0, 2, 693, '2013-03-05', NULL, NULL),
(1492, 1, 12.00, 0, 1, 721, '2013-03-05', NULL, NULL),
(1493, 4, 0.00, 0, 1, 692, '2013-03-05', NULL, NULL),
(1494, 1, 12.00, 0, 1, 720, '2013-03-05', NULL, NULL),
(1495, 4, 0.00, 0, 1, 691, '2013-03-05', NULL, NULL),
(1496, 1, 12.00, 0, 1, 719, '2013-03-05', NULL, NULL),
(1497, 4, 0.00, 0, 1, 690, '2013-03-05', NULL, NULL),
(1498, 1, 12.00, 0, 1, 718, '2013-03-05', NULL, NULL),
(1499, 4, 0.00, 0, 1, 689, '2013-03-05', NULL, NULL),
(1500, 1, 12.00, 0, 1, 717, '2013-03-05', NULL, NULL),
(1501, 4, 0.00, 0, 1, 688, '2013-03-05', NULL, NULL),
(1502, 1, 12.00, 0, 1, 716, '2013-03-05', NULL, NULL),
(1503, 4, 0.00, 0, 1, 687, '2013-03-05', NULL, NULL),
(1504, 1, 12.00, 0, 0, 716, '2013-03-05', NULL, NULL),
(1505, 4, 0.00, 0, 0, 687, '2013-03-05', NULL, NULL),
(1506, 1, 12.00, 0, 1, 715, '2013-03-05', NULL, NULL),
(1507, 1, 12.00, 0, 1, 714, '2013-03-05', NULL, NULL),
(1508, 4, 0.00, 0, 1, 686, '2013-03-05', NULL, NULL),
(1509, 4, 0.00, 0, 2, 684, '2013-03-05', NULL, NULL),
(1510, 2, 0.00, 0, 2, 242, '2013-03-05', NULL, NULL),
(1511, 4, 0.00, 0, 2, 682, '2013-03-05', NULL, NULL),
(1512, 4, 0.00, 0, 2, 680, '2013-03-05', NULL, NULL),
(1513, 1, 12.00, 0, 2, 712, '2013-03-05', NULL, NULL),
(1514, 2, 0.00, 0, 0, 243, '2013-03-05', NULL, NULL),
(1515, 1, 12.00, 0, 0, 712, '2013-03-05', NULL, NULL),
(1516, 15, 0.00, 0, 0, 972, '2013-03-05', NULL, NULL),
(1517, 14, 0.00, 0, 1, 1003, '2013-03-05', NULL, NULL),
(1518, 14, 0.00, 0, 0, 1006, '2013-03-05', NULL, NULL),
(1519, 1, 12.00, 0, 0, 712, '2013-03-05', NULL, NULL),
(1520, 4, 0.00, 0, 0, 682, '2013-03-05', NULL, NULL),
(1521, 24, 0.00, 0, 1, 49, '2013-03-05', NULL, NULL),
(1522, 24, 0.00, 0, 1, 48, '2013-03-05', NULL, NULL),
(1523, 24, 0.00, 0, 0, 48, '2013-03-05', NULL, NULL),
(1524, 24, 0.00, 0, 1, 47, '2013-03-05', NULL, NULL),
(1525, 24, 0.00, 0, 1, 46, '2013-03-05', NULL, NULL),
(1526, 24, 0.00, 0, 1, 45, '2013-03-05', NULL, NULL),
(1527, 24, 0.00, 0, 1, 44, '2013-03-05', NULL, NULL),
(1528, 24, 0.00, 0, 1, 43, '2013-03-05', NULL, NULL),
(1529, 24, 0.00, 0, 0, 46, '2013-03-05', NULL, NULL),
(1530, 24, 0.00, 0, 1, 45, '2013-03-05', NULL, NULL),
(1531, 24, 0.00, 0, 1, 44, '2013-03-05', NULL, NULL),
(1532, 24, 0.00, 0, 0, 44, '2013-03-05', NULL, NULL),
(1533, 15, 0.00, 0, 1, 971, '2013-03-05', NULL, NULL),
(1534, 4, 0.00, 0, 2, 680, '2013-03-05', NULL, NULL),
(1535, 4, 0.00, 0, 2, 678, '2013-03-05', NULL, NULL),
(1536, 4, 0.00, 0, 2, 676, '2013-03-05', NULL, NULL),
(1537, 4, 0.00, 0, 2, 674, '2013-03-05', NULL, NULL),
(1538, 4, 0.00, 0, 2, 672, '2013-03-05', NULL, NULL),
(1539, 1, 12.00, 0, 1, 711, '2013-03-05', NULL, NULL),
(1540, 4, 0.00, 0, 1, 671, '2013-03-05', NULL, NULL),
(1541, 1, 12.00, 0, 1, 710, '2013-03-05', NULL, NULL),
(1542, 4, 0.00, 0, 1, 670, '2013-03-05', NULL, NULL),
(1543, 1, 12.00, 0, 1, 709, '2013-03-05', NULL, NULL),
(1544, 4, 0.00, 0, 1, 669, '2013-03-05', NULL, NULL),
(1545, 1, 12.00, 0, 1, 708, '2013-03-05', NULL, NULL),
(1546, 4, 0.00, 0, 1, 668, '2013-03-05', NULL, NULL),
(1547, 2, 0.00, 0, 2, 241, '2013-03-05', NULL, NULL),
(1548, 1, 12.00, 0, 1, 707, '2013-03-05', NULL, NULL),
(1549, 4, 0.00, 0, 1, 667, '2013-03-05', NULL, NULL),
(1550, 1, 12.00, 0, 1, 706, '2013-03-05', NULL, NULL),
(1551, 4, 0.00, 0, 1, 666, '2013-03-05', NULL, NULL),
(1552, 1, 12.00, 0, 1, 705, '2013-03-05', NULL, NULL),
(1553, 4, 0.00, 0, 1, 665, '2013-03-05', NULL, NULL),
(1554, 1, 12.00, 0, 1, 704, '2013-03-05', NULL, NULL),
(1555, 4, 0.00, 0, 1, 664, '2013-03-05', NULL, NULL),
(1556, 1, 12.00, 0, 1, 703, '2013-03-05', NULL, NULL),
(1557, 4, 0.00, 0, 1, 663, '2013-03-05', NULL, NULL),
(1558, 1, 12.00, 0, 1, 702, '2013-03-05', NULL, NULL),
(1559, 4, 0.00, 0, 1, 662, '2013-03-05', NULL, NULL),
(1560, 1, 12.00, 0, 1, 701, '2013-03-05', NULL, NULL),
(1561, 4, 0.00, 0, 1, 661, '2013-03-05', NULL, NULL),
(1562, 4, 0.00, 0, 2, 659, '2013-03-05', NULL, NULL),
(1563, 4, 0.00, 0, 2, 657, '2013-03-05', NULL, NULL),
(1564, 4, 0.00, 0, 2, 655, '2013-03-05', NULL, NULL),
(1565, 1, 12.00, 0, 1, 700, '2013-03-05', NULL, NULL),
(1566, 1, 12.00, 0, 1, 699, '2013-03-05', NULL, NULL),
(1567, 1, 12.00, 0, 1, 698, '2013-03-05', NULL, NULL),
(1568, 1, 12.00, 0, 1, 697, '2013-03-05', NULL, NULL),
(1569, 2, 0.00, 0, 2, 239, '2013-03-05', NULL, NULL),
(1570, 4, 0.00, 0, 2, 653, '2013-03-05', NULL, NULL),
(1571, 2, 0.00, 0, 2, 237, '2013-03-05', NULL, NULL),
(1572, 4, 0.00, 0, 2, 651, '2013-03-05', NULL, NULL),
(1573, 2, 0.00, 0, 2, 235, '2013-03-05', NULL, NULL),
(1574, 4, 0.00, 0, 2, 649, '2013-03-05', NULL, NULL),
(1575, 2, 0.00, 0, 2, 233, '2013-03-05', NULL, NULL),
(1576, 4, 0.00, 0, 2, 647, '2013-03-05', NULL, NULL),
(1577, 2, 0.00, 0, 2, 231, '2013-03-05', NULL, NULL),
(1578, 4, 0.00, 0, 2, 645, '2013-03-05', NULL, NULL),
(1579, 2, 0.00, 0, 2, 229, '2013-03-05', NULL, NULL),
(1580, 4, 0.00, 0, 2, 643, '2013-03-05', NULL, NULL),
(1581, 2, 0.00, 0, 2, 227, '2013-03-05', NULL, NULL),
(1582, 4, 0.00, 0, 2, 641, '2013-03-05', NULL, NULL),
(1583, 2, 0.00, 0, 2, 225, '2013-03-05', NULL, NULL),
(1584, 1, 12.00, 0, 1, 696, '2013-03-05', NULL, NULL),
(1585, 2, 0.00, 0, 2, 223, '2013-03-05', NULL, NULL),
(1586, 4, 0.00, 0, 2, 639, '2013-03-05', NULL, NULL),
(1587, 2, 0.00, 0, 2, 221, '2013-03-05', NULL, NULL),
(1588, 1, 12.00, 0, 1, 695, '2013-03-05', NULL, NULL),
(1589, 2, 0.00, 0, 2, 219, '2013-03-05', NULL, NULL),
(1590, 1, 12.00, 0, 1, 694, '2013-03-05', NULL, NULL),
(1591, 2, 0.00, 0, 2, 217, '2013-03-05', NULL, NULL),
(1592, 1, 12.00, 0, 1, 693, '2013-03-05', NULL, NULL),
(1593, 2, 0.00, 0, 2, 215, '2013-03-05', NULL, NULL),
(1594, 1, 12.00, 0, 1, 692, '2013-03-05', NULL, NULL),
(1595, 2, 0.00, 0, 2, 213, '2013-03-05', NULL, NULL),
(1596, 1, 12.00, 0, 1, 691, '2013-03-05', NULL, NULL),
(1597, 2, 0.00, 0, 2, 211, '2013-03-05', NULL, NULL),
(1598, 4, 0.00, 0, 2, 637, '2013-03-05', NULL, NULL),
(1599, 2, 0.00, 0, 2, 209, '2013-03-05', NULL, NULL),
(1600, 1, 12.00, 0, 1, 690, '2013-03-05', NULL, NULL),
(1601, 1, 12.00, 0, 1, 689, '2013-03-05', NULL, NULL),
(1602, 4, 0.00, 0, 2, 635, '2013-03-05', NULL, NULL),
(1603, 4, 0.00, 0, 2, 633, '2013-03-05', NULL, NULL),
(1604, 1, 12.00, 0, 1, 688, '2013-03-05', NULL, NULL),
(1605, 4, 0.00, 0, 1, 632, '2013-03-05', NULL, NULL),
(1606, 1, 12.00, 0, 1, 687, '2013-03-05', NULL, NULL),
(1607, 4, 0.00, 0, 1, 631, '2013-03-05', NULL, NULL),
(1608, 1, 12.00, 0, 0, 690, '2013-03-05', NULL, NULL),
(1609, 4, 0.00, 0, 0, 634, '2013-03-05', NULL, NULL),
(1610, 15, 0.00, 0, 1, 970, '2013-03-05', NULL, NULL),
(1611, 1, 12.00, 0, 1, 689, '2013-03-05', NULL, NULL),
(1612, 4, 0.00, 0, 2, 632, '2013-03-05', NULL, NULL),
(1613, 1, 12.00, 0, 1, 688, '2013-03-05', NULL, NULL),
(1614, 4, 0.00, 0, 1, 631, '2013-03-05', NULL, NULL),
(1615, 1, 12.00, 0, 1, 687, '2013-03-05', NULL, NULL),
(1616, 4, 0.00, 0, 1, 630, '2013-03-05', NULL, NULL),
(1617, 4, 0.00, 0, 2, 628, '2013-03-05', NULL, NULL),
(1618, 2, 0.00, 0, 2, 207, '2013-03-05', NULL, NULL),
(1619, 1, 12.00, 0, 1, 686, '2013-03-05', NULL, NULL),
(1620, 2, 0.00, 0, 2, 205, '2013-03-05', NULL, NULL),
(1621, 4, 0.00, 0, 2, 626, '2013-03-05', NULL, NULL),
(1622, 2, 0.00, 0, 2, 203, '2013-03-05', NULL, NULL),
(1623, 4, 0.00, 0, 2, 624, '2013-03-05', NULL, NULL),
(1624, 2, 0.00, 0, 1, 202, '2013-03-05', NULL, NULL),
(1625, 4, 0.00, 0, 2, 622, '2013-03-05', NULL, NULL),
(1626, 1, 12.00, 0, 1, 685, '2013-03-05', NULL, NULL),
(1627, 4, 0.00, 0, 2, 620, '2013-03-05', NULL, NULL),
(1628, 1, 12.00, 0, 0, 685, '2013-03-05', NULL, NULL),
(1629, 4, 0.00, 0, 0, 620, '2013-03-05', NULL, NULL),
(1630, 15, 0.00, 0, 0, 970, '2013-03-05', NULL, NULL),
(1631, 4, 0.00, 0, 2, 618, '2013-03-05', NULL, NULL),
(1632, 2, 0.00, 0, 2, 200, '2013-03-05', NULL, NULL),
(1633, 1, 12.00, 0, 1, 684, '2013-03-05', NULL, NULL),
(1634, 4, 0.00, 0, 2, 616, '2013-03-05', NULL, NULL),
(1635, 1, 12.00, 0, 1, 683, '2013-03-05', NULL, NULL),
(1636, 2, 0.00, 0, 0, 200, '2013-03-05', NULL, NULL),
(1637, 1, 12.00, 0, 1, 682, '2013-03-05', NULL, NULL),
(1638, 4, 0.00, 0, 1, 615, '2013-03-05', NULL, NULL),
(1639, 1, 12.00, 0, 1, 681, '2013-03-05', NULL, NULL),
(1640, 4, 0.00, 0, 2, 613, '2013-03-05', NULL, NULL),
(1641, 1, 12.00, 0, 1, 680, '2013-03-05', NULL, NULL),
(1642, 4, 0.00, 0, 1, 612, '2013-03-05', NULL, NULL),
(1643, 1, 12.00, 0, 1, 679, '2013-03-05', NULL, NULL),
(1644, 4, 0.00, 0, 1, 611, '2013-03-05', NULL, NULL),
(1645, 1, 12.00, 0, 1, 678, '2013-03-05', NULL, NULL),
(1646, 4, 0.00, 0, 1, 610, '2013-03-05', NULL, NULL),
(1647, 1, 12.00, 0, 1, 677, '2013-03-05', NULL, NULL),
(1648, 4, 0.00, 0, 1, 609, '2013-03-05', NULL, NULL),
(1649, 1, 12.00, 0, 1, 676, '2013-03-05', NULL, NULL),
(1650, 4, 0.00, 0, 1, 608, '2013-03-05', NULL, NULL),
(1651, 1, 12.00, 0, 1, 675, '2013-03-05', NULL, NULL),
(1652, 4, 0.00, 0, 1, 607, '2013-03-05', NULL, NULL),
(1653, 1, 12.00, 0, 1, 674, '2013-03-05', NULL, NULL),
(1654, 4, 0.00, 0, 1, 606, '2013-03-05', NULL, NULL),
(1655, 1, 12.00, 0, 1, 673, '2013-03-05', NULL, NULL),
(1656, 4, 0.00, 0, 1, 605, '2013-03-05', NULL, NULL),
(1657, 1, 12.00, 0, 1, 672, '2013-03-05', NULL, NULL),
(1658, 4, 0.00, 0, 1, 604, '2013-03-05', NULL, NULL),
(1659, 1, 12.00, 0, 1, 671, '2013-03-05', NULL, NULL),
(1660, 4, 0.00, 0, 1, 603, '2013-03-05', NULL, NULL),
(1661, 1, 12.00, 0, 1, 670, '2013-03-05', NULL, NULL),
(1662, 4, 0.00, 0, 1, 602, '2013-03-05', NULL, NULL),
(1663, 1, 12.00, 0, 1, 669, '2013-03-05', NULL, NULL),
(1664, 4, 0.00, 0, 1, 601, '2013-03-05', NULL, NULL),
(1665, 1, 12.00, 0, 1, 668, '2013-03-05', NULL, NULL),
(1666, 4, 0.00, 0, 1, 600, '2013-03-05', NULL, NULL),
(1667, 1, 12.00, 0, 1, 667, '2013-03-05', NULL, NULL),
(1668, 4, 0.00, 0, 0, 607, '2013-03-05', NULL, NULL),
(1669, 1, 12.00, 0, 0, 671, '2013-03-05', NULL, NULL),
(1670, 15, 0.00, 0, 1, 969, '2013-03-05', NULL, NULL),
(1671, 15, 0.00, 0, 1, 968, '2013-03-05', NULL, NULL),
(1672, 15, 0.00, 0, 0, 970, '2013-03-05', NULL, NULL),
(1673, 15, 0.00, 0, 0, 970, '2013-03-05', NULL, NULL),
(1674, 15, 0.00, 0, 1, 969, '2013-03-05', NULL, NULL),
(1675, 1, 12.00, 0, 1, 670, '2013-03-05', NULL, NULL),
(1676, 4, 0.00, 0, 1, 606, '2013-03-05', NULL, NULL),
(1677, 1, 12.00, 0, 1, 669, '2013-03-05', NULL, NULL),
(1678, 2, 0.00, 0, 2, 198, '2013-03-05', NULL, NULL),
(1679, 4, 0.00, 0, 2, 604, '2013-03-05', NULL, NULL),
(1680, 1, 12.00, 0, 1, 668, '2013-03-05', NULL, NULL),
(1681, 4, 0.00, 0, 2, 602, '2013-03-05', NULL, NULL),
(1682, 2, 0.00, 0, 2, 196, '2013-03-05', NULL, NULL),
(1683, 2, 0.00, 0, 2, 194, '2013-03-05', NULL, NULL),
(1684, 1, 12.00, 0, 1, 667, '2013-03-05', NULL, NULL),
(1685, 2, 0.00, 0, 2, 192, '2013-03-05', NULL, NULL),
(1686, 4, 0.00, 0, 2, 600, '2013-03-05', NULL, NULL),
(1687, 2, 0.00, 0, 1, 191, '2013-03-05', NULL, NULL),
(1688, 1, 12.00, 0, 1, 666, '2013-03-05', NULL, NULL),
(1689, 1, 12.00, 0, 1, 665, '2013-03-05', NULL, NULL),
(1690, 1, 12.00, 0, 1, 664, '2013-03-05', NULL, NULL),
(1691, 4, 0.00, 0, 1, 599, '2013-03-05', NULL, NULL),
(1692, 4, 0.00, 0, 2, 597, '2013-03-05', NULL, NULL),
(1693, 2, 0.00, 0, 2, 189, '2013-03-05', NULL, NULL),
(1694, 15, 0.00, 0, 1, 968, '2013-03-05', NULL, NULL),
(1695, 14, 0.00, 0, 1, 1005, '2013-03-05', NULL, NULL),
(1696, 43, 0.20, 0, 1, 1, '2013-03-05', NULL, NULL),
(1697, 6, 11.00, 0, 1, 3, '2013-03-05', NULL, NULL),
(1698, 7, 0.00, 0, 1, 79, '2013-03-05', NULL, NULL),
(1699, 24, 0.00, 0, 1, 43, '2013-03-05', NULL, NULL),
(1700, 24, 0.00, 0, 1, 42, '2013-03-05', NULL, NULL),
(1701, 24, 0.00, 0, 1, 41, '2013-03-05', NULL, NULL),
(1702, 24, 0.00, 0, 1, 40, '2013-03-05', NULL, NULL),
(1703, 24, 0.00, 0, 1, 39, '2013-03-05', NULL, NULL),
(1704, 24, 0.00, 0, 1, 38, '2013-03-05', NULL, NULL),
(1705, 24, 0.00, 0, 0, 42, '2013-03-05', NULL, NULL),
(1706, 43, 0.20, 0, 0, 2, '2013-03-05', NULL, NULL),
(1707, 14, 0.00, 0, 1, 1004, '2013-03-05', NULL, NULL),
(1708, 14, 0.00, 0, 1, 1003, '2013-03-05', NULL, NULL),
(1709, 14, 0.00, 0, 1, 1002, '2013-03-05', NULL, NULL),
(1710, 15, 0.00, 0, 1, 967, '2013-03-05', NULL, NULL),
(1711, 2, 0.00, 0, 1, 188, '2013-03-05', NULL, NULL),
(1712, 4, 0.00, 0, 2, 595, '2013-03-05', NULL, NULL),
(1713, 4, 0.00, 0, 2, 593, '2013-03-05', NULL, NULL),
(1714, 1, 12.00, 0, 1, 663, '2013-03-05', NULL, NULL),
(1715, 1, 12.00, 0, 1, 662, '2013-03-05', NULL, NULL),
(1716, 2, 0.00, 0, 2, 186, '2013-03-05', NULL, NULL),
(1717, 1, 12.00, 0, 1, 661, '2013-03-05', NULL, NULL),
(1718, 4, 0.00, 0, 1, 592, '2013-03-05', NULL, NULL),
(1719, 1, 12.00, 0, 1, 660, '2013-03-05', NULL, NULL),
(1720, 4, 0.00, 0, 1, 591, '2013-03-05', NULL, NULL),
(1721, 1, 12.00, 0, 1, 659, '2013-03-05', NULL, NULL),
(1722, 1, 12.00, 0, 1, 658, '2013-03-05', NULL, NULL),
(1723, 1, 12.00, 0, 1, 657, '2013-03-05', NULL, NULL),
(1724, 4, 0.00, 0, 2, 589, '2013-03-05', NULL, NULL),
(1725, 2, 0.00, 0, 2, 184, '2013-03-05', NULL, NULL),
(1726, 4, 0.00, 0, 2, 587, '2013-03-05', NULL, NULL),
(1727, 2, 0.00, 0, 2, 182, '2013-03-05', NULL, NULL),
(1728, 1, 12.00, 0, 1, 656, '2013-03-05', NULL, NULL),
(1729, 2, 0.00, 0, 1, 181, '2013-03-05', NULL, NULL),
(1730, 4, 0.00, 0, 2, 585, '2013-03-05', NULL, NULL),
(1731, 2, 0.00, 0, 2, 179, '2013-03-05', NULL, NULL),
(1732, 2, 0.00, 0, 2, 177, '2013-03-05', NULL, NULL),
(1733, 1, 12.00, 0, 1, 655, '2013-03-05', NULL, NULL),
(1734, 2, 0.00, 0, 2, 175, '2013-03-05', NULL, NULL),
(1735, 4, 0.00, 0, 2, 583, '2013-03-05', NULL, NULL),
(1736, 2, 0.00, 0, 2, 173, '2013-03-05', NULL, NULL),
(1737, 4, 0.00, 0, 2, 581, '2013-03-05', NULL, NULL),
(1738, 1, 12.00, 0, 1, 654, '2013-03-05', NULL, NULL),
(1739, 4, 0.00, 0, 2, 579, '2013-03-05', NULL, NULL),
(1740, 1, 12.00, 0, 1, 653, '2013-03-05', NULL, NULL),
(1741, 4, 0.00, 0, 1, 578, '2013-03-05', NULL, NULL),
(1742, 2, 0.00, 0, 2, 171, '2013-03-05', NULL, NULL),
(1743, 1, 12.00, 0, 2, 651, '2013-03-05', NULL, NULL),
(1744, 1, 12.00, 0, 2, 649, '2013-03-05', NULL, NULL),
(1745, 4, 0.00, 0, 2, 576, '2013-03-05', NULL, NULL),
(1746, 1, 12.00, 0, 2, 647, '2013-03-05', NULL, NULL),
(1747, 24, 0.00, 0, 1, 41, '2013-03-05', NULL, NULL),
(1748, 24, 0.00, 0, 1, 40, '2013-03-05', NULL, NULL),
(1749, 7, 0.00, 0, 1, 78, '2013-03-05', NULL, NULL),
(1750, 6, 11.00, 0, 1, 2, '2013-03-05', NULL, NULL),
(1751, 15, 0.00, 0, 1, 966, '2013-03-05', NULL, NULL),
(1752, 14, 0.00, 0, 1, 1001, '2013-03-05', NULL, NULL),
(1753, 14, 0.00, 0, 1, 1000, '2013-03-05', NULL, NULL),
(1754, 15, 0.00, 0, 1, 965, '2013-03-05', NULL, NULL),
(1755, 1, 12.00, 0, 1, 646, '2013-03-05', NULL, NULL),
(1756, 4, 0.00, 0, 1, 575, '2013-03-05', NULL, NULL),
(1757, 2, 0.00, 0, 2, 169, '2013-03-05', NULL, NULL),
(1758, 4, 0.00, 0, 2, 573, '2013-03-05', NULL, NULL),
(1759, 2, 0.00, 0, 2, 167, '2013-03-05', NULL, NULL),
(1760, 1, 12.00, 0, 1, 645, '2013-03-05', NULL, NULL),
(1761, 1, 12.00, 0, 1, 644, '2013-03-05', NULL, NULL),
(1762, 1, 12.00, 0, 1, 643, '2013-03-05', NULL, NULL),
(1763, 1, 12.00, 0, 1, 642, '2013-03-05', NULL, NULL),
(1764, 1, 12.00, 0, 1, 641, '2013-03-05', NULL, NULL),
(1765, 4, 0.00, 0, 2, 571, '2013-03-05', NULL, NULL),
(1766, 1, 12.00, 0, 0, 641, '2013-03-05', NULL, NULL),
(1767, 4, 0.00, 0, 0, 571, '2013-03-05', NULL, NULL),
(1768, 1, 12.00, 0, 0, 641, '2013-03-05', NULL, NULL),
(1769, 4, 0.00, 0, 0, 571, '2013-03-05', NULL, NULL),
(1770, 15, 0.00, 0, 0, 967, '2013-03-05', NULL, NULL),
(1771, 2, 0.00, 0, 1, 166, '2013-03-05', NULL, NULL),
(1772, 2, 0.00, 0, 2, 164, '2013-03-05', NULL, NULL),
(1773, 1, 12.00, 0, 1, 640, '2013-03-05', NULL, NULL),
(1774, 2, 0.00, 0, 2, 162, '2013-03-05', NULL, NULL),
(1775, 4, 0.00, 0, 2, 569, '2013-03-05', NULL, NULL),
(1776, 1, 12.00, 0, 1, 639, '2013-03-05', NULL, NULL),
(1777, 1, 12.00, 0, 1, 638, '2013-03-05', NULL, NULL),
(1778, 4, 0.00, 0, 2, 567, '2013-03-05', NULL, NULL),
(1779, 1, 12.00, 0, 1, 637, '2013-03-05', NULL, NULL),
(1780, 4, 0.00, 0, 1, 566, '2013-03-05', NULL, NULL),
(1781, 2, 0.00, 0, 2, 160, '2013-03-05', NULL, NULL),
(1782, 2, 0.00, 0, 2, 158, '2013-03-05', NULL, NULL),
(1783, 1, 12.00, 0, 1, 636, '2013-03-05', NULL, NULL),
(1784, 4, 0.00, 0, 2, 564, '2013-03-05', NULL, NULL),
(1785, 2, 0.00, 0, 2, 156, '2013-03-05', NULL, NULL),
(1786, 1, 12.00, 0, 2, 634, '2013-03-05', NULL, NULL),
(1787, 1, 12.00, 0, 2, 632, '2013-03-05', NULL, NULL),
(1788, 4, 0.00, 0, 2, 562, '2013-03-05', NULL, NULL),
(1789, 4, 0.00, 0, 2, 560, '2013-03-05', NULL, NULL),
(1790, 4, 0.00, 0, 2, 558, '2013-03-05', NULL, NULL),
(1791, 1, 12.00, 0, 2, 630, '2013-03-05', NULL, NULL),
(1792, 2, 0.00, 0, 2, 154, '2013-03-05', NULL, NULL),
(1793, 1, 12.00, 0, 2, 628, '2013-03-05', NULL, NULL),
(1794, 1, 12.00, 0, 2, 626, '2013-03-05', NULL, NULL),
(1795, 24, 0.00, 0, 1, 39, '2013-03-05', NULL, NULL),
(1796, 24, 0.00, 0, 1, 38, '2013-03-05', NULL, NULL),
(1797, 24, 0.00, 0, 1, 37, '2013-03-05', NULL, NULL),
(1798, 7, 0.00, 0, 1, 77, '2013-03-05', NULL, NULL),
(1799, 6, 11.00, 0, 1, 1, '2013-03-05', NULL, NULL),
(1800, 15, 0.00, 0, 1, 966, '2013-03-05', NULL, NULL),
(1801, 14, 0.00, 0, 1, 999, '2013-03-05', NULL, NULL),
(1802, 4, 0.00, 0, 2, 556, '2013-03-05', NULL, NULL),
(1803, 1, 12.00, 0, 1, 625, '2013-03-05', NULL, NULL),
(1804, 4, 0.00, 0, 1, 555, '2013-03-05', NULL, NULL),
(1805, 1, 12.00, 0, 1, 624, '2013-03-05', NULL, NULL),
(1806, 4, 0.00, 0, 1, 554, '2013-03-05', NULL, NULL),
(1807, 2, 0.00, 0, 2, 152, '2013-03-05', NULL, NULL),
(1808, 4, 0.00, 0, 2, 552, '2013-03-05', NULL, NULL),
(1809, 2, 0.00, 0, 2, 150, '2013-03-05', NULL, NULL),
(1810, 4, 0.00, 0, 2, 550, '2013-03-05', NULL, NULL),
(1811, 2, 0.00, 0, 2, 148, '2013-03-05', NULL, NULL),
(1812, 1, 12.00, 0, 1, 623, '2013-03-05', NULL, NULL),
(1813, 2, 0.00, 0, 2, 146, '2013-03-05', NULL, NULL),
(1814, 1, 12.00, 0, 1, 622, '2013-03-05', NULL, NULL),
(1815, 2, 0.00, 0, 1, 145, '2013-03-05', NULL, NULL),
(1816, 4, 0.00, 0, 2, 548, '2013-03-05', NULL, NULL),
(1817, 1, 12.00, 0, 1, 621, '2013-03-05', NULL, NULL),
(1818, 2, 0.00, 0, 2, 143, '2013-03-05', NULL, NULL),
(1819, 1, 12.00, 0, 1, 620, '2013-03-05', NULL, NULL),
(1820, 4, 0.00, 0, 1, 547, '2013-03-05', NULL, NULL),
(1821, 4, 0.00, 0, 2, 545, '2013-03-05', NULL, NULL),
(1822, 1, 12.00, 0, 1, 619, '2013-03-05', NULL, NULL),
(1823, 2, 0.00, 0, 2, 141, '2013-03-05', NULL, NULL),
(1824, 4, 0.00, 0, 2, 543, '2013-03-05', NULL, NULL),
(1825, 2, 0.00, 0, 2, 139, '2013-03-05', NULL, NULL),
(1826, 1, 12.00, 0, 1, 618, '2013-03-05', NULL, NULL),
(1827, 2, 0.00, 0, 1, 138, '2013-03-05', NULL, NULL),
(1828, 1, 12.00, 0, 2, 616, '2013-03-05', NULL, NULL),
(1829, 1, 12.00, 0, 2, 614, '2013-03-05', NULL, NULL),
(1830, 4, 0.00, 0, 2, 541, '2013-03-05', NULL, NULL),
(1831, 1, 12.00, 0, 2, 612, '2013-03-05', NULL, NULL),
(1832, 7, 0.00, 0, 0, 79, '2013-03-05', NULL, NULL),
(1833, 6, 11.00, 0, 0, 3, '2013-03-05', NULL, NULL),
(1834, 15, 0.00, 0, 1, 965, '2013-03-05', NULL, NULL),
(1835, 14, 0.00, 0, 1, 998, '2013-03-05', NULL, NULL),
(1836, 1, 12.00, 0, 1, 611, '2013-03-05', NULL, NULL),
(1837, 4, 0.00, 0, 2, 539, '2013-03-05', NULL, NULL),
(1838, 1, 12.00, 0, 1, 610, '2013-03-05', NULL, NULL),
(1839, 1, 12.00, 0, 1, 609, '2013-03-05', NULL, NULL),
(1840, 4, 0.00, 0, 1, 538, '2013-03-05', NULL, NULL),
(1841, 1, 12.00, 0, 1, 608, '2013-03-05', NULL, NULL),
(1842, 4, 0.00, 0, 1, 537, '2013-03-05', NULL, NULL),
(1843, 1, 12.00, 0, 0, 608, '2013-03-05', NULL, NULL),
(1844, 4, 0.00, 0, 0, 537, '2013-03-05', NULL, NULL),
(1845, 2, 0.00, 0, 2, 136, '2013-03-05', NULL, NULL),
(1846, 2, 0.00, 0, 2, 134, '2013-03-05', NULL, NULL),
(1847, 5, 0.00, 0, 1, 0, '2013-03-05', NULL, NULL),
(1848, 4, 0.00, 0, 2, 535, '2013-03-05', NULL, NULL),
(1849, 2, 0.00, 0, 1, 133, '2013-03-05', NULL, NULL),
(1850, 4, 0.00, 0, 2, 533, '2013-03-05', NULL, NULL),
(1851, 4, 0.00, 0, 2, 531, '2013-03-05', NULL, NULL),
(1852, 4, 0.00, 0, 2, 529, '2013-03-05', NULL, NULL),
(1853, 1, 12.00, 0, 1, 607, '2013-03-05', NULL, NULL),
(1854, 4, 0.00, 0, 1, 528, '2013-03-05', NULL, NULL),
(1855, 1, 12.00, 0, 1, 606, '2013-03-05', NULL, NULL),
(1856, 4, 0.00, 0, 1, 527, '2013-03-05', NULL, NULL),
(1857, 1, 12.00, 0, 0, 606, '2013-03-05', NULL, NULL),
(1858, 4, 0.00, 0, 0, 527, '2013-03-05', NULL, NULL),
(1859, 2, 0.00, 0, 2, 131, '2013-03-05', NULL, NULL),
(1860, 1, 12.00, 0, 1, 605, '2013-03-05', NULL, NULL),
(1861, 2, 0.00, 0, 1, 130, '2013-03-05', NULL, NULL),
(1862, 4, 0.00, 0, 2, 525, '2013-03-05', NULL, NULL),
(1863, 4, 0.00, 0, 2, 523, '2013-03-05', NULL, NULL),
(1864, 4, 0.00, 0, 2, 521, '2013-03-05', NULL, NULL),
(1865, 1, 12.00, 0, 1, 604, '2013-03-05', NULL, NULL),
(1866, 4, 0.00, 0, 1, 520, '2013-03-05', NULL, NULL),
(1867, 1, 12.00, 0, 1, 603, '2013-03-05', NULL, NULL),
(1868, 4, 0.00, 0, 1, 519, '2013-03-05', NULL, NULL),
(1869, 1, 12.00, 0, 1, 602, '2013-03-05', NULL, NULL),
(1870, 4, 0.00, 0, 1, 518, '2013-03-05', NULL, NULL),
(1871, 1, 12.00, 0, 1, 601, '2013-03-05', NULL, NULL),
(1872, 4, 0.00, 0, 1, 517, '2013-03-05', NULL, NULL),
(1873, 1, 12.00, 0, 1, 600, '2013-03-05', NULL, NULL),
(1874, 4, 0.00, 0, 1, 516, '2013-03-05', NULL, NULL),
(1875, 1, 12.00, 0, 1, 599, '2013-03-05', NULL, NULL),
(1876, 4, 0.00, 0, 1, 515, '2013-03-05', NULL, NULL),
(1877, 1, 12.00, 0, 1, 598, '2013-03-05', NULL, NULL),
(1878, 4, 0.00, 0, 1, 514, '2013-03-05', NULL, NULL),
(1879, 1, 12.00, 0, 1, 597, '2013-03-05', NULL, NULL),
(1880, 4, 0.00, 0, 1, 513, '2013-03-05', NULL, NULL),
(1881, 15, 0.00, 0, 1, 964, '2013-03-05', NULL, NULL),
(1882, 15, 0.00, 0, 0, 964, '2013-03-05', NULL, NULL),
(1883, 14, 0.00, 0, 0, 1001, '2013-03-05', NULL, NULL),
(1884, 24, 0.00, 0, 1, 36, '2013-03-05', NULL, NULL),
(1885, 24, 0.00, 0, 0, 38, '2013-03-05', NULL, NULL),
(1886, 1, 12.00, 0, 1, 596, '2013-03-05', NULL, NULL),
(1887, 4, 0.00, 0, 1, 512, '2013-03-05', NULL, NULL),
(1888, 1, 12.00, 0, 1, 595, '2013-03-05', NULL, NULL),
(1889, 4, 0.00, 0, 1, 511, '2013-03-05', NULL, NULL),
(1890, 1, 12.00, 0, 0, 595, '2013-03-05', NULL, NULL),
(1891, 4, 0.00, 0, 0, 511, '2013-03-05', NULL, NULL),
(1892, 1, 12.00, 0, 0, 600, '2013-03-05', NULL, NULL),
(1893, 4, 0.00, 0, 0, 516, '2013-03-05', NULL, NULL),
(1894, 1, 12.00, 0, 1, 599, '2013-03-05', NULL, NULL),
(1895, 4, 0.00, 0, 1, 515, '2013-03-05', NULL, NULL),
(1896, 2, 0.00, 0, 1, 129, '2013-03-05', NULL, NULL),
(1897, 2, 0.00, 0, 1, 128, '2013-03-05', NULL, NULL),
(1898, 2, 0.00, 0, 1, 127, '2013-03-05', NULL, NULL),
(1899, 4, 0.00, 0, 2, 513, '2013-03-05', NULL, NULL),
(1900, 4, 0.00, 0, 2, 511, '2013-03-05', NULL, NULL),
(1901, 2, 0.00, 0, 2, 125, '2013-03-05', NULL, NULL),
(1902, 1, 12.00, 0, 1, 598, '2013-03-05', NULL, NULL),
(1903, 2, 0.00, 0, 2, 123, '2013-03-05', NULL, NULL),
(1904, 1, 12.00, 0, 1, 597, '2013-03-05', NULL, NULL),
(1905, 2, 0.00, 0, 1, 122, '2013-03-05', NULL, NULL),
(1906, 1, 12.00, 0, 1, 596, '2013-03-05', NULL, NULL),
(1907, 1, 12.00, 0, 1, 595, '2013-03-05', NULL, NULL),
(1908, 1, 12.00, 0, 1, 594, '2013-03-05', NULL, NULL),
(1909, 1, 12.00, 0, 1, 593, '2013-03-05', NULL, NULL),
(1910, 1, 12.00, 0, 1, 592, '2013-03-05', NULL, NULL),
(1911, 1, 12.00, 0, 1, 591, '2013-03-05', NULL, NULL),
(1912, 1, 12.00, 0, 1, 590, '2013-03-05', NULL, NULL),
(1913, 1, 12.00, 0, 1, 589, '2013-03-05', NULL, NULL),
(1914, 1, 12.00, 0, 1, 588, '2013-03-05', NULL, NULL),
(1915, 1, 12.00, 0, 1, 587, '2013-03-05', NULL, NULL),
(1916, 1, 12.00, 0, 1, 586, '2013-03-05', NULL, NULL),
(1917, 1, 12.00, 0, 1, 585, '2013-03-05', NULL, NULL),
(1918, 4, 0.00, 0, 1, 510, '2013-03-05', NULL, NULL),
(1919, 4, 0.00, 0, 2, 508, '2013-03-05', NULL, NULL),
(1920, 4, 0.00, 0, 2, 506, '2013-03-05', NULL, NULL),
(1921, 1, 12.00, 0, 1, 584, '2013-03-05', NULL, NULL),
(1922, 4, 0.00, 0, 1, 505, '2013-03-05', NULL, NULL),
(1923, 1, 12.00, 0, 1, 583, '2013-03-05', NULL, NULL),
(1924, 4, 0.00, 0, 1, 504, '2013-03-05', NULL, NULL),
(1925, 1, 12.00, 0, 1, 582, '2013-03-05', NULL, NULL),
(1926, 4, 0.00, 0, 1, 503, '2013-03-05', NULL, NULL),
(1927, 1, 12.00, 0, 1, 581, '2013-03-05', NULL, NULL),
(1928, 4, 0.00, 0, 1, 502, '2013-03-05', NULL, NULL),
(1929, 1, 12.00, 0, 1, 580, '2013-03-05', NULL, NULL),
(1930, 4, 0.00, 0, 1, 501, '2013-03-05', NULL, NULL),
(1931, 1, 12.00, 0, 1, 579, '2013-03-05', NULL, NULL);
INSERT INTO `bodegas` (`id`, `insumo_id`, `preciocompra`, `ingreso`, `salida`, `total`, `fecha`, `lugare_id`, `observaciones`) VALUES
(1932, 4, 0.00, 0, 1, 500, '2013-03-05', NULL, NULL),
(1933, 1, 12.00, 0, 1, 578, '2013-03-05', NULL, NULL),
(1934, 4, 0.00, 0, 1, 499, '2013-03-05', NULL, NULL),
(1935, 1, 12.00, 0, 0, 594, '2013-03-05', NULL, NULL),
(1936, 4, 0.00, 0, 0, 508, '2013-03-05', NULL, NULL),
(1937, 2, 0.00, 0, 0, 135, '2013-03-05', NULL, NULL),
(1938, 15, 0.00, 0, 1, 963, '2013-03-05', NULL, NULL),
(1939, 15, 0.00, 0, 0, 968, '2013-03-05', NULL, NULL),
(1940, 1, 12.00, 0, 1, 593, '2013-03-05', NULL, NULL),
(1941, 2, 0.00, 0, 2, 133, '2013-03-05', NULL, NULL),
(1942, 4, 0.00, 0, 2, 506, '2013-03-05', NULL, NULL),
(1943, 1, 12.00, 0, 1, 592, '2013-03-05', NULL, NULL),
(1944, 4, 0.00, 0, 1, 505, '2013-03-05', NULL, NULL),
(1945, 1, 12.00, 0, 1, 591, '2013-03-05', NULL, NULL),
(1946, 2, 0.00, 0, 2, 131, '2013-03-05', NULL, NULL),
(1947, 4, 0.00, 0, 0, 507, '2013-03-05', NULL, NULL),
(1948, 2, 0.00, 0, 0, 133, '2013-03-05', NULL, NULL),
(1949, 1, 12.00, 0, 1, 590, '2013-03-05', NULL, NULL),
(1950, 1, 12.00, 0, 1, 589, '2013-03-05', NULL, NULL),
(1951, 1, 12.00, 100, 0, 693, '2013-03-05', NULL, NULL),
(1952, 10, 0.00, 100, 0, 100, '2013-03-05', NULL, NULL),
(1953, 18, 0.00, 0, 0, 2, '2013-03-05', NULL, NULL),
(1954, 2, 0.00, 0, 2, 131, '2013-03-05', NULL, NULL),
(1955, 1, 12.00, 0, 2, 691, '2013-03-05', NULL, NULL),
(1956, 2, 0.00, 0, 1, 130, '2013-03-05', NULL, NULL),
(1957, 1, 12.00, 0, 1, 690, '2013-03-05', NULL, NULL),
(1958, 1, 12.00, 0, 2, 688, '2013-03-05', NULL, NULL),
(1959, 4, 0.00, 0, 2, 505, '2013-03-05', NULL, NULL),
(1960, 1, 12.00, 0, 2, 686, '2013-03-05', NULL, NULL),
(1961, 4, 0.00, 0, 2, 503, '2013-03-05', NULL, NULL),
(1962, 4, 0.00, 0, 1, 502, '2013-03-05', NULL, NULL),
(1963, 1, 12.00, 0, 2, 684, '2013-03-05', NULL, NULL),
(1964, 1, 12.00, 0, 0, 684, '2013-03-05', NULL, NULL),
(1965, 14, 0.00, 0, 1, 1000, '2013-03-05', NULL, NULL),
(1966, 15, 0.00, 0, 1, 967, '2013-03-05', NULL, NULL),
(1967, 1, 12.00, 0, 1, 683, '2013-03-05', NULL, NULL),
(1968, 4, 0.00, 0, 2, 500, '2013-03-05', NULL, NULL),
(1969, 2, 0.00, 0, 1, 129, '2013-03-05', NULL, NULL),
(1970, 2, 0.00, 0, 1, 128, '2013-03-05', NULL, NULL),
(1971, 2, 0.00, 0, 1, 127, '2013-03-05', NULL, NULL),
(1972, 1, 12.00, 0, 0, 683, '2013-03-05', NULL, NULL),
(1973, 2, 0.00, 0, 1, 126, '2013-03-06', NULL, NULL),
(1974, 1, 12.00, 850, 0, 1533, '2013-03-06', NULL, NULL),
(1975, 2, 0.00, 500, 0, 626, '2013-03-06', NULL, NULL),
(1976, 2, 0.00, 500, 0, 1126, '2013-03-06', NULL, NULL),
(1977, 2, 0.00, 0, 1, 1125, '2013-03-06', NULL, NULL),
(1978, 2, 0.00, 0, 2, 1123, '2013-03-06', NULL, NULL),
(1979, 1, 12.00, 0, 2, 1531, '2013-03-06', NULL, NULL),
(1980, 1, 12.00, 0, 2, 1529, '2013-03-06', NULL, NULL),
(1981, 14, 0.00, 0, 1, 999, '2013-03-06', NULL, NULL),
(1982, 2, 0.00, 0, 2, 1121, '2013-03-06', NULL, NULL),
(1983, 1, 12.00, 0, 2, 1527, '2013-03-06', NULL, NULL),
(1984, 14, 0.00, 0, 1, 998, '2013-03-06', NULL, NULL),
(1985, 1, 12.00, 0, 2, 1525, '2013-03-06', NULL, NULL),
(1986, 2, 0.00, 0, 2, 1119, '2013-03-06', NULL, NULL),
(1987, 1, 12.00, 0, 1, 1524, '2013-03-06', NULL, NULL),
(1988, 15, 0.00, 0, 1, 966, '2013-03-06', NULL, NULL),
(1989, 15, 0.00, 0, 1, 965, '2013-03-06', NULL, NULL),
(1990, 1, 12.00, 0, 2, 1522, '2013-03-09', NULL, NULL),
(1991, 4, 0.00, 0, 2, 498, '2013-03-09', NULL, NULL),
(1992, 15, 0.00, 0, 1, 964, '2013-03-09', NULL, NULL),
(1993, 1, 12.00, 0, 2, 1520, '2013-03-09', NULL, NULL),
(1994, 4, 0.00, 0, 2, 496, '2013-03-09', NULL, NULL),
(1995, 14, 0.00, 0, 1, 997, '2013-03-09', NULL, NULL),
(1996, 15, 0.00, 0, 1, 963, '2013-03-09', NULL, NULL),
(1997, 1, 12.00, 0, 2, 1518, '2013-03-09', NULL, NULL),
(1998, 1, 12.00, 0, 2, 1516, '2013-03-09', NULL, NULL),
(1999, 2, 0.00, 0, 2, 1117, '2013-03-09', NULL, NULL),
(2000, 1, 12.00, 0, 2, 1514, '2013-03-09', NULL, NULL),
(2001, 2, 0.00, 0, 2, 1115, '2013-03-09', NULL, NULL),
(2002, 1, 12.00, 0, 2, 1512, '2013-03-09', NULL, NULL),
(2003, 2, 0.00, 0, 2, 1113, '2013-03-09', NULL, NULL),
(2004, 1, 12.00, 0, 2, 1510, '2013-03-09', NULL, NULL),
(2005, 2, 0.00, 0, 2, 1111, '2013-03-09', NULL, NULL),
(2006, 1, 12.00, 0, 2, 1508, '2013-03-09', NULL, NULL),
(2007, 1, 12.00, 0, 2, 1506, '2013-03-09', NULL, NULL),
(2008, 4, 0.00, 0, 2, 494, '2013-03-09', NULL, NULL),
(2009, 1, 12.00, 0, 1, 1505, '2013-03-09', NULL, NULL),
(2010, 1, 12.00, 0, 1, 1504, '2013-03-09', NULL, NULL),
(2011, 4, 0.00, 0, 2, 492, '2013-03-09', NULL, NULL),
(2012, 4, 0.00, 0, 2, 490, '2013-03-09', NULL, NULL),
(2013, 1, 12.00, 0, 2, 1502, '2013-03-09', NULL, NULL),
(2014, 1, 12.00, 0, 2, 1500, '2013-03-09', NULL, NULL),
(2015, 14, 0.00, 0, 1, 996, '2013-03-09', NULL, NULL),
(2016, 1, 12.00, 0, 2, 1498, '2013-03-09', NULL, NULL),
(2017, 4, 0.00, 0, 2, 488, '2013-03-09', NULL, NULL),
(2018, 1, 12.00, 0, 1, 1497, '2013-03-09', NULL, NULL),
(2019, 1, 12.00, 0, 2, 1495, '2013-03-09', NULL, NULL),
(2020, 4, 0.00, 0, 2, 486, '2013-03-09', NULL, NULL),
(2021, 1, 12.00, 0, 1, 1494, '2013-03-09', NULL, NULL),
(2022, 1, 12.00, 0, 1, 1493, '2013-03-09', NULL, NULL),
(2023, 14, 0.00, 0, 1, 995, '2013-03-09', NULL, NULL),
(2024, 1, 12.00, 0, 2, 1491, '2013-03-09', NULL, NULL),
(2025, 4, 0.00, 0, 1, 485, '2013-03-09', NULL, NULL),
(2026, 4, 0.00, 0, 2, 483, '2013-03-09', NULL, NULL),
(2027, 1, 12.00, 0, 2, 1489, '2013-03-09', NULL, NULL),
(2028, 2, 0.00, 0, 2, 1109, '2013-03-09', NULL, NULL),
(2029, 1, 12.00, 0, 2, 1487, '2013-03-09', NULL, NULL),
(2030, 2, 0.00, 0, 1, 1108, '2013-03-09', NULL, NULL),
(2031, 1, 12.00, 0, 1, 1486, '2013-03-09', NULL, NULL),
(2032, 1, 12.00, 0, 2, 1484, '2013-03-09', NULL, NULL),
(2033, 4, 0.00, 0, 2, 481, '2013-03-09', NULL, NULL),
(2034, 1, 12.00, 0, 2, 1482, '2013-03-09', NULL, NULL),
(2035, 14, 0.00, 0, 1, 994, '2013-03-09', NULL, NULL),
(2036, 14, 0.00, 0, 0, 995, '2013-03-09', NULL, NULL),
(2037, 1, 12.00, 0, 2, 1480, '2013-03-09', NULL, NULL),
(2038, 18, 0.00, 0, 1, 1, '2013-03-09', NULL, NULL),
(2039, 1, 12.00, 0, 2, 1478, '2013-03-09', NULL, NULL),
(2040, 1, 12.00, 0, 2, 1476, '2013-03-09', NULL, NULL),
(2041, 1, 12.00, 0, 2, 1474, '2013-03-09', NULL, NULL),
(2042, 18, 0.00, 0, 1, 0, '2013-03-09', NULL, NULL),
(2043, 1, 12.00, 0, 2, 1472, '2013-03-09', NULL, NULL),
(2044, 1, 12.00, 0, 2, 1470, '2013-03-09', NULL, NULL),
(2045, 1, 12.00, 0, 2, 1468, '2013-03-09', NULL, NULL),
(2046, 14, 0.00, 0, 1, 994, '2013-03-09', NULL, NULL),
(2047, 1, 12.00, 0, 2, 1466, '2013-03-09', NULL, NULL),
(2048, 14, 0.00, 0, 1, 993, '2013-03-09', NULL, NULL),
(2049, 15, 0.00, 0, 1, 962, '2013-03-09', NULL, NULL),
(2050, 14, 0.00, 0, 1, 992, '2013-03-09', NULL, NULL),
(2051, 1, 12.00, 0, 2, 1464, '2013-03-09', NULL, NULL),
(2052, 15, 0.00, 0, 1, 961, '2013-03-09', NULL, NULL),
(2053, 15, 0.00, 0, 1, 960, '2013-03-09', NULL, NULL),
(2054, 14, 0.00, 0, 1, 991, '2013-03-09', NULL, NULL),
(2055, 14, 0.00, 0, 1, 990, '2013-03-09', NULL, NULL),
(2056, 1, 12.00, 0, 2, 1462, '2013-03-09', NULL, NULL),
(2057, 1, 12.00, 0, 2, 1460, '2013-03-09', NULL, NULL),
(2058, 14, 0.00, 0, 1, 989, '2013-03-09', NULL, NULL),
(2059, 15, 0.00, 0, 1, 959, '2013-03-09', NULL, NULL),
(2060, 14, 0.00, 0, 1, 988, '2013-03-09', NULL, NULL),
(2061, 1, 12.00, 0, 2, 1458, '2013-03-09', NULL, NULL),
(2062, 14, 0.00, 0, 1, 987, '2013-03-09', NULL, NULL),
(2063, 1, 12.00, 0, 1, 1457, '2013-03-09', NULL, NULL),
(2064, 1, 12.00, 0, 2, 1455, '2013-03-09', NULL, NULL),
(2065, 1, 12.00, 0, 2, 1453, '2013-03-09', NULL, NULL),
(2066, 1, 12.00, 0, 2, 1451, '2013-03-09', NULL, NULL),
(2067, 1, 12.00, 0, 2, 1449, '2013-03-09', NULL, NULL),
(2068, 1, 12.00, 0, 2, 1447, '2013-03-09', NULL, NULL),
(2069, 1, 12.00, 0, 2, 1445, '2013-03-09', NULL, NULL),
(2070, 2, 0.00, 0, 2, 1106, '2013-03-09', NULL, NULL),
(2071, 1, 12.00, 0, 2, 1443, '2013-03-09', NULL, NULL),
(2072, 4, 0.00, 0, 2, 479, '2013-03-09', NULL, NULL),
(2073, 2, 0.00, 0, 2, 1104, '2013-03-09', NULL, NULL),
(2074, 4, 0.00, 0, 1, 478, '2013-03-09', NULL, NULL),
(2075, 2, 0.00, 0, 0, 1104, '2013-03-09', NULL, NULL),
(2076, 1, 12.00, 0, 0, 1443, '2013-03-09', NULL, NULL),
(2077, 1, 12.00, 0, 2, 1441, '2013-03-09', NULL, NULL),
(2078, 1, 12.00, 0, 1, 1440, '2013-03-09', NULL, NULL),
(2079, 1, 12.00, 0, 0, 1441, '2013-03-09', NULL, NULL),
(2080, 1, 12.00, 0, 2, 1439, '2013-03-09', NULL, NULL),
(2081, 1, 12.00, 0, 2, 1437, '2013-03-09', NULL, NULL),
(2082, 14, 0.00, 0, 1, 986, '2013-03-09', NULL, NULL),
(2083, 15, 0.00, 0, 1, 958, '2013-03-09', NULL, NULL),
(2084, 1, 12.00, 0, 1, 1436, '2013-03-09', NULL, NULL),
(2085, 1, 12.00, 0, 2, 1434, '2013-03-09', NULL, NULL),
(2086, 1, 12.00, 0, 2, 1432, '2013-03-09', NULL, NULL),
(2087, 1, 12.00, 0, 0, 1432, '2013-03-09', NULL, NULL),
(2088, 1, 12.00, 0, 2, 1430, '2013-03-09', NULL, NULL),
(2089, 1, 12.00, 0, 2, 1428, '2013-03-09', NULL, NULL),
(2090, 1, 12.00, 0, 0, 1428, '2013-03-09', NULL, NULL),
(2091, 1, 12.00, 0, 2, 1426, '2013-03-09', NULL, NULL),
(2092, 1, 12.00, 0, 2, 1424, '2013-03-09', NULL, NULL),
(2093, 1, 12.00, 0, 1, 1423, '2013-03-09', NULL, NULL),
(2094, 14, 0.00, 0, 1, 985, '2013-03-09', NULL, NULL),
(2095, 14, 0.00, 0, 0, 985, '2013-03-09', NULL, NULL),
(2096, 15, 0.00, 0, 1, 957, '2013-03-09', NULL, NULL),
(2097, 14, 0.00, 0, 1, 984, '2013-03-09', NULL, NULL),
(2098, 1, 12.00, 0, 2, 1421, '2013-03-09', NULL, NULL),
(2099, 1, 12.00, 0, 1, 1420, '2013-03-09', NULL, NULL),
(2100, 1, 12.00, 0, 2, 1418, '2013-03-09', NULL, NULL),
(2101, 1, 12.00, 0, 2, 1416, '2013-03-09', NULL, NULL),
(2102, 1, 12.00, 0, 1, 1415, '2013-03-09', NULL, NULL),
(2103, 14, 0.00, 0, 1, 983, '2013-03-09', NULL, NULL),
(2104, 15, 0.00, 0, 1, 956, '2013-03-09', NULL, NULL),
(2105, 14, 0.00, 0, 0, 983, '2013-03-09', NULL, NULL),
(2106, 2, 0.00, 0, 2, 1102, '2013-03-09', NULL, NULL),
(2107, 1, 12.00, 0, 1, 1414, '2013-03-09', NULL, NULL),
(2108, 4, 0.00, 0, 2, 476, '2013-03-09', NULL, NULL),
(2109, 2, 0.00, 0, 2, 1100, '2013-03-09', NULL, NULL),
(2110, 1, 12.00, 0, 2, 1412, '2013-03-09', NULL, NULL),
(2111, 2, 0.00, 0, 2, 1098, '2013-03-09', NULL, NULL),
(2112, 1, 12.00, 0, 1, 1411, '2013-03-09', NULL, NULL),
(2113, 2, 0.00, 0, 2, 1096, '2013-03-09', NULL, NULL),
(2114, 4, 0.00, 0, 2, 474, '2013-03-09', NULL, NULL),
(2115, 4, 0.00, 0, 2, 472, '2013-03-09', NULL, NULL),
(2116, 4, 0.00, 0, 2, 470, '2013-03-09', NULL, NULL),
(2117, 2, 0.00, 0, 2, 1094, '2013-03-09', NULL, NULL),
(2118, 1, 12.00, 0, 2, 1409, '2013-03-09', NULL, NULL),
(2119, 2, 0.00, 0, 2, 1092, '2013-03-09', NULL, NULL),
(2120, 1, 12.00, 0, 2, 1407, '2013-03-09', NULL, NULL),
(2121, 4, 0.00, 0, 2, 468, '2013-03-09', NULL, NULL),
(2122, 14, 0.00, 0, 1, 982, '2013-03-09', NULL, NULL),
(2123, 2, 0.00, 0, 2, 1090, '2013-03-09', NULL, NULL),
(2124, 1, 12.00, 0, 2, 1405, '2013-03-09', NULL, NULL),
(2125, 1, 12.00, 0, 2, 1403, '2013-03-09', NULL, NULL),
(2126, 15, 0.00, 0, 1, 955, '2013-03-09', NULL, NULL),
(2127, 15, 0.00, 0, 0, 955, '2013-03-09', NULL, NULL),
(2128, 1, 12.00, 0, 2, 1401, '2013-03-09', NULL, NULL),
(2129, 1, 12.00, 0, 2, 1399, '2013-03-09', NULL, NULL),
(2130, 14, 0.00, 0, 1, 981, '2013-03-09', NULL, NULL),
(2131, 4, 0.00, 0, 2, 466, '2013-03-09', NULL, NULL),
(2132, 2, 0.00, 0, 2, 1088, '2013-03-10', NULL, NULL),
(2133, 1, 12.00, 0, 1, 1398, '2013-03-10', NULL, NULL),
(2134, 2, 0.00, 0, 2, 1086, '2013-03-10', NULL, NULL),
(2135, 1, 12.00, 0, 1, 1397, '2013-03-10', NULL, NULL),
(2136, 2, 0.00, 0, 2, 1084, '2013-03-10', NULL, NULL),
(2137, 1, 12.00, 0, 1, 1396, '2013-03-10', NULL, NULL),
(2138, 4, 0.00, 0, 1, 465, '2013-03-10', NULL, NULL),
(2139, 14, 0.00, 0, 1, 980, '2013-03-10', NULL, NULL),
(2140, 15, 0.00, 0, 1, 954, '2013-03-10', NULL, NULL),
(2141, 14, 0.00, 0, 1, 979, '2013-03-10', NULL, NULL),
(2142, 1, 12.00, 0, 1, 1395, '2013-03-10', NULL, NULL),
(2143, 4, 0.00, 0, 1, 464, '2013-03-10', NULL, NULL),
(2144, 2, 0.00, 0, 2, 1082, '2013-03-10', NULL, NULL),
(2145, 1, 12.00, 0, 1, 1394, '2013-03-10', NULL, NULL),
(2146, 2, 0.00, 0, 1, 1081, '2013-03-11', NULL, NULL),
(2147, 4, 0.00, 0, 2, 462, '2013-03-11', NULL, NULL),
(2148, 2, 0.00, 0, 2, 1079, '2013-03-11', NULL, NULL),
(2149, 1, 12.00, 0, 1, 1393, '2013-03-11', NULL, NULL),
(2150, 1, 12.00, 0, 1, 1392, '2013-03-11', NULL, NULL),
(2151, 2, 0.00, 0, 2, 1077, '2013-03-11', NULL, NULL),
(2152, 1, 12.00, 0, 1, 1391, '2013-03-11', NULL, NULL),
(2153, 2, 0.00, 0, 2, 1075, '2013-03-11', NULL, NULL),
(2154, 3, 0.00, 20, 0, 20, '2013-03-11', NULL, NULL),
(2155, 2, 0.00, 0, 2, 1073, '2013-03-11', NULL, NULL),
(2156, 3, 0.00, 0, 2, 18, '2013-03-11', NULL, NULL),
(2157, 14, 0.00, 0, 0, 979, '2013-03-11', NULL, NULL),
(2158, 2, 0.00, 0, 1, 1072, '2013-03-11', NULL, NULL),
(2159, 4, 0.00, 0, 1, 461, '2013-03-11', NULL, NULL),
(2160, 2, 0.00, 0, 2, 1070, '2013-03-11', NULL, NULL),
(2161, 1, 12.00, 0, 2, 1389, '2013-03-11', NULL, NULL),
(2162, 10, 0.00, 0, 1, 99, '2013-03-11', NULL, NULL),
(2163, 10, 0.00, 0, 0, 100, '2013-03-11', NULL, NULL),
(2164, 4, 0.00, 0, 2, 459, '2013-03-11', NULL, NULL),
(2165, 2, 0.00, 0, 2, 1068, '2013-03-11', NULL, NULL),
(2166, 4, 0.00, 0, 1, 458, '2013-03-11', NULL, NULL),
(2167, 3, 0.00, 0, 2, 16, '2013-03-11', NULL, NULL),
(2168, 2, 0.00, 0, 0, 1068, '2013-03-11', NULL, NULL),
(2169, 1, 12.00, 0, 1, 1388, '2013-03-11', NULL, NULL),
(2170, 1, 12.00, 0, 0, 1388, '2013-03-11', NULL, NULL),
(2171, 10, 0.00, 0, 0, 100, '2013-03-11', NULL, NULL),
(2172, 14, 0.00, 0, 1, 978, '2013-03-11', NULL, NULL),
(2173, 14, 0.00, 0, 1, 977, '2013-03-11', NULL, NULL),
(2174, 2, 0.00, 0, 2, 1066, '2013-03-11', NULL, NULL),
(2175, 4, 0.00, 0, 2, 456, '2013-03-11', NULL, NULL),
(2176, 2, 0.00, 0, 2, 1064, '2013-03-11', NULL, NULL),
(2177, 1, 12.00, 0, 2, 1386, '2013-03-11', NULL, NULL),
(2178, 3, 0.00, 0, 4, 12, '2013-03-11', NULL, NULL),
(2179, 2, 0.00, 0, 2, 1062, '2013-03-11', NULL, NULL),
(2180, 1, 12.00, 0, 2, 1384, '2013-03-11', NULL, NULL),
(2181, 1, 12.00, 0, 2, 1382, '2013-03-11', NULL, NULL),
(2182, 14, 0.00, 0, 1, 976, '2013-03-11', NULL, NULL),
(2183, 14, 0.00, 0, 1, 975, '2013-03-11', NULL, NULL),
(2184, 10, 0.00, 0, 1, 99, '2013-03-11', NULL, NULL),
(2185, 2, 0.00, 0, 2, 1060, '2013-03-11', NULL, NULL),
(2186, 1, 12.00, 0, 1, 1381, '2013-03-11', NULL, NULL),
(2187, 2, 0.00, 0, 2, 1058, '2013-03-11', NULL, NULL),
(2188, 1, 12.00, 0, 1, 1380, '2013-03-11', NULL, NULL),
(2189, 2, 0.00, 0, 2, 1056, '2013-03-11', NULL, NULL),
(2190, 3, 0.00, 0, 2, 10, '2013-03-11', NULL, NULL),
(2191, 14, 0.00, 0, 1, 974, '2013-03-11', NULL, NULL),
(2192, 10, 0.00, 0, 1, 98, '2013-03-11', NULL, NULL),
(2193, 10, 0.00, 0, 1, 97, '2013-03-11', NULL, NULL),
(2194, 1, 12.00, 0, 2, 1378, '2013-03-11', NULL, NULL),
(2195, 2, 0.00, 0, 1, 1055, '2013-03-11', NULL, NULL),
(2196, 1, 12.00, 0, 1, 1377, '2013-03-11', NULL, NULL),
(2197, 10, 0.00, 0, 1, 96, '2013-03-11', NULL, NULL),
(2198, 10, 0.00, 0, 1, 95, '2013-03-11', NULL, NULL),
(2199, 10, 0.00, 0, 1, 94, '2013-03-11', NULL, NULL),
(2200, 14, 0.00, 0, 1, 973, '2013-03-11', NULL, NULL),
(2201, 3, 0.00, 0, 2, 8, '2013-03-11', NULL, NULL),
(2202, 14, 0.00, 0, 1, 972, '2013-03-11', NULL, NULL),
(2203, 10, 0.00, 0, 1, 93, '2013-03-11', NULL, NULL),
(2204, 10, 0.00, 0, 1, 92, '2013-03-11', NULL, NULL),
(2205, 10, 0.00, 0, 1, 91, '2013-03-11', NULL, NULL),
(2206, 10, 0.00, 0, 1, 90, '2013-03-11', NULL, NULL),
(2207, 10, 0.00, 0, 1, 89, '2013-03-11', NULL, NULL),
(2208, 10, 0.00, 0, 1, 88, '2013-03-11', NULL, NULL),
(2209, 10, 0.00, 0, 0, 89, '2013-03-11', NULL, NULL),
(2210, 10, 0.00, 0, 0, 89, '2013-03-11', NULL, NULL),
(2211, 10, 0.00, 0, 1, 88, '2013-03-11', NULL, NULL),
(2212, 10, 0.00, 0, 0, 93, '2013-03-11', NULL, NULL),
(2213, 14, 0.00, 0, 1, 971, '2013-03-11', NULL, NULL),
(2214, 14, 0.00, 0, 1, 970, '2013-03-11', NULL, NULL),
(2215, 14, 0.00, 0, 0, 971, '2013-03-11', NULL, NULL),
(2216, 14, 0.00, 0, 1, 970, '2013-03-11', NULL, NULL),
(2217, 2, 0.00, 0, 2, 1053, '2013-03-11', NULL, NULL),
(2218, 1, 12.00, 0, 2, 1375, '2013-03-11', NULL, NULL),
(2219, 14, 0.00, 0, 1, 969, '2013-03-11', NULL, NULL),
(2220, 10, 0.00, 0, 1, 92, '2013-03-11', NULL, NULL),
(2221, 2, 0.00, 0, 2, 1051, '2013-03-12', NULL, NULL),
(2222, 1, 12.00, 0, 1, 1374, '2013-03-12', NULL, NULL),
(2223, 14, 0.00, 0, 1, 968, '2013-03-12', NULL, NULL),
(2224, 2, 0.00, 0, 2, 1049, '2013-03-12', NULL, NULL),
(2225, 1, 12.00, 0, 1, 1373, '2013-03-12', NULL, NULL),
(2226, 2, 0.00, 0, 1, 1048, '2013-03-12', NULL, NULL),
(2227, 2, 0.00, 0, 2, 1046, '2013-03-12', NULL, NULL),
(2228, 4, 0.00, 0, 2, 454, '2013-03-12', NULL, NULL),
(2229, 14, 0.00, 0, 1, 967, '2013-03-12', NULL, NULL),
(2230, 10, 0.00, 0, 1, 91, '2013-03-12', NULL, NULL),
(2231, 14, 0.00, 0, 1, 966, '2013-03-12', NULL, NULL),
(2232, 1, 12.00, 0, 2, 1371, '2013-03-12', NULL, NULL),
(2233, 14, 0.00, 0, 1, 965, '2013-03-12', NULL, NULL),
(2234, 10, 0.00, 0, 1, 90, '2013-03-12', NULL, NULL),
(2235, 2, 0.00, 0, 2, 1044, '2013-03-12', NULL, NULL),
(2236, 1, 12.00, 0, 2, 1369, '2013-03-12', NULL, NULL),
(2237, 3, 0.00, 0, 4, 4, '2013-03-12', NULL, NULL),
(2238, 10, 0.00, 0, 1, 89, '2013-03-12', NULL, NULL),
(2239, 2, 0.00, 0, 2, 1042, '2013-03-12', NULL, NULL),
(2240, 1, 12.00, 0, 2, 1367, '2013-03-12', NULL, NULL),
(2241, 1, 12.00, 0, 2, 1365, '2013-03-12', NULL, NULL),
(2242, 14, 0.00, 0, 0, 965, '2013-03-12', NULL, NULL),
(2243, 10, 0.00, 0, 1, 88, '2013-03-12', NULL, NULL),
(2244, 2, 0.00, 0, 1, 1041, '2013-03-12', NULL, NULL),
(2245, 1, 12.00, 0, 1, 1364, '2013-03-12', NULL, NULL),
(2246, 2, 0.00, 0, 2, 1039, '2013-03-12', NULL, NULL),
(2247, 1, 12.00, 0, 2, 1362, '2013-03-12', NULL, NULL),
(2248, 2, 0.00, 0, 2, 1037, '2013-03-12', NULL, NULL),
(2249, 1, 12.00, 0, 2, 1360, '2013-03-12', NULL, NULL),
(2250, 10, 0.00, 0, 1, 87, '2013-03-12', NULL, NULL),
(2251, 2, 0.00, 0, 2, 1035, '2013-03-12', NULL, NULL),
(2252, 1, 12.00, 0, 2, 1358, '2013-03-12', NULL, NULL),
(2253, 14, 0.00, 0, 1, 964, '2013-03-12', NULL, NULL),
(2254, 2, 0.00, 0, 2, 1033, '2013-03-12', NULL, NULL),
(2255, 1, 12.00, 0, 1, 1357, '2013-03-12', NULL, NULL),
(2256, 10, 0.00, 0, 1, 86, '2013-03-12', NULL, NULL),
(2257, 2, 0.00, 0, 2, 1031, '2013-03-12', NULL, NULL),
(2258, 1, 12.00, 0, 1, 1356, '2013-03-12', NULL, NULL),
(2259, 14, 0.00, 0, 1, 963, '2013-03-12', NULL, NULL),
(2260, 2, 0.00, 0, 2, 1029, '2013-03-12', NULL, NULL),
(2261, 1, 12.00, 0, 2, 1354, '2013-03-12', NULL, NULL),
(2262, 14, 0.00, 0, 1, 962, '2013-03-12', NULL, NULL),
(2263, 14, 0.00, 0, 1, 961, '2013-03-12', NULL, NULL),
(2264, 14, 0.00, 0, 1, 960, '2013-03-12', NULL, NULL),
(2265, 2, 0.00, 0, 2, 1027, '2013-03-12', NULL, NULL),
(2266, 1, 12.00, 0, 2, 1352, '2013-03-12', NULL, NULL),
(2267, 10, 0.00, 0, 1, 85, '2013-03-12', NULL, NULL),
(2268, 2, 0.00, 0, 2, 1025, '2013-03-12', NULL, NULL),
(2269, 1, 12.00, 0, 2, 1350, '2013-03-12', NULL, NULL),
(2270, 10, 0.00, 0, 1, 84, '2013-03-12', NULL, NULL),
(2271, 10, 0.00, 0, 0, 84, '2013-03-12', NULL, NULL),
(2272, 2, 0.00, 0, 2, 1023, '2013-03-12', NULL, NULL),
(2273, 1, 12.00, 0, 2, 1348, '2013-03-12', NULL, NULL),
(2274, 2, 0.00, 0, 2, 1021, '2013-03-14', NULL, NULL),
(2275, 1, 12.00, 0, 2, 1346, '2013-03-14', NULL, NULL),
(2276, 2, 0.00, 0, 2, 1019, '2013-03-14', NULL, NULL),
(2277, 1, 12.00, 0, 1, 1345, '2013-03-14', NULL, NULL),
(2278, 14, 0.00, 0, 1, 959, '2013-03-14', NULL, NULL),
(2279, 14, 0.00, 0, 0, 959, '2013-03-14', NULL, NULL),
(2280, 3, 0.00, 0, 2, 2, '2013-03-14', NULL, NULL),
(2281, 10, 0.00, 0, 1, 83, '2013-03-14', NULL, NULL),
(2282, 2, 0.00, 0, 2, 1017, '2013-03-14', NULL, NULL),
(2283, 1, 12.00, 0, 2, 1343, '2013-03-14', NULL, NULL),
(2284, 2, 0.00, 0, 2, 1015, '2013-03-14', NULL, NULL),
(2285, 3, 0.00, 0, 2, 0, '2013-03-14', NULL, NULL),
(2286, 2, 0.00, 0, 2, 1013, '2013-03-14', NULL, NULL),
(2287, 1, 12.00, 0, 2, 1341, '2013-03-14', NULL, NULL),
(2288, 14, 0.00, 0, 1, 958, '2013-03-14', NULL, NULL),
(2289, 14, 0.00, 0, 1, 957, '2013-03-14', NULL, NULL),
(2290, 15, 0.00, 0, 1, 953, '2013-03-14', NULL, NULL),
(2291, 10, 0.00, 0, 1, 82, '2013-03-14', NULL, NULL),
(2292, 10, 0.00, 0, 1, 81, '2013-03-14', NULL, NULL),
(2293, 10, 0.00, 0, 1, 80, '2013-03-14', NULL, NULL),
(2294, 10, 0.00, 0, 0, 81, '2013-03-14', NULL, NULL),
(2295, 14, 0.00, 0, 1, 956, '2013-03-14', NULL, NULL),
(2296, 10, 0.00, 0, 1, 80, '2013-03-14', NULL, NULL),
(2297, 2, 0.00, 0, 2, 1011, '2013-03-14', NULL, NULL),
(2298, 1, 12.00, 0, 2, 1339, '2013-03-14', NULL, NULL),
(2299, 14, 0.00, 0, 1, 955, '2013-03-14', NULL, NULL),
(2300, 15, 0.00, 0, 1, 952, '2013-03-14', NULL, NULL),
(2301, 10, 0.00, 0, 1, 79, '2013-03-14', NULL, NULL),
(2302, 14, 0.00, 0, 1, 954, '2013-03-14', NULL, NULL),
(2303, 10, 0.00, 0, 1, 78, '2013-03-14', NULL, NULL),
(2304, 2, 0.00, 0, 2, 1009, '2013-03-14', NULL, NULL),
(2305, 1, 12.00, 0, 2, 1337, '2013-03-14', NULL, NULL),
(2306, 10, 0.00, 0, 1, 77, '2013-03-14', NULL, NULL),
(2307, 14, 0.00, 0, 1, 953, '2013-03-14', NULL, NULL),
(2308, 10, 0.00, 0, 1, 76, '2013-03-14', NULL, NULL),
(2309, 14, 0.00, 0, 1, 952, '2013-03-14', NULL, NULL),
(2310, 10, 0.00, 0, 1, 75, '2013-03-14', NULL, NULL),
(2311, 14, 0.00, 0, 1, 951, '2013-03-14', NULL, NULL),
(2312, 1, 12.00, 0, 2, 1335, '2013-03-14', NULL, NULL),
(2313, 10, 0.00, 0, 1, 74, '2013-03-14', NULL, NULL),
(2314, 14, 0.00, 0, 1, 950, '2013-03-14', NULL, NULL),
(2315, 14, 0.00, 0, 1, 949, '2013-03-14', NULL, NULL),
(2316, 2, 0.00, 0, 1, 1008, '2013-03-14', NULL, NULL),
(2317, 2, 0.00, 0, 2, 1006, '2013-03-14', NULL, NULL),
(2318, 1, 12.00, 0, 1, 1334, '2013-03-14', NULL, NULL),
(2319, 2, 0.00, 0, 2, 1004, '2013-03-14', NULL, NULL),
(2320, 4, 0.00, 0, 2, 452, '2013-03-14', NULL, NULL),
(2321, 10, 0.00, 0, 1, 73, '2013-03-14', NULL, NULL),
(2322, 2, 0.00, 0, 2, 1002, '2013-03-14', NULL, NULL),
(2323, 4, 0.00, 0, 2, 450, '2013-03-14', NULL, NULL),
(2324, 10, 0.00, 0, 1, 72, '2013-03-14', NULL, NULL),
(2325, 10, 0.00, 0, 1, 71, '2013-03-14', NULL, NULL),
(2326, 10, 0.00, 0, 1, 70, '2013-03-14', NULL, NULL),
(2327, 1, 12.00, 0, 2, 1332, '2013-03-14', NULL, NULL),
(2328, 2, 0.00, 0, 2, 1000, '2013-03-14', NULL, NULL),
(2329, 1, 12.00, 0, 1, 1331, '2013-03-14', NULL, NULL),
(2330, 1, 12.00, 0, 2, 1329, '2013-03-14', NULL, NULL),
(2331, 10, 0.00, 0, 1, 69, '2013-03-14', NULL, NULL),
(2332, 2, 0.00, 0, 2, 998, '2013-03-14', NULL, NULL),
(2333, 1, 12.00, 0, 2, 1327, '2013-03-14', NULL, NULL),
(2334, 10, 0.00, 0, 1, 68, '2013-03-14', NULL, NULL),
(2335, 1, 12.00, 0, 2, 1325, '2013-03-14', NULL, NULL),
(2336, 10, 0.00, 0, 1, 67, '2013-03-14', NULL, NULL),
(2337, 11, 0.00, 1000, 0, 1000, '2013-03-14', NULL, NULL),
(2338, 26, 700.00, 1, 0, 1, '2013-03-14', NULL, NULL),
(2339, 2, 0.00, 0, 2, 996, '2013-03-16', NULL, NULL),
(2340, 1, 12.00, 0, 2, 1323, '2013-03-16', NULL, NULL),
(2341, 1, 12.00, 0, 2, 1321, '2013-03-16', NULL, NULL),
(2342, 15, 0.00, 0, 1, 951, '2013-03-16', NULL, NULL),
(2343, 14, 0.00, 0, 1, 948, '2013-03-16', NULL, NULL),
(2344, 1, 12.00, 0, 2, 1319, '2013-03-16', NULL, NULL),
(2345, 14, 0.00, 0, 1, 947, '2013-03-16', NULL, NULL),
(2346, 14, 0.00, 0, 1, 946, '2013-03-16', NULL, NULL),
(2347, 10, 0.00, 0, 1, 66, '2013-03-16', NULL, NULL),
(2348, 2, 0.00, 0, 2, 994, '2013-03-16', NULL, NULL),
(2349, 1, 12.00, 0, 2, 1317, '2013-03-16', NULL, NULL),
(2350, 14, 0.00, 0, 1, 945, '2013-03-16', NULL, NULL),
(2351, 14, 0.00, 0, 1, 944, '2013-03-16', NULL, NULL),
(2352, 14, 0.00, 0, 1, 943, '2013-03-16', NULL, NULL),
(2353, 1, 12.00, 0, 2, 1315, '2013-03-16', NULL, NULL),
(2354, 1, 12.00, 0, 2, 1313, '2013-03-16', NULL, NULL),
(2355, 14, 0.00, 0, 1, 942, '2013-03-16', NULL, NULL),
(2356, 15, 0.00, 0, 1, 950, '2013-03-16', NULL, NULL),
(2357, 2, 0.00, 0, 2, 992, '2013-03-16', NULL, NULL),
(2358, 1, 12.00, 0, 2, 1311, '2013-03-16', NULL, NULL),
(2359, 15, 0.00, 0, 1, 949, '2013-03-16', NULL, NULL),
(2360, 14, 0.00, 0, 1, 941, '2013-03-16', NULL, NULL),
(2361, 4, 0.00, 0, 2, 448, '2013-03-16', NULL, NULL),
(2362, 2, 0.00, 0, 2, 990, '2013-03-16', NULL, NULL),
(2363, 1, 12.00, 0, 1, 1310, '2013-03-16', NULL, NULL),
(2364, 3, 0.00, 30, 0, 30, '2013-03-16', NULL, NULL),
(2365, 3, 0.00, 0, 2, 28, '2013-03-16', NULL, NULL),
(2366, 4, 0.00, 0, 2, 446, '2013-03-16', NULL, NULL),
(2367, 54, 0.00, 7, 0, 7, '2013-03-16', NULL, NULL),
(2368, 54, 0.00, 0, 1, 6, '2013-03-16', NULL, NULL),
(2369, 5, 0.00, 50, 0, 50, '2013-03-16', NULL, NULL),
(2370, 5, 0.00, 0, 1, 49, '2013-03-16', NULL, NULL),
(2371, 2, 0.00, 0, 1, 989, '2013-03-16', NULL, NULL),
(2372, 55, 0.00, 50, 0, 50, '2013-03-16', NULL, NULL),
(2373, 55, 0.00, 0, 4, 46, '2013-03-16', NULL, NULL),
(2374, 56, 0.00, 20, 0, 20, '2013-03-16', NULL, NULL),
(2375, 1, 12.00, 0, 1, 1309, '2013-03-16', NULL, NULL),
(2376, 55, 0.00, 0, 3, 43, '2013-03-16', NULL, NULL),
(2377, 1, 12.00, 0, 1, 1308, '2013-03-16', NULL, NULL),
(2378, 55, 0.00, 0, 3, 40, '2013-03-16', NULL, NULL),
(2379, 2, 0.00, 0, 2, 987, '2013-03-16', NULL, NULL),
(2380, 1, 12.00, 0, 1, 1307, '2013-03-16', NULL, NULL),
(2381, 2, 0.00, 0, 2, 985, '2013-03-16', NULL, NULL),
(2382, 1, 12.00, 0, 1, 1306, '2013-03-16', NULL, NULL),
(2383, 1, 12.00, 0, 2, 1304, '2013-03-16', NULL, NULL),
(2384, 6, 11.00, 100, 0, 103, '2013-03-16', NULL, NULL),
(2385, 6, 11.00, 0, 1, 102, '2013-03-16', NULL, NULL),
(2386, 6, 11.00, 0, 1, 101, '2013-03-16', NULL, NULL),
(2387, 33, 0.00, 5, 0, 5, '2013-03-16', NULL, NULL),
(2388, 30, 0.00, 5, 0, 5, '2013-03-16', NULL, NULL),
(2389, 30, 0.00, 0, 1, 4, '2013-03-16', NULL, NULL),
(2390, 9, 12.00, 60, 0, 60, '2013-03-16', NULL, NULL),
(2391, 9, 12.00, 0, 1, 59, '2013-03-16', NULL, NULL),
(2392, 9, 12.00, 0, 1, 58, '2013-03-16', NULL, NULL),
(2393, 9, 12.00, 0, 1, 57, '2013-03-16', NULL, NULL),
(2394, 9, 12.00, 0, 1, 56, '2013-03-16', NULL, NULL),
(2395, 9, 12.00, 0, 1, 55, '2013-03-16', NULL, NULL),
(2396, 9, 12.00, 0, 1, 54, '2013-03-16', NULL, NULL),
(2397, 14, 0.00, 0, 0, 941, '2013-03-16', NULL, NULL),
(2398, 9, 12.00, 0, 1, 53, '2013-03-16', NULL, NULL),
(2399, 5, 0.00, 0, 1, 48, '2013-03-16', NULL, NULL),
(2400, 2, 0.00, 0, 1, 984, '2013-03-16', NULL, NULL),
(2401, 5, 0.00, 0, 1, 47, '2013-03-16', NULL, NULL),
(2402, 2, 0.00, 0, 1, 983, '2013-03-16', NULL, NULL),
(2403, 57, 0.00, 10, 0, 10, '2013-03-16', NULL, NULL),
(2404, 57, 0.00, 0, 1, 9, '2013-03-16', NULL, NULL),
(2405, 15, 0.00, 0, 1, 948, '2013-03-16', NULL, NULL),
(2406, 9, 12.00, 0, 0, 53, '2013-03-16', NULL, NULL),
(2407, 5, 0.00, 0, 1, 46, '2013-03-16', NULL, NULL),
(2408, 2, 0.00, 0, 1, 982, '2013-03-16', NULL, NULL),
(2409, 5, 0.00, 0, 0, 47, '2013-03-16', NULL, NULL),
(2410, 2, 0.00, 0, 0, 983, '2013-03-16', NULL, NULL),
(2411, 57, 0.00, 0, 0, 9, '2013-03-16', NULL, NULL),
(2412, 6, 11.00, 0, 1, 100, '2013-03-16', NULL, NULL),
(2413, 6, 11.00, 0, 1, 99, '2013-03-16', NULL, NULL),
(2414, 14, 0.00, 0, 0, 941, '2013-03-16', NULL, NULL),
(2415, 15, 0.00, 0, 1, 947, '2013-03-16', NULL, NULL),
(2416, 9, 12.00, 0, 1, 52, '2013-03-16', NULL, NULL),
(2417, 9, 12.00, 0, 1, 51, '2013-03-16', NULL, NULL),
(2418, 9, 12.00, 0, 1, 50, '2013-03-16', NULL, NULL),
(2419, 9, 12.00, 0, 1, 49, '2013-03-16', NULL, NULL),
(2420, 20, 0.00, 10, 0, 10, '2013-03-16', NULL, NULL),
(2421, 20, 0.00, 0, 1, 9, '2013-03-16', NULL, NULL),
(2422, 58, 0.00, 10, 0, 10, '2013-03-16', NULL, NULL),
(2423, 59, 0.00, 10, 0, 10, '2013-03-16', NULL, NULL),
(2424, 60, 0.00, 5, 0, 5, '2013-03-16', NULL, NULL),
(2425, 61, 0.00, 5, 0, 5, '2013-03-16', NULL, NULL),
(2426, 5, 0.00, 0, 1, 46, '2013-03-16', NULL, NULL),
(2427, 2, 0.00, 0, 1, 982, '2013-03-16', NULL, NULL),
(2428, 5, 0.00, 0, 1, 45, '2013-03-16', NULL, NULL),
(2429, 2, 0.00, 0, 1, 981, '2013-03-16', NULL, NULL),
(2430, 2, 0.00, 0, 2, 979, '2013-03-16', NULL, NULL),
(2431, 3, 0.00, 0, 2, 26, '2013-03-16', NULL, NULL),
(2432, 1, 12.00, 0, 2, 1302, '2013-03-16', NULL, NULL),
(2433, 21, 0.00, 30, 0, 30, '2013-03-16', NULL, NULL),
(2434, 21, 0.00, 0, 1, 29, '2013-03-16', NULL, NULL),
(2435, 24, 0.00, 0, 1, 37, '2013-03-16', NULL, NULL),
(2436, 58, 0.00, 0, 1, 9, '2013-03-16', NULL, NULL),
(2437, 58, 0.00, 0, 1, 8, '2013-03-16', NULL, NULL),
(2438, 14, 0.00, 0, 1, 940, '2013-03-16', NULL, NULL),
(2439, 20, 0.00, 0, 1, 8, '2013-03-16', NULL, NULL),
(2440, 20, 0.00, 0, 1, 7, '2013-03-16', NULL, NULL),
(2441, 2, 0.00, 0, 2, 977, '2013-03-16', NULL, NULL),
(2442, 1, 12.00, 0, 1, 1301, '2013-03-16', NULL, NULL),
(2443, 2, 0.00, 0, 2, 975, '2013-03-16', NULL, NULL),
(2444, 1, 12.00, 0, 1, 1300, '2013-03-16', NULL, NULL),
(2445, 15, 0.00, 0, 1, 946, '2013-03-16', NULL, NULL),
(2446, 5, 0.00, 0, 0, 45, '2013-03-16', NULL, NULL),
(2447, 2, 0.00, 0, 0, 975, '2013-03-16', NULL, NULL),
(2448, 5, 0.00, 0, 0, 45, '2013-03-16', NULL, NULL),
(2449, 3, 0.00, 0, 1, 25, '2013-03-16', NULL, NULL),
(2450, 3, 0.00, 0, 2, 23, '2013-03-16', NULL, NULL),
(2451, 4, 0.00, 0, 2, 444, '2013-03-16', NULL, NULL),
(2452, 3, 0.00, 0, 2, 21, '2013-03-16', NULL, NULL),
(2453, 1, 12.00, 0, 1, 1299, '2013-03-16', NULL, NULL),
(2454, 5, 0.00, 0, 1, 44, '2013-03-16', NULL, NULL),
(2455, 3, 0.00, 0, 2, 19, '2013-03-16', NULL, NULL),
(2456, 6, 11.00, 0, 1, 98, '2013-03-16', NULL, NULL),
(2457, 14, 0.00, 0, 1, 939, '2013-03-16', NULL, NULL),
(2458, 10, 0.00, 0, 1, 65, '2013-03-16', NULL, NULL),
(2459, 21, 0.00, 0, 1, 28, '2013-03-16', NULL, NULL),
(2460, 24, 0.00, 0, 1, 36, '2013-03-16', NULL, NULL),
(2461, 2, 0.00, 0, 2, 973, '2013-03-16', NULL, NULL),
(2462, 1, 12.00, 0, 1, 1298, '2013-03-16', NULL, NULL),
(2463, 2, 0.00, 0, 2, 971, '2013-03-16', NULL, NULL),
(2464, 1, 12.00, 0, 1, 1297, '2013-03-16', NULL, NULL),
(2465, 3, 0.00, 0, 2, 17, '2013-03-16', NULL, NULL),
(2466, 1, 12.00, 0, 1, 1296, '2013-03-16', NULL, NULL),
(2467, 56, 0.00, 0, 1, 19, '2013-03-16', NULL, NULL),
(2468, 6, 11.00, 0, 1, 97, '2013-03-16', NULL, NULL),
(2469, 9, 12.00, 0, 1, 48, '2013-03-16', NULL, NULL),
(2470, 9, 12.00, 0, 1, 47, '2013-03-16', NULL, NULL),
(2471, 9, 12.00, 0, 1, 46, '2013-03-16', NULL, NULL),
(2472, 9, 12.00, 0, 1, 45, '2013-03-16', NULL, NULL),
(2473, 29, 0.00, 5, 0, 5, '2013-03-16', NULL, NULL),
(2474, 29, 0.00, 0, 1, 4, '2013-03-16', NULL, NULL),
(2475, 5, 0.00, 0, 1, 43, '2013-03-16', NULL, NULL),
(2476, 2, 0.00, 0, 1, 970, '2013-03-16', NULL, NULL),
(2477, 5, 0.00, 0, 1, 42, '2013-03-16', NULL, NULL),
(2478, 2, 0.00, 0, 1, 969, '2013-03-16', NULL, NULL),
(2479, 2, 0.00, 0, 2, 967, '2013-03-16', NULL, NULL),
(2480, 3, 0.00, 0, 2, 15, '2013-03-16', NULL, NULL),
(2481, 3, 0.00, 0, 1, 14, '2013-03-16', NULL, NULL),
(2482, 4, 0.00, 0, 1, 443, '2013-03-16', NULL, NULL),
(2483, 2, 0.00, 0, 2, 965, '2013-03-16', NULL, NULL),
(2484, 4, 0.00, 0, 2, 441, '2013-03-16', NULL, NULL),
(2485, 21, 0.00, 0, 1, 27, '2013-03-16', NULL, NULL),
(2486, 24, 0.00, 0, 1, 35, '2013-03-16', NULL, NULL),
(2487, 14, 0.00, 0, 1, 938, '2013-03-16', NULL, NULL),
(2488, 15, 0.00, 0, 1, 945, '2013-03-16', NULL, NULL),
(2489, 14, 0.00, 0, 1, 937, '2013-03-16', NULL, NULL),
(2490, 5, 0.00, 0, 1, 41, '2013-03-16', NULL, NULL),
(2491, 2, 0.00, 0, 1, 964, '2013-03-16', NULL, NULL),
(2492, 3, 0.00, 0, 2, 12, '2013-03-16', NULL, NULL),
(2493, 4, 0.00, 0, 2, 439, '2013-03-16', NULL, NULL),
(2494, 9, 12.00, 0, 1, 44, '2013-03-16', NULL, NULL),
(2495, 5, 0.00, 0, 1, 40, '2013-03-16', NULL, NULL),
(2496, 2, 0.00, 0, 1, 963, '2013-03-16', NULL, NULL),
(2497, 5, 0.00, 0, 1, 39, '2013-03-16', NULL, NULL),
(2498, 2, 0.00, 0, 1, 962, '2013-03-16', NULL, NULL),
(2499, 5, 0.00, 0, 1, 38, '2013-03-16', NULL, NULL),
(2500, 2, 0.00, 0, 1, 961, '2013-03-16', NULL, NULL),
(2501, 2, 0.00, 0, 2, 959, '2013-03-16', NULL, NULL),
(2502, 3, 0.00, 0, 2, 10, '2013-03-16', NULL, NULL),
(2503, 2, 0.00, 0, 2, 957, '2013-03-16', NULL, NULL),
(2504, 3, 0.00, 0, 2, 8, '2013-03-16', NULL, NULL),
(2505, 2, 0.00, 0, 2, 955, '2013-03-16', NULL, NULL),
(2506, 1, 12.00, 0, 1, 1295, '2013-03-16', NULL, NULL),
(2507, 15, 0.00, 0, 1, 944, '2013-03-16', NULL, NULL),
(2508, 2, 0.00, 0, 2, 953, '2013-03-16', NULL, NULL),
(2509, 3, 0.00, 0, 2, 6, '2013-03-16', NULL, NULL),
(2510, 2, 0.00, 0, 2, 951, '2013-03-16', NULL, NULL),
(2511, 3, 0.00, 0, 2, 4, '2013-03-16', NULL, NULL),
(2512, 2, 0.00, 0, 2, 949, '2013-03-16', NULL, NULL),
(2513, 3, 0.00, 0, 2, 2, '2013-03-16', NULL, NULL),
(2514, 2, 0.00, 0, 2, 947, '2013-03-16', NULL, NULL),
(2515, 4, 0.00, 0, 2, 437, '2013-03-16', NULL, NULL),
(2516, 1, 12.00, 0, 1, 1294, '2013-03-16', NULL, NULL),
(2517, 55, 0.00, 0, 3, 37, '2013-03-16', NULL, NULL),
(2518, 1, 12.00, 0, 1, 1293, '2013-03-16', NULL, NULL),
(2519, 55, 0.00, 0, 3, 34, '2013-03-16', NULL, NULL),
(2520, 57, 0.00, 0, 1, 8, '2013-03-16', NULL, NULL),
(2521, 14, 0.00, 0, 1, 936, '2013-03-16', NULL, NULL),
(2522, 28, 12.00, 10, 0, 10, '2013-03-16', NULL, NULL),
(2523, 28, 12.00, 0, 1, 9, '2013-03-16', NULL, NULL),
(2524, 28, 12.00, 0, 1, 8, '2013-03-16', NULL, NULL),
(2525, 9, 12.00, 0, 1, 43, '2013-03-16', NULL, NULL),
(2526, 9, 12.00, 0, 1, 42, '2013-03-16', NULL, NULL),
(2527, 2, 0.00, 0, 2, 945, '2013-03-16', NULL, NULL),
(2528, 3, 0.00, 0, 2, 0, '2013-03-16', NULL, NULL),
(2529, 2, 0.00, 0, 2, 943, '2013-03-16', NULL, NULL),
(2530, 2, 0.00, 0, 2, 941, '2013-03-16', NULL, NULL),
(2531, 2, 0.00, 0, 2, 939, '2013-03-16', NULL, NULL),
(2532, 4, 0.00, 0, 2, 435, '2013-03-16', NULL, NULL),
(2533, 1, 12.00, 0, 2, 1291, '2013-03-16', NULL, NULL),
(2534, 58, 0.00, 0, 1, 7, '2013-03-16', NULL, NULL),
(2535, 3, 0.00, 10, 0, 10, '2013-03-16', NULL, NULL),
(2536, 2, 0.00, 0, 2, 937, '2013-03-16', NULL, NULL),
(2537, 3, 0.00, 0, 2, 8, '2013-03-16', NULL, NULL),
(2538, 7, 0.00, 0, 1, 78, '2013-03-16', NULL, NULL),
(2539, 20, 0.00, 0, 1, 6, '2013-03-16', NULL, NULL),
(2540, 7, 0.00, 0, 1, 77, '2013-03-16', NULL, NULL),
(2541, 32, 0.00, 10, 0, 10, '2013-03-16', NULL, NULL),
(2542, 32, 0.00, 0, 1, 9, '2013-03-16', NULL, NULL),
(2543, 10, 0.00, 0, 1, 64, '2013-03-16', NULL, NULL),
(2544, 14, 0.00, 0, 1, 935, '2013-03-16', NULL, NULL),
(2545, 1, 12.00, 0, 2, 1289, '2013-03-16', NULL, NULL),
(2546, 58, 0.00, 0, 1, 6, '2013-03-16', NULL, NULL),
(2547, 58, 0.00, 0, 1, 5, '2013-03-16', NULL, NULL),
(2548, 9, 12.00, 0, 1, 41, '2013-03-16', NULL, NULL),
(2549, 9, 12.00, 0, 1, 40, '2013-03-16', NULL, NULL),
(2550, 32, 0.00, 0, 0, 9, '2013-03-16', NULL, NULL),
(2551, 6, 11.00, 0, 1, 96, '2013-03-16', NULL, NULL),
(2552, 5, 0.00, 0, 1, 37, '2013-03-16', NULL, NULL),
(2553, 2, 0.00, 0, 1, 936, '2013-03-16', NULL, NULL),
(2554, 5, 0.00, 0, 1, 36, '2013-03-16', NULL, NULL),
(2555, 2, 0.00, 0, 1, 935, '2013-03-16', NULL, NULL),
(2556, 3, 0.00, 0, 2, 6, '2013-03-16', NULL, NULL),
(2557, 4, 0.00, 0, 2, 433, '2013-03-16', NULL, NULL),
(2558, 21, 0.00, 0, 1, 26, '2013-03-16', NULL, NULL),
(2559, 24, 0.00, 0, 1, 34, '2013-03-16', NULL, NULL),
(2560, 24, 0.00, 0, 1, 33, '2013-03-16', NULL, NULL),
(2561, 63, 0.00, 20, 0, 20, '2013-03-16', NULL, NULL),
(2562, 63, 0.00, 0, 1, 19, '2013-03-16', NULL, NULL),
(2563, 63, 0.00, 0, 1, 18, '2013-03-16', NULL, NULL),
(2564, 19, 0.00, 20, 0, 20, '2013-03-16', NULL, NULL),
(2565, 19, 0.00, 0, 1, 19, '2013-03-16', NULL, NULL),
(2566, 2, 0.00, 0, 2, 933, '2013-03-16', NULL, NULL),
(2567, 1, 12.00, 0, 1, 1288, '2013-03-16', NULL, NULL),
(2568, 55, 0.00, 0, 4, 30, '2013-03-16', NULL, NULL),
(2569, 24, 0.00, 0, 1, 32, '2013-03-16', NULL, NULL),
(2570, 24, 0.00, 1000, 0, 1032, '2013-03-16', NULL, NULL),
(2571, 23, 0.00, 1000, 0, 1000, '2013-03-16', NULL, NULL),
(2572, 22, 0.00, 1000, 0, 1000, '2013-03-16', NULL, NULL),
(2573, 22, 0.00, 0, 1, 999, '2013-03-16', NULL, NULL),
(2574, 23, 0.00, 0, 1, 999, '2013-03-16', NULL, NULL),
(2575, 24, 0.00, 0, 1, 1031, '2013-03-16', NULL, NULL),
(2576, 15, 0.00, 0, 1, 943, '2013-03-16', NULL, NULL),
(2577, 9, 12.00, 0, 1, 39, '2013-03-16', NULL, NULL),
(2578, 21, 0.00, 0, 1, 25, '2013-03-16', NULL, NULL),
(2579, 24, 0.00, 0, 1, 1030, '2013-03-16', NULL, NULL),
(2580, 5, 0.00, 0, 1, 35, '2013-03-16', NULL, NULL),
(2581, 3, 0.00, 0, 2, 4, '2013-03-16', NULL, NULL),
(2582, 5, 0.00, 0, 1, 34, '2013-03-16', NULL, NULL),
(2583, 3, 0.00, 0, 2, 2, '2013-03-16', NULL, NULL),
(2584, 1, 12.00, 0, 2, 1286, '2013-03-16', NULL, NULL),
(2585, 58, 0.00, 0, 1, 4, '2013-03-16', NULL, NULL),
(2586, 15, 0.00, 0, 1, 942, '2013-03-16', NULL, NULL),
(2587, 20, 0.00, 0, 0, 8, '2013-03-16', NULL, NULL),
(2588, 29, 0.00, 0, 1, 3, '2013-03-16', NULL, NULL),
(2589, 21, 0.00, 0, 0, 25, '2013-03-16', NULL, NULL),
(2590, 24, 0.00, 0, 1, 1029, '2013-03-16', NULL, NULL),
(2591, 63, 0.00, 0, 1, 17, '2013-03-16', NULL, NULL),
(2592, 63, 0.00, 0, 1, 16, '2013-03-16', NULL, NULL),
(2593, 14, 0.00, 0, 1, 934, '2013-03-16', NULL, NULL),
(2594, 5, 0.00, 0, 1, 33, '2013-03-16', NULL, NULL),
(2595, 1, 12.00, 0, 1, 1285, '2013-03-16', NULL, NULL),
(2596, 1, 12.00, 0, 1, 1284, '2013-03-16', NULL, NULL),
(2597, 4, 0.00, 0, 1, 432, '2013-03-16', NULL, NULL),
(2598, 9, 12.00, 0, 1, 38, '2013-03-16', NULL, NULL),
(2599, 9, 12.00, 0, 1, 37, '2013-03-16', NULL, NULL),
(2600, 6, 11.00, 0, 1, 95, '2013-03-16', NULL, NULL),
(2601, 9, 12.00, 0, 1, 36, '2013-03-16', NULL, NULL),
(2602, 6, 11.00, 0, 1, 94, '2013-03-16', NULL, NULL),
(2603, 5, 0.00, 0, 1, 32, '2013-03-16', NULL, NULL),
(2604, 2, 0.00, 0, 1, 932, '2013-03-16', NULL, NULL),
(2605, 5, 0.00, 0, 1, 31, '2013-03-16', NULL, NULL),
(2606, 2, 0.00, 0, 1, 931, '2013-03-16', NULL, NULL),
(2607, 5, 0.00, 0, 1, 30, '2013-03-16', NULL, NULL),
(2608, 2, 0.00, 0, 1, 930, '2013-03-16', NULL, NULL),
(2609, 5, 0.00, 0, 1, 29, '2013-03-16', NULL, NULL),
(2610, 2, 0.00, 0, 1, 929, '2013-03-16', NULL, NULL),
(2611, 5, 0.00, 0, 1, 28, '2013-03-16', NULL, NULL),
(2612, 2, 0.00, 0, 1, 928, '2013-03-16', NULL, NULL),
(2613, 6, 11.00, 0, 1, 93, '2013-03-16', NULL, NULL),
(2614, 6, 11.00, 0, 1, 92, '2013-03-16', NULL, NULL),
(2615, 6, 11.00, 0, 1, 91, '2013-03-16', NULL, NULL),
(2616, 5, 0.00, 0, 1, 27, '2013-03-16', NULL, NULL),
(2617, 1, 12.00, 0, 1, 1283, '2013-03-16', NULL, NULL),
(2618, 1, 12.00, 0, 2, 1281, '2013-03-16', NULL, NULL),
(2619, 16, 0.00, 50, 0, 50, '2013-03-16', NULL, NULL),
(2620, 16, 0.00, 0, 1, 49, '2013-03-16', NULL, NULL),
(2621, 19, 0.00, 50, 0, 69, '2013-03-16', NULL, NULL),
(2622, 2, 0.00, 0, 2, 926, '2013-03-16', NULL, NULL),
(2623, 1, 12.00, 0, 1, 1280, '2013-03-16', NULL, NULL),
(2624, 16, 0.00, 0, 1, 48, '2013-03-16', NULL, NULL),
(2625, 63, 0.00, 0, 1, 15, '2013-03-17', NULL, NULL),
(2626, 59, 0.00, 0, 1, 9, '2013-03-17', NULL, NULL),
(2627, 58, 0.00, 0, 1, 3, '2013-03-17', NULL, NULL),
(2628, 61, 0.00, 0, 1, 4, '2013-03-17', NULL, NULL),
(2629, 5, 0.00, 0, 1, 26, '2013-03-17', NULL, NULL),
(2630, 3, 0.00, 0, 2, 0, '2013-03-17', NULL, NULL),
(2631, 5, 0.00, 0, 1, 25, '2013-03-17', NULL, NULL),
(2632, 2, 0.00, 0, 1, 925, '2013-03-17', NULL, NULL),
(2633, 1, 12.00, 0, 2, 1278, '2013-03-17', NULL, NULL),
(2634, 24, 0.00, 0, 1, 1028, '2013-03-17', NULL, NULL),
(2635, 20, 0.00, 0, 1, 7, '2013-03-17', NULL, NULL),
(2636, 21, 0.00, 0, 1, 24, '2013-03-17', NULL, NULL),
(2637, 15, 0.00, 0, 1, 941, '2013-03-17', NULL, NULL),
(2638, 24, 0.00, 0, 1, 1027, '2013-03-17', NULL, NULL),
(2639, 22, 0.00, 0, 0, 999, '2013-03-17', NULL, NULL),
(2640, 23, 0.00, 0, 0, 999, '2013-03-17', NULL, NULL),
(2641, 24, 0.00, 0, 0, 1027, '2013-03-17', NULL, NULL),
(2642, 5, 0.00, 0, 1, 24, '2013-03-17', NULL, NULL),
(2643, 2, 0.00, 0, 1, 924, '2013-03-17', NULL, NULL),
(2644, 2, 0.00, 0, 2, 922, '2013-03-17', NULL, NULL),
(2645, 3, 0.00, 10000, 0, 10000, '2013-03-17', NULL, NULL),
(2646, 2, 0.00, 0, 2, 920, '2013-03-17', NULL, NULL),
(2647, 3, 0.00, 0, 2, 9998, '2013-03-17', NULL, NULL),
(2648, 3, 0.00, 0, 2, 9996, '2013-03-17', NULL, NULL),
(2649, 4, 0.00, 0, 2, 430, '2013-03-17', NULL, NULL),
(2650, 58, 0.00, 0, 1, 2, '2013-03-17', NULL, NULL),
(2651, 15, 0.00, 0, 1, 940, '2013-03-17', NULL, NULL),
(2652, 21, 0.00, 0, 1, 23, '2013-03-17', NULL, NULL),
(2653, 14, 0.00, 0, 1, 933, '2013-03-17', NULL, NULL),
(2654, 56, 0.00, 0, 1, 18, '2013-03-17', NULL, NULL),
(2655, 45, 0.00, 10, 0, 10, '2013-03-17', NULL, NULL),
(2656, 56, 0.00, 0, 1, 17, '2013-03-17', NULL, NULL),
(2657, 45, 0.00, 0, 1, 9, '2013-03-17', NULL, NULL),
(2658, 45, 0.00, 0, 1, 8, '2013-03-17', NULL, NULL),
(2659, 5, 0.00, 0, 1, 23, '2013-03-17', NULL, NULL),
(2660, 3, 0.00, 0, 2, 9994, '2013-03-17', NULL, NULL),
(2661, 5, 0.00, 0, 1, 22, '2013-03-17', NULL, NULL),
(2662, 3, 0.00, 0, 2, 9992, '2013-03-17', NULL, NULL),
(2663, 2, 0.00, 0, 2, 918, '2013-03-17', NULL, NULL),
(2664, 1, 12.00, 0, 2, 1276, '2013-03-17', NULL, NULL),
(2665, 21, 0.00, 0, 1, 22, '2013-03-17', NULL, NULL),
(2666, 24, 0.00, 0, 1, 1026, '2013-03-17', NULL, NULL),
(2667, 14, 0.00, 0, 1, 932, '2013-03-17', NULL, NULL),
(2668, 16, 0.00, 0, 1, 47, '2013-03-17', NULL, NULL),
(2669, 57, 0.00, 0, 1, 7, '2013-03-17', NULL, NULL),
(2670, 5, 0.00, 0, 1, 21, '2013-03-17', NULL, NULL),
(2671, 4, 0.00, 0, 2, 428, '2013-03-17', NULL, NULL),
(2672, 3, 0.00, 0, 4, 9988, '2013-03-17', NULL, NULL),
(2673, 14, 0.00, 0, 1, 931, '2013-03-17', NULL, NULL),
(2674, 15, 0.00, 0, 1, 939, '2013-03-17', NULL, NULL),
(2675, 6, 11.00, 0, 1, 90, '2013-03-17', NULL, NULL),
(2676, 6, 11.00, 0, 1, 89, '2013-03-17', NULL, NULL),
(2677, 6, 11.00, 0, 0, 89, '2013-03-17', NULL, NULL),
(2678, 16, 0.00, 0, 1, 46, '2013-03-17', NULL, NULL),
(2679, 58, 0.00, 0, 1, 1, '2013-03-17', NULL, NULL),
(2680, 10, 0.00, 0, 1, 63, '2013-03-17', NULL, NULL),
(2681, 20, 0.00, 0, 1, 6, '2013-03-17', NULL, NULL),
(2682, 20, 0.00, 0, 1, 5, '2013-03-17', NULL, NULL),
(2683, 6, 11.00, 0, 1, 88, '2013-03-17', NULL, NULL),
(2684, 22, 0.00, 0, 1, 998, '2013-03-17', NULL, NULL),
(2685, 23, 0.00, 0, 1, 998, '2013-03-17', NULL, NULL),
(2686, 24, 0.00, 0, 1, 1025, '2013-03-17', NULL, NULL),
(2687, 6, 11.00, 0, 1, 87, '2013-03-17', NULL, NULL),
(2688, 24, 0.00, 0, 1, 1024, '2013-03-17', NULL, NULL),
(2689, 20, 0.00, 0, 1, 4, '2013-03-17', NULL, NULL),
(2690, 5, 0.00, 0, 1, 20, '2013-03-17', NULL, NULL),
(2691, 2, 0.00, 0, 1, 917, '2013-03-17', NULL, NULL),
(2692, 5, 0.00, 0, 1, 19, '2013-03-17', NULL, NULL),
(2693, 3, 0.00, 0, 2, 9986, '2013-03-17', NULL, NULL),
(2694, 2, 0.00, 0, 2, 915, '2013-03-17', NULL, NULL),
(2695, 3, 0.00, 0, 2, 9984, '2013-03-17', NULL, NULL),
(2696, 21, 0.00, 0, 0, 22, '2013-03-17', NULL, NULL),
(2697, 24, 0.00, 0, 1, 1023, '2013-03-17', NULL, NULL),
(2698, 63, 0.00, 0, 1, 14, '2013-03-17', NULL, NULL),
(2699, 63, 0.00, 0, 1, 13, '2013-03-17', NULL, NULL),
(2700, 14, 0.00, 0, 1, 930, '2013-03-17', NULL, NULL),
(2701, 9, 12.00, 0, 1, 35, '2013-03-17', NULL, NULL),
(2702, 9, 12.00, 0, 1, 34, '2013-03-17', NULL, NULL),
(2703, 59, 0.00, 0, 0, 9, '2013-03-17', NULL, NULL),
(2704, 5, 0.00, 0, 1, 18, '2013-03-17', NULL, NULL),
(2705, 2, 0.00, 0, 1, 914, '2013-03-17', NULL, NULL),
(2706, 2, 0.00, 0, 2, 912, '2013-03-17', NULL, NULL),
(2707, 1, 12.00, 0, 1, 1275, '2013-03-17', NULL, NULL),
(2708, 2, 0.00, 0, 2, 910, '2013-03-17', NULL, NULL),
(2709, 4, 0.00, 0, 2, 426, '2013-03-17', NULL, NULL),
(2710, 2, 0.00, 0, 2, 908, '2013-03-17', NULL, NULL),
(2711, 1, 12.00, 0, 2, 1273, '2013-03-17', NULL, NULL),
(2712, 2, 0.00, 0, 2, 906, '2013-03-17', NULL, NULL),
(2713, 1, 12.00, 0, 2, 1271, '2013-03-17', NULL, NULL),
(2714, 14, 0.00, 0, 1, 929, '2013-03-17', NULL, NULL),
(2715, 2, 0.00, 0, 2, 904, '2013-03-17', NULL, NULL),
(2716, 3, 0.00, 0, 2, 9982, '2013-03-17', NULL, NULL),
(2717, 21, 0.00, 0, 1, 21, '2013-03-17', NULL, NULL),
(2718, 24, 0.00, 0, 1, 1022, '2013-03-17', NULL, NULL),
(2719, 5, 0.00, 0, 0, 18, '2013-03-17', NULL, NULL),
(2720, 2, 0.00, 0, 0, 904, '2013-03-17', NULL, NULL),
(2721, 2, 0.00, 0, 2, 902, '2013-03-17', NULL, NULL),
(2722, 1, 12.00, 0, 2, 1269, '2013-03-17', NULL, NULL),
(2723, 21, 0.00, 0, 1, 20, '2013-03-17', NULL, NULL),
(2724, 24, 0.00, 0, 1, 1021, '2013-03-17', NULL, NULL),
(2725, 4, 0.00, 0, 1, 425, '2013-03-17', NULL, NULL),
(2726, 5, 0.00, 0, 1, 17, '2013-03-17', NULL, NULL),
(2727, 4, 0.00, 0, 2, 423, '2013-03-17', NULL, NULL),
(2728, 2, 0.00, 0, 1, 901, '2013-03-17', NULL, NULL),
(2729, 3, 0.00, 0, 1, 9981, '2013-03-17', NULL, NULL),
(2730, 5, 0.00, 0, 1, 16, '2013-03-17', NULL, NULL),
(2731, 3, 0.00, 0, 2, 9979, '2013-03-17', NULL, NULL),
(2732, 16, 0.00, 0, 1, 45, '2013-03-17', NULL, NULL),
(2733, 20, 0.00, 0, 1, 3, '2013-03-17', NULL, NULL),
(2734, 20, 0.00, 0, 1, 2, '2013-03-17', NULL, NULL),
(2735, 10, 0.00, 0, 0, 63, '2013-03-17', NULL, NULL),
(2736, 7, 0.00, 0, 1, 76, '2013-03-17', NULL, NULL),
(2737, 21, 0.00, 0, 1, 19, '2013-03-17', NULL, NULL),
(2738, 22, 0.00, 0, 1, 997, '2013-03-17', NULL, NULL),
(2739, 23, 0.00, 0, 1, 997, '2013-03-17', NULL, NULL),
(2740, 24, 0.00, 0, 1, 1020, '2013-03-17', NULL, NULL),
(2741, 63, 0.00, 0, 1, 12, '2013-03-17', NULL, NULL),
(2742, 5, 0.00, 0, 1, 15, '2013-03-17', NULL, NULL),
(2743, 2, 0.00, 0, 1, 900, '2013-03-17', NULL, NULL),
(2744, 19, 0.00, 0, 1, 68, '2013-03-17', NULL, NULL),
(2745, 5, 0.00, 0, 1, 14, '2013-03-17', NULL, NULL),
(2746, 2, 0.00, 0, 1, 899, '2013-03-17', NULL, NULL),
(2747, 19, 0.00, 0, 1, 67, '2013-03-17', NULL, NULL),
(2748, 5, 0.00, 0, 1, 13, '2013-03-17', NULL, NULL),
(2749, 2, 0.00, 0, 1, 898, '2013-03-17', NULL, NULL),
(2750, 5, 0.00, 0, 1, 12, '2013-03-17', NULL, NULL),
(2751, 2, 0.00, 0, 1, 897, '2013-03-17', NULL, NULL),
(2752, 5, 0.00, 0, 0, 12, '2013-03-17', NULL, NULL),
(2753, 2, 0.00, 0, 0, 897, '2013-03-17', NULL, NULL),
(2754, 5, 0.00, 0, 0, 12, '2013-03-17', NULL, NULL),
(2755, 2, 0.00, 0, 1, 896, '2013-03-17', NULL, NULL),
(2756, 3, 0.00, 0, 2, 9977, '2013-03-17', NULL, NULL),
(2757, 1, 12.00, 0, 1, 1268, '2013-03-17', NULL, NULL),
(2758, 3, 0.00, 0, 2, 9975, '2013-03-17', NULL, NULL),
(2759, 1, 12.00, 0, 1, 1267, '2013-03-17', NULL, NULL),
(2760, 3, 0.00, 0, 2, 9973, '2013-03-17', NULL, NULL),
(2761, 1, 12.00, 0, 1, 1266, '2013-03-17', NULL, NULL),
(2762, 3, 0.00, 0, 2, 9971, '2013-03-17', NULL, NULL),
(2763, 1, 12.00, 0, 1, 1265, '2013-03-17', NULL, NULL),
(2764, 1, 12.00, 0, 1, 1264, '2013-03-17', NULL, NULL),
(2765, 55, 0.00, 0, 3, 27, '2013-03-17', NULL, NULL),
(2766, 21, 0.00, 0, 1, 18, '2013-03-17', NULL, NULL),
(2767, 24, 0.00, 0, 1, 1019, '2013-03-17', NULL, NULL),
(2768, 22, 0.00, 0, 1, 996, '2013-03-17', NULL, NULL),
(2769, 23, 0.00, 0, 1, 996, '2013-03-17', NULL, NULL),
(2770, 24, 0.00, 0, 1, 1018, '2013-03-17', NULL, NULL),
(2771, 21, 0.00, 0, 1, 17, '2013-03-17', NULL, NULL),
(2772, 22, 0.00, 0, 0, 996, '2013-03-17', NULL, NULL),
(2773, 23, 0.00, 0, 0, 996, '2013-03-17', NULL, NULL),
(2774, 24, 0.00, 0, 0, 1019, '2013-03-17', NULL, NULL),
(2775, 21, 0.00, 0, 0, 17, '2013-03-17', NULL, NULL),
(2776, 14, 0.00, 0, 1, 928, '2013-03-17', NULL, NULL),
(2777, 14, 0.00, 0, 0, 929, '2013-03-17', NULL, NULL),
(2778, 6, 11.00, 0, 0, 87, '2013-03-17', NULL, NULL),
(2779, 2, 0.00, 0, 1, 895, '2013-03-17', NULL, NULL),
(2780, 1, 12.00, 0, 2, 1262, '2013-03-17', NULL, NULL),
(2781, 16, 0.00, 0, 1, 44, '2013-03-17', NULL, NULL),
(2782, 59, 0.00, 0, 1, 8, '2013-03-17', NULL, NULL),
(2783, 64, 0.00, 10, 0, 10, '2013-03-17', NULL, NULL),
(2784, 64, 0.00, 0, 1, 9, '2013-03-17', NULL, NULL),
(2785, 15, 0.00, 0, 1, 938, '2013-03-17', NULL, NULL),
(2786, 65, 0.00, 50, 0, 50, '2013-03-17', NULL, NULL),
(2787, 18, 0.00, 50, 0, 50, '2013-03-17', NULL, NULL),
(2788, 65, 0.00, 0, 1, 49, '2013-03-17', NULL, NULL),
(2789, 20, 0.00, 0, 1, 1, '2013-03-17', NULL, NULL),
(2790, 20, 0.00, 0, 0, 2, '2013-03-17', NULL, NULL),
(2791, 5, 0.00, 0, 1, 11, '2013-03-17', NULL, NULL),
(2792, 2, 0.00, 0, 1, 894, '2013-03-17', NULL, NULL),
(2793, 1, 12.00, 0, 1, 1261, '2013-03-17', NULL, NULL),
(2794, 55, 0.00, 0, 3, 24, '2013-03-17', NULL, NULL),
(2795, 2, 0.00, 0, 2, 892, '2013-03-17', NULL, NULL),
(2796, 1, 12.00, 0, 2, 1259, '2013-03-17', NULL, NULL),
(2797, 14, 0.00, 0, 1, 928, '2013-03-17', NULL, NULL),
(2798, 54, 0.00, 0, 1, 5, '2013-03-17', NULL, NULL),
(2799, 30, 0.00, 0, 1, 3, '2013-03-17', NULL, NULL),
(2800, 9, 12.00, 0, 1, 33, '2013-03-17', NULL, NULL),
(2801, 66, 0.00, 100, 0, 100, '2013-03-17', NULL, NULL),
(2802, 67, 0.00, 100, 0, 100, '2013-03-17', NULL, NULL),
(2803, 6, 11.00, 0, 1, 86, '2013-03-17', NULL, NULL),
(2804, 6, 11.00, 0, 1, 85, '2013-03-17', NULL, NULL),
(2805, 6, 11.00, 0, 1, 84, '2013-03-17', NULL, NULL),
(2806, 15, 0.00, 0, 1, 937, '2013-03-17', NULL, NULL),
(2807, 5, 0.00, 0, 1, 10, '2013-03-17', NULL, NULL),
(2808, 2, 0.00, 0, 1, 891, '2013-03-17', NULL, NULL),
(2809, 5, 0.00, 0, 1, 9, '2013-03-17', NULL, NULL),
(2810, 3, 0.00, 0, 2, 9969, '2013-03-17', NULL, NULL),
(2811, 5, 0.00, 0, 1, 8, '2013-03-17', NULL, NULL),
(2812, 1, 12.00, 0, 1, 1258, '2013-03-17', NULL, NULL),
(2813, 5, 0.00, 0, 1, 7, '2013-03-17', NULL, NULL),
(2814, 4, 0.00, 0, 2, 421, '2013-03-17', NULL, NULL),
(2815, 5, 0.00, 0, 1, 6, '2013-03-17', NULL, NULL),
(2816, 4, 0.00, 0, 2, 419, '2013-03-17', NULL, NULL),
(2817, 1, 12.00, 0, 1, 1257, '2013-03-17', NULL, NULL),
(2818, 55, 0.00, 0, 3, 21, '2013-03-17', NULL, NULL),
(2819, 57, 0.00, 0, 1, 6, '2013-03-17', NULL, NULL),
(2820, 57, 0.00, 0, 1, 5, '2013-03-17', NULL, NULL),
(2821, 14, 0.00, 0, 1, 927, '2013-03-17', NULL, NULL),
(2822, 24, 0.00, 0, 1, 1018, '2013-03-17', NULL, NULL),
(2823, 63, 0.00, 0, 1, 11, '2013-03-17', NULL, NULL),
(2824, 63, 0.00, 0, 1, 10, '2013-03-17', NULL, NULL),
(2825, 63, 0.00, 0, 1, 9, '2013-03-17', NULL, NULL),
(2826, 5, 0.00, 0, 1, 5, '2013-03-17', NULL, NULL),
(2827, 4, 0.00, 0, 2, 417, '2013-03-17', NULL, NULL),
(2828, 3, 0.00, 0, 2, 9967, '2013-03-17', NULL, NULL),
(2829, 1, 12.00, 0, 1, 1256, '2013-03-17', NULL, NULL),
(2830, 58, 0.00, 0, 1, 0, '2013-03-17', NULL, NULL),
(2831, 6, 11.00, 0, 1, 83, '2013-03-17', NULL, NULL),
(2832, 6, 11.00, 0, 1, 82, '2013-03-17', NULL, NULL),
(2833, 6, 11.00, 0, 1, 81, '2013-03-17', NULL, NULL),
(2834, 5, 0.00, 0, 1, 4, '2013-03-17', NULL, NULL),
(2835, 2, 0.00, 0, 1, 890, '2013-03-17', NULL, NULL),
(2836, 2, 0.00, 0, 2, 888, '2013-03-17', NULL, NULL),
(2837, 1, 12.00, 0, 1, 1255, '2013-03-17', NULL, NULL),
(2838, 1, 12.00, 0, 1, 1254, '2013-03-17', NULL, NULL),
(2839, 4, 0.00, 0, 1, 416, '2013-03-17', NULL, NULL),
(2840, 1, 12.00, 0, 1, 1253, '2013-03-17', NULL, NULL),
(2841, 4, 0.00, 0, 1, 415, '2013-03-17', NULL, NULL),
(2842, 56, 0.00, 0, 1, 16, '2013-03-17', NULL, NULL),
(2843, 1, 12.00, 0, 2, 1251, '2013-03-17', NULL, NULL),
(2844, 24, 0.00, 0, 1, 1017, '2013-03-17', NULL, NULL),
(2845, 21, 0.00, 0, 1, 16, '2013-03-17', NULL, NULL),
(2846, 9, 12.00, 0, 1, 32, '2013-03-17', NULL, NULL),
(2847, 14, 0.00, 0, 1, 926, '2013-03-17', NULL, NULL),
(2848, 14, 0.00, 0, 1, 925, '2013-03-17', NULL, NULL),
(2849, 22, 0.00, 0, 1, 995, '2013-03-17', NULL, NULL),
(2850, 23, 0.00, 0, 1, 995, '2013-03-17', NULL, NULL),
(2851, 24, 0.00, 0, 1, 1016, '2013-03-17', NULL, NULL),
(2852, 21, 0.00, 0, 1, 15, '2013-03-17', NULL, NULL),
(2853, 5, 0.00, 0, 1, 3, '2013-03-17', NULL, NULL),
(2854, 3, 0.00, 0, 2, 9965, '2013-03-17', NULL, NULL),
(2855, 2, 0.00, 0, 2, 886, '2013-03-17', NULL, NULL),
(2856, 3, 0.00, 0, 2, 9963, '2013-03-17', NULL, NULL),
(2857, 1, 12.00, 0, 2, 1249, '2013-03-17', NULL, NULL),
(2858, 6, 11.00, 0, 1, 80, '2013-03-17', NULL, NULL),
(2859, 6, 11.00, 0, 1, 79, '2013-03-17', NULL, NULL),
(2860, 30, 0.00, 0, 1, 2, '2013-03-17', NULL, NULL),
(2861, 14, 0.00, 0, 1, 924, '2013-03-17', NULL, NULL),
(2862, 15, 0.00, 0, 1, 936, '2013-03-17', NULL, NULL),
(2863, 18, 0.00, 0, 1, 49, '2013-03-17', NULL, NULL),
(2864, 14, 0.00, 0, 1, 923, '2013-03-17', NULL, NULL),
(2865, 15, 0.00, 0, 1, 935, '2013-03-17', NULL, NULL),
(2866, 24, 0.00, 0, 1, 1015, '2013-03-17', NULL, NULL),
(2867, 24, 0.00, 0, 1, 1014, '2013-03-17', NULL, NULL),
(2868, 21, 0.00, 0, 1, 14, '2013-03-17', NULL, NULL),
(2869, 21, 0.00, 0, 1, 13, '2013-03-17', NULL, NULL),
(2870, 22, 0.00, 0, 1, 994, '2013-03-17', NULL, NULL),
(2871, 23, 0.00, 0, 1, 994, '2013-03-17', NULL, NULL),
(2872, 24, 0.00, 0, 1, 1013, '2013-03-17', NULL, NULL),
(2873, 22, 0.00, 0, 1, 993, '2013-03-17', NULL, NULL),
(2874, 23, 0.00, 0, 1, 993, '2013-03-17', NULL, NULL),
(2875, 24, 0.00, 0, 1, 1012, '2013-03-17', NULL, NULL),
(2876, 5, 0.00, 0, 1, 2, '2013-03-17', NULL, NULL),
(2877, 2, 0.00, 0, 1, 885, '2013-03-17', NULL, NULL),
(2878, 5, 0.00, 0, 1, 1, '2013-03-17', NULL, NULL),
(2879, 3, 0.00, 0, 2, 9961, '2013-03-17', NULL, NULL);
INSERT INTO `bodegas` (`id`, `insumo_id`, `preciocompra`, `ingreso`, `salida`, `total`, `fecha`, `lugare_id`, `observaciones`) VALUES
(2880, 5, 0.00, 0, 1, 0, '2013-03-17', NULL, NULL),
(2881, 1, 12.00, 0, 1, 1248, '2013-03-17', NULL, NULL),
(2882, 4, 0.00, 0, 2, 413, '2013-03-17', NULL, NULL),
(2883, 2, 0.00, 0, 2, 883, '2013-03-17', NULL, NULL),
(2884, 4, 0.00, 0, 1, 412, '2013-03-17', NULL, NULL),
(2885, 1, 12.00, 0, 0, 1248, '2013-03-17', NULL, NULL),
(2886, 6, 11.00, 0, 1, 78, '2013-03-17', NULL, NULL),
(2887, 6, 11.00, 0, 1, 77, '2013-03-17', NULL, NULL),
(2888, 2, 0.00, 0, 2, 881, '2013-03-17', NULL, NULL),
(2889, 3, 0.00, 0, 2, 9959, '2013-03-17', NULL, NULL),
(2890, 15, 0.00, 0, 1, 934, '2013-03-17', NULL, NULL),
(2891, 15, 0.00, 0, 1, 933, '2013-03-17', NULL, NULL),
(2892, 14, 0.00, 0, 0, 923, '2013-03-17', NULL, NULL),
(2893, 15, 0.00, 0, 0, 933, '2013-03-17', NULL, NULL),
(2894, 1, 12.00, 0, 0, 1248, '2013-03-17', NULL, NULL),
(2895, 55, 0.00, 0, 2, 19, '2013-03-17', NULL, NULL),
(2896, 1, 12.00, 0, 1, 1247, '2013-03-17', NULL, NULL),
(2897, 55, 0.00, 0, 3, 16, '2013-03-17', NULL, NULL),
(2898, 9, 12.00, 0, 1, 31, '2013-03-17', NULL, NULL),
(2899, 9, 12.00, 0, 0, 31, '2013-03-17', NULL, NULL),
(2900, 9, 12.00, 0, 0, 31, '2013-03-17', NULL, NULL),
(2901, 9, 12.00, 0, 0, 31, '2013-03-17', NULL, NULL),
(2902, 10, 0.00, 0, 1, 62, '2013-03-17', NULL, NULL),
(2903, 2, 0.00, 0, 2, 879, '2013-03-17', NULL, NULL),
(2904, 1, 12.00, 0, 2, 1245, '2013-03-17', NULL, NULL),
(2905, 1, 12.00, 0, 2, 1243, '2013-03-17', NULL, NULL),
(2906, 45, 0.00, 0, 1, 7, '2013-03-17', NULL, NULL),
(2907, 45, 0.00, 0, 1, 6, '2013-03-17', NULL, NULL),
(2908, 2, 0.00, 0, 2, 877, '2013-03-17', NULL, NULL),
(2909, 1, 12.00, 0, 2, 1241, '2013-03-17', NULL, NULL),
(2910, 1, 12.00, 0, 2, 1239, '2013-03-17', NULL, NULL),
(2911, 29, 0.00, 0, 1, 2, '2013-03-17', NULL, NULL),
(2912, 9, 12.00, 0, 1, 30, '2013-03-17', NULL, NULL),
(2913, 1, 12.00, 0, 2, 1237, '2013-03-17', NULL, NULL),
(2914, 3, 0.00, 0, 2, 9957, '2013-03-17', NULL, NULL),
(2915, 1, 12.00, 0, 1, 1236, '2013-03-17', NULL, NULL),
(2916, 29, 0.00, 0, 1, 1, '2013-03-17', NULL, NULL),
(2917, 10, 0.00, 0, 1, 61, '2013-03-17', NULL, NULL),
(2918, 10, 0.00, 0, 1, 60, '2013-03-17', NULL, NULL),
(2919, 10, 0.00, 0, 1, 59, '2013-03-17', NULL, NULL),
(2920, 9, 12.00, 0, 1, 29, '2013-03-17', NULL, NULL),
(2921, 9, 12.00, 0, 1, 28, '2013-03-17', NULL, NULL),
(2922, 9, 12.00, 0, 1, 27, '2013-03-17', NULL, NULL),
(2923, 4, 0.00, 0, 2, 410, '2013-03-17', NULL, NULL),
(2924, 4, 0.00, 0, 2, 408, '2013-03-17', NULL, NULL),
(2925, 3, 0.00, 0, 2, 9955, '2013-03-17', NULL, NULL),
(2926, 1, 12.00, 0, 1, 1235, '2013-03-17', NULL, NULL),
(2927, 11, 0.00, 0, 1, 999, '2013-03-17', NULL, NULL),
(2928, 1, 12.00, 0, 1, 1234, '2013-03-17', NULL, NULL),
(2929, 3, 0.00, 0, 2, 9953, '2013-03-17', NULL, NULL),
(2930, 1, 12.00, 0, 1, 1233, '2013-03-17', NULL, NULL),
(2931, 1, 12.00, 0, 1, 1232, '2013-03-17', NULL, NULL),
(2932, 4, 0.00, 0, 1, 407, '2013-03-17', NULL, NULL),
(2933, 2, 0.00, 0, 2, 875, '2013-03-17', NULL, NULL),
(2934, 1, 12.00, 0, 2, 1230, '2013-03-17', NULL, NULL),
(2935, 9, 12.00, 0, 1, 26, '2013-03-17', NULL, NULL),
(2936, 65, 0.00, 0, 1, 48, '2013-03-17', NULL, NULL),
(2937, 10, 0.00, 0, 1, 58, '2013-03-17', NULL, NULL),
(2938, 15, 0.00, 0, 1, 932, '2013-03-17', NULL, NULL),
(2939, 10, 0.00, 0, 1, 57, '2013-03-17', NULL, NULL),
(2940, 2, 0.00, 0, 2, 873, '2013-03-17', NULL, NULL),
(2941, 1, 12.00, 0, 2, 1228, '2013-03-17', NULL, NULL),
(2942, 1, 12.00, 0, 2, 1226, '2013-03-18', NULL, NULL),
(2943, 7, 0.00, 0, 1, 75, '2013-03-18', NULL, NULL),
(2944, 2, 0.00, 0, 2, 871, '2013-03-18', NULL, NULL),
(2945, 1, 12.00, 0, 2, 1224, '2013-03-18', NULL, NULL),
(2946, 7, 0.00, 0, 1, 74, '2013-03-18', NULL, NULL),
(2947, 6, 11.00, 0, 1, 76, '2013-03-18', NULL, NULL),
(2948, 10, 0.00, 0, 1, 56, '2013-03-18', NULL, NULL),
(2949, 10, 0.00, 0, 1, 55, '2013-03-18', NULL, NULL),
(2950, 2, 0.00, 0, 2, 869, '2013-03-18', NULL, NULL),
(2951, 1, 12.00, 0, 2, 1222, '2013-03-18', NULL, NULL),
(2952, 2, 0.00, 0, 2, 867, '2013-03-18', NULL, NULL),
(2953, 1, 12.00, 0, 2, 1220, '2013-03-18', NULL, NULL),
(2954, 1, 12.00, 0, 2, 1218, '2013-03-18', NULL, NULL),
(2955, 1, 12.00, 0, 2, 1216, '2013-03-18', NULL, NULL),
(2956, 4, 0.00, 0, 2, 405, '2013-03-18', NULL, NULL),
(2957, 3, 0.00, 0, 4, 9949, '2013-03-18', NULL, NULL),
(2958, 2, 0.00, 0, 2, 865, '2013-03-18', NULL, NULL),
(2959, 1, 12.00, 0, 2, 1214, '2013-03-18', NULL, NULL),
(2960, 3, 0.00, 0, 4, 9945, '2013-03-18', NULL, NULL),
(2961, 1, 12.00, 0, 2, 1212, '2013-03-18', NULL, NULL),
(2962, 4, 0.00, 0, 2, 403, '2013-03-18', NULL, NULL),
(2963, 10, 0.00, 0, 1, 54, '2013-03-18', NULL, NULL),
(2964, 9, 12.00, 0, 1, 25, '2013-03-18', NULL, NULL),
(2965, 30, 0.00, 0, 1, 1, '2013-03-18', NULL, NULL),
(2966, 2, 0.00, 0, 2, 863, '2013-03-18', NULL, NULL),
(2967, 4, 0.00, 0, 2, 401, '2013-03-18', NULL, NULL),
(2968, 4, 0.00, 0, 2, 399, '2013-03-18', NULL, NULL),
(2969, 4, 0.00, 0, 2, 397, '2013-03-18', NULL, NULL),
(2970, 2, 0.00, 0, 2, 861, '2013-03-18', NULL, NULL),
(2971, 4, 0.00, 0, 2, 395, '2013-03-18', NULL, NULL),
(2972, 45, 0.00, 0, 1, 5, '2013-03-18', NULL, NULL),
(2973, 2, 0.00, 0, 2, 859, '2013-03-18', NULL, NULL),
(2974, 1, 12.00, 0, 2, 1210, '2013-03-18', NULL, NULL),
(2975, 4, 0.00, 0, 2, 393, '2013-03-18', NULL, NULL),
(2976, 2, 0.00, 0, 2, 857, '2013-03-18', NULL, NULL),
(2977, 4, 0.00, 0, 2, 391, '2013-03-18', NULL, NULL),
(2978, 1, 12.00, 0, 1, 1209, '2013-03-18', NULL, NULL),
(2979, 3, 0.00, 0, 2, 9943, '2013-03-18', NULL, NULL),
(2980, 1, 12.00, 0, 1, 1208, '2013-03-18', NULL, NULL),
(2981, 3, 0.00, 0, 2, 9941, '2013-03-18', NULL, NULL),
(2982, 1, 12.00, 0, 1, 1207, '2013-03-18', NULL, NULL),
(2983, 1, 12.00, 0, 1, 1206, '2013-03-18', NULL, NULL),
(2984, 1, 12.00, 0, 1, 1205, '2013-03-18', NULL, NULL),
(2985, 3, 0.00, 0, 2, 9939, '2013-03-18', NULL, NULL),
(2986, 1, 12.00, 0, 1, 1204, '2013-03-18', NULL, NULL),
(2987, 1, 12.00, 0, 1, 1203, '2013-03-18', NULL, NULL),
(2988, 3, 0.00, 0, 0, 9939, '2013-03-18', NULL, NULL),
(2989, 2, 0.00, 0, 1, 856, '2013-03-18', NULL, NULL),
(2990, 1, 12.00, 0, 1, 1202, '2013-03-18', NULL, NULL),
(2991, 1, 12.00, 0, 0, 1204, '2013-03-18', NULL, NULL),
(2992, 4, 0.00, 0, 1, 390, '2013-03-18', NULL, NULL),
(2993, 10, 0.00, 0, 1, 53, '2013-03-19', NULL, NULL),
(2994, 2, 0.00, 0, 2, 854, '2013-03-19', NULL, NULL),
(2995, 1, 12.00, 0, 2, 1202, '2013-03-19', NULL, NULL),
(2996, 1, 12.00, 0, 2, 1200, '2013-03-19', NULL, NULL),
(2997, 3, 0.00, 0, 4, 9935, '2013-03-19', NULL, NULL),
(2998, 14, 0.00, 0, 1, 922, '2013-03-19', NULL, NULL),
(2999, 15, 0.00, 0, 1, 931, '2013-03-19', NULL, NULL),
(3000, 55, 0.00, 0, 4, 12, '2013-03-19', NULL, NULL),
(3001, 2, 0.00, 0, 1, 853, '2013-03-19', NULL, NULL),
(3002, 1, 12.00, 0, 1, 1199, '2013-03-19', NULL, NULL),
(3003, 4, 0.00, 0, 1, 389, '2013-03-19', NULL, NULL),
(3004, 9, 12.00, 0, 1, 24, '2013-03-19', NULL, NULL),
(3005, 1, 12.00, 0, 2, 1197, '2013-03-19', NULL, NULL),
(3006, 9, 12.00, 0, 1, 23, '2013-03-19', NULL, NULL),
(3007, 3, 0.00, 0, 4, 9931, '2013-03-19', NULL, NULL),
(3008, 1, 12.00, 0, 2, 1195, '2013-03-19', NULL, NULL),
(3009, 55, 0.00, 0, 4, 8, '2013-03-19', NULL, NULL),
(3010, 57, 0.00, 0, 1, 4, '2013-03-19', NULL, NULL),
(3011, 24, 0.00, 0, 1, 1011, '2013-03-19', NULL, NULL),
(3012, 21, 0.00, 0, 1, 12, '2013-03-19', NULL, NULL),
(3013, 22, 0.00, 0, 1, 992, '2013-03-19', NULL, NULL),
(3014, 23, 0.00, 0, 1, 992, '2013-03-19', NULL, NULL),
(3015, 24, 0.00, 0, 1, 1010, '2013-03-19', NULL, NULL),
(3016, 65, 0.00, 0, 1, 47, '2013-03-19', NULL, NULL),
(3017, 14, 0.00, 0, 1, 921, '2013-03-19', NULL, NULL),
(3018, 15, 0.00, 0, 1, 930, '2013-03-19', NULL, NULL),
(3019, 15, 0.00, 0, 1, 929, '2013-03-19', NULL, NULL),
(3020, 1, 12.00, 0, 2, 1193, '2013-03-19', NULL, NULL),
(3021, 1, 12.00, 0, 2, 1191, '2013-03-19', NULL, NULL),
(3022, 4, 0.00, 0, 2, 387, '2013-03-19', NULL, NULL),
(3023, 4, 0.00, 0, 2, 385, '2013-03-19', NULL, NULL),
(3024, 9, 12.00, 0, 1, 22, '2013-03-19', NULL, NULL),
(3025, 9, 12.00, 0, 1, 21, '2013-03-19', NULL, NULL),
(3026, 10, 0.00, 0, 1, 52, '2013-03-19', NULL, NULL),
(3027, 10, 0.00, 0, 1, 51, '2013-03-19', NULL, NULL),
(3028, 55, 0.00, 0, 4, 4, '2013-03-19', NULL, NULL),
(3029, 22, 0.00, 0, 1, 991, '2013-03-19', NULL, NULL),
(3030, 23, 0.00, 0, 1, 991, '2013-03-19', NULL, NULL),
(3031, 24, 0.00, 0, 1, 1009, '2013-03-19', NULL, NULL),
(3032, 21, 0.00, 0, 1, 11, '2013-03-19', NULL, NULL),
(3033, 24, 0.00, 0, 1, 1008, '2013-03-19', NULL, NULL),
(3034, 1, 12.00, 0, 2, 1189, '2013-03-19', NULL, NULL),
(3035, 1, 12.00, 0, 2, 1187, '2013-03-19', NULL, NULL),
(3036, 9, 12.00, 0, 1, 20, '2013-03-19', NULL, NULL),
(3037, 9, 12.00, 0, 1, 19, '2013-03-19', NULL, NULL),
(3038, 10, 0.00, 0, 1, 50, '2013-03-19', NULL, NULL),
(3039, 10, 0.00, 0, 1, 49, '2013-03-19', NULL, NULL),
(3040, 55, 0.00, 0, 4, 0, '2013-03-19', NULL, NULL),
(3041, 9, 12.00, 0, 1, 18, '2013-03-19', NULL, NULL),
(3042, 9, 12.00, 0, 1, 17, '2013-03-19', NULL, NULL),
(3043, 4, 0.00, 0, 2, 383, '2013-03-19', NULL, NULL),
(3044, 3, 0.00, 0, 2, 9929, '2013-03-19', NULL, NULL),
(3045, 1, 12.00, 0, 1, 1186, '2013-03-19', NULL, NULL),
(3046, 9, 12.00, 0, 1, 16, '2013-03-19', NULL, NULL),
(3047, 3, 0.00, 0, 2, 9927, '2013-03-19', NULL, NULL),
(3048, 2, 0.00, 0, 2, 851, '2013-03-19', NULL, NULL),
(3049, 4, 0.00, 0, 2, 381, '2013-03-19', NULL, NULL),
(3050, 9, 12.00, 0, 1, 15, '2013-03-19', NULL, NULL),
(3051, 1, 12.00, 0, 2, 1184, '2013-03-19', NULL, NULL),
(3052, 9, 12.00, 0, 1, 14, '2013-03-19', NULL, NULL),
(3053, 2, 0.00, 0, 2, 849, '2013-03-19', NULL, NULL),
(3054, 4, 0.00, 0, 2, 379, '2013-03-19', NULL, NULL),
(3055, 10, 0.00, 0, 1, 48, '2013-03-19', NULL, NULL),
(3056, 9, 12.00, 0, 1, 13, '2013-03-19', NULL, NULL),
(3057, 2, 0.00, 0, 1, 848, '2013-03-19', NULL, NULL),
(3058, 3, 0.00, 0, 1, 9926, '2013-03-19', NULL, NULL),
(3059, 2, 0.00, 0, 2, 846, '2013-03-19', NULL, NULL),
(3060, 1, 12.00, 0, 2, 1182, '2013-03-19', NULL, NULL),
(3061, 9, 12.00, 0, 1, 12, '2013-03-19', NULL, NULL),
(3062, 3, 0.00, 0, 2, 9924, '2013-03-19', NULL, NULL),
(3063, 2, 0.00, 0, 2, 844, '2013-03-19', NULL, NULL),
(3064, 4, 0.00, 0, 2, 377, '2013-03-19', NULL, NULL),
(3065, 10, 0.00, 0, 1, 47, '2013-03-19', NULL, NULL),
(3066, 2, 0.00, 0, 2, 842, '2013-03-19', NULL, NULL),
(3067, 1, 12.00, 0, 2, 1180, '2013-03-19', NULL, NULL),
(3068, 11, 0.00, 0, 1, 998, '2013-03-19', NULL, NULL),
(3069, 9, 12.00, 0, 1, 11, '2013-03-19', NULL, NULL),
(3070, 1, 12.00, 0, 2, 1178, '2013-03-19', NULL, NULL),
(3071, 11, 0.00, 0, 1, 997, '2013-03-19', NULL, NULL),
(3072, 10, 0.00, 0, 1, 46, '2013-03-19', NULL, NULL),
(3073, 10, 0.00, 0, 1, 45, '2013-03-19', NULL, NULL),
(3074, 9, 12.00, 0, 1, 10, '2013-03-19', NULL, NULL),
(3075, 20, 0.00, 0, 1, 1, '2013-03-19', NULL, NULL),
(3076, 10, 0.00, 0, 1, 44, '2013-03-19', NULL, NULL),
(3077, 3, 0.00, 0, 4, 9920, '2013-03-19', NULL, NULL),
(3078, 1, 12.00, 0, 1, 1177, '2013-03-19', NULL, NULL),
(3079, 4, 0.00, 0, 1, 376, '2013-03-19', NULL, NULL),
(3080, 1, 12.00, 0, 2, 1175, '2013-03-19', NULL, NULL),
(3081, 65, 0.00, 0, 1, 46, '2013-03-19', NULL, NULL),
(3082, 65, 0.00, 0, 1, 45, '2013-03-19', NULL, NULL),
(3083, 28, 12.00, 0, 1, 7, '2013-03-19', NULL, NULL),
(3084, 3, 0.00, 0, 2, 9918, '2013-03-19', NULL, NULL),
(3085, 2, 0.00, 0, 2, 840, '2013-03-19', NULL, NULL),
(3086, 4, 0.00, 0, 2, 374, '2013-03-19', NULL, NULL),
(3087, 2, 0.00, 0, 2, 838, '2013-03-19', NULL, NULL),
(3088, 1, 12.00, 0, 2, 1173, '2013-03-19', NULL, NULL),
(3089, 10, 0.00, 0, 1, 43, '2013-03-19', NULL, NULL),
(3090, 10, 0.00, 0, 1, 42, '2013-03-19', NULL, NULL),
(3091, 10, 0.00, 0, 1, 41, '2013-03-19', NULL, NULL),
(3092, 1, 12.00, 0, 2, 1171, '2013-03-19', NULL, NULL),
(3093, 1, 12.00, 0, 1, 1170, '2013-03-19', NULL, NULL),
(3094, 4, 0.00, 0, 1, 373, '2013-03-19', NULL, NULL),
(3095, 28, 12.00, 0, 0, 7, '2013-03-19', NULL, NULL),
(3096, 7, 0.00, 0, 1, 73, '2013-03-19', NULL, NULL),
(3097, 1, 12.00, 0, 1, 1169, '2013-03-19', NULL, NULL),
(3098, 1, 12.00, 0, 2, 1167, '2013-03-19', NULL, NULL),
(3099, 1, 12.00, 0, 1, 1166, '2013-03-19', NULL, NULL),
(3100, 4, 0.00, 0, 1, 372, '2013-03-19', NULL, NULL),
(3101, 1, 12.00, 0, 1, 1165, '2013-03-19', NULL, NULL),
(3102, 4, 0.00, 0, 1, 371, '2013-03-19', NULL, NULL),
(3103, 7, 0.00, 0, 1, 72, '2013-03-19', NULL, NULL),
(3104, 10, 0.00, 0, 1, 40, '2013-03-19', NULL, NULL),
(3105, 1, 12.00, 0, 2, 1163, '2013-03-19', NULL, NULL),
(3106, 7, 0.00, 0, 1, 71, '2013-03-19', NULL, NULL),
(3107, 10, 0.00, 0, 1, 39, '2013-03-19', NULL, NULL),
(3108, 10, 0.00, 0, 1, 38, '2013-03-19', NULL, NULL),
(3109, 1, 12.00, 0, 2, 1161, '2013-03-19', NULL, NULL),
(3110, 1, 12.00, 0, 2, 1159, '2013-03-19', NULL, NULL),
(3111, 9, 12.00, 0, 1, 9, '2013-03-19', NULL, NULL),
(3112, 9, 12.00, 0, 1, 8, '2013-03-19', NULL, NULL),
(3113, 1, 12.00, 0, 2, 1157, '2013-03-19', NULL, NULL),
(3114, 7, 0.00, 0, 1, 70, '2013-03-19', NULL, NULL),
(3115, 10, 0.00, 0, 1, 37, '2013-03-19', NULL, NULL),
(3116, 1, 12.00, 0, 2, 1155, '2013-03-19', NULL, NULL),
(3117, 1, 12.00, 0, 2, 1153, '2013-03-19', NULL, NULL),
(3118, 6, 11.00, 0, 1, 75, '2013-03-19', NULL, NULL),
(3119, 6, 11.00, 0, 1, 74, '2013-03-19', NULL, NULL),
(3120, 2, 0.00, 0, 2, 836, '2013-03-19', NULL, NULL),
(3121, 1, 12.00, 0, 2, 1151, '2013-03-19', NULL, NULL),
(3122, 1, 12.00, 0, 2, 1149, '2013-03-19', NULL, NULL),
(3123, 15, 0.00, 0, 1, 928, '2013-03-19', NULL, NULL),
(3124, 1, 12.00, 0, 2, 1147, '2013-03-19', NULL, NULL),
(3125, 10, 0.00, 0, 0, 38, '2013-03-19', NULL, NULL),
(3126, 1, 12.00, 0, 1, 1146, '2013-03-19', NULL, NULL),
(3127, 1, 12.00, 0, 2, 1144, '2013-03-19', NULL, NULL),
(3128, 9, 12.00, 0, 1, 7, '2013-03-19', NULL, NULL),
(3129, 1, 12.00, 0, 1, 1143, '2013-03-19', NULL, NULL),
(3130, 9, 12.00, 0, 1, 6, '2013-03-19', NULL, NULL),
(3131, 1, 12.00, 0, 1, 1142, '2013-03-19', NULL, NULL),
(3132, 4, 0.00, 0, 1, 370, '2013-03-19', NULL, NULL),
(3133, 1, 12.00, 0, 0, 1144, '2013-03-19', NULL, NULL),
(3134, 6, 11.00, 0, 1, 73, '2013-03-19', NULL, NULL),
(3135, 2, 0.00, 0, 2, 834, '2013-03-19', NULL, NULL),
(3136, 4, 0.00, 0, 2, 368, '2013-03-19', NULL, NULL),
(3137, 9, 12.00, 0, 0, 6, '2013-03-19', NULL, NULL),
(3138, 2, 0.00, 0, 2, 832, '2013-03-19', NULL, NULL),
(3139, 4, 0.00, 0, 2, 366, '2013-03-19', NULL, NULL),
(3140, 2, 0.00, 0, 2, 830, '2013-03-19', NULL, NULL),
(3141, 4, 0.00, 0, 2, 364, '2013-03-19', NULL, NULL),
(3142, 9, 12.00, 0, 0, 6, '2013-03-19', NULL, NULL),
(3143, 2, 0.00, 0, 2, 828, '2013-03-20', NULL, NULL),
(3144, 4, 0.00, 0, 2, 362, '2013-03-20', NULL, NULL),
(3145, 2, 0.00, 0, 2, 826, '2013-03-20', NULL, NULL),
(3146, 4, 0.00, 0, 2, 360, '2013-03-20', NULL, NULL),
(3147, 2, 0.00, 0, 2, 824, '2013-03-20', NULL, NULL),
(3148, 4, 0.00, 0, 2, 358, '2013-03-20', NULL, NULL),
(3149, 9, 12.00, 0, 1, 5, '2013-03-20', NULL, NULL),
(3150, 9, 12.00, 0, 1, 4, '2013-03-20', NULL, NULL),
(3151, 9, 12.00, 0, 0, 4, '2013-03-20', NULL, NULL),
(3152, 1, 12.00, 0, 2, 1142, '2013-03-23', NULL, NULL),
(3153, 21, 0.00, 0, 1, 10, '2013-03-23', NULL, NULL),
(3154, 24, 0.00, 0, 1, 1007, '2013-03-23', NULL, NULL),
(3155, 65, 0.00, 0, 1, 44, '2013-03-23', NULL, NULL),
(3156, 22, 0.00, 0, 1, 990, '2013-03-23', NULL, NULL),
(3157, 23, 0.00, 0, 1, 990, '2013-03-23', NULL, NULL),
(3158, 24, 0.00, 0, 1, 1006, '2013-03-23', NULL, NULL),
(3159, 21, 0.00, 0, 1, 9, '2013-03-23', NULL, NULL),
(3160, 24, 0.00, 0, 1, 1005, '2013-03-23', NULL, NULL),
(3161, 20, 0.00, 0, 1, 0, '2013-03-23', NULL, NULL),
(3162, 10, 0.00, 0, 1, 37, '2013-03-23', NULL, NULL),
(3163, 9, 12.00, 0, 1, 3, '2013-03-23', NULL, NULL),
(3164, 2, 0.00, 0, 2, 822, '2013-03-23', NULL, NULL),
(3165, 1, 12.00, 0, 2, 1140, '2013-03-23', NULL, NULL),
(3166, 10, 0.00, 0, 1, 36, '2013-03-23', NULL, NULL),
(3167, 10, 0.00, 0, 1, 35, '2013-03-23', NULL, NULL),
(3168, 1, 12.00, 0, 1, 1139, '2013-03-23', NULL, NULL),
(3169, 4, 0.00, 0, 1, 357, '2013-03-23', NULL, NULL),
(3170, 1, 12.00, 0, 2, 1137, '2013-03-23', NULL, NULL),
(3171, 22, 0.00, 0, 1, 989, '2013-03-23', NULL, NULL),
(3172, 23, 0.00, 0, 1, 989, '2013-03-23', NULL, NULL),
(3173, 24, 0.00, 0, 1, 1004, '2013-03-23', NULL, NULL),
(3174, 24, 0.00, 0, 1, 1003, '2013-03-23', NULL, NULL),
(3175, 21, 0.00, 0, 1, 8, '2013-03-23', NULL, NULL),
(3176, 11, 0.00, 0, 1, 996, '2013-03-23', NULL, NULL),
(3177, 4, 0.00, 0, 2, 355, '2013-03-23', NULL, NULL),
(3178, 2, 0.00, 0, 2, 820, '2013-03-23', NULL, NULL),
(3179, 4, 0.00, 0, 2, 353, '2013-03-23', NULL, NULL),
(3180, 1, 12.00, 0, 1, 1136, '2013-03-23', NULL, NULL),
(3181, 3, 0.00, 0, 2, 9916, '2013-03-23', NULL, NULL),
(3182, 1, 12.00, 0, 1, 1135, '2013-03-23', NULL, NULL),
(3183, 2, 0.00, 0, 2, 818, '2013-03-23', NULL, NULL),
(3184, 4, 0.00, 0, 2, 351, '2013-03-23', NULL, NULL),
(3185, 3, 0.00, 0, 2, 9914, '2013-03-23', NULL, NULL),
(3186, 1, 12.00, 0, 1, 1134, '2013-03-23', NULL, NULL),
(3187, 9, 12.00, 0, 1, 2, '2013-03-23', NULL, NULL),
(3188, 9, 12.00, 0, 1, 1, '2013-03-23', NULL, NULL),
(3189, 3, 0.00, 0, 2, 9912, '2013-03-23', NULL, NULL),
(3190, 1, 12.00, 0, 1, 1133, '2013-03-23', NULL, NULL),
(3191, 56, 0.00, 0, 1, 15, '2013-03-23', NULL, NULL),
(3192, 3, 0.00, 0, 2, 9910, '2013-03-23', NULL, NULL),
(3193, 1, 12.00, 0, 1, 1132, '2013-03-23', NULL, NULL),
(3194, 1, 12.00, 0, 1, 1131, '2013-03-23', NULL, NULL),
(3195, 3, 0.00, 0, 2, 9908, '2013-03-23', NULL, NULL),
(3196, 4, 0.00, 0, 2, 349, '2013-03-23', NULL, NULL),
(3197, 3, 0.00, 0, 2, 9906, '2013-03-23', NULL, NULL),
(3198, 1, 12.00, 0, 1, 1130, '2013-03-23', NULL, NULL),
(3199, 3, 0.00, 0, 2, 9904, '2013-03-23', NULL, NULL),
(3200, 4, 0.00, 0, 2, 347, '2013-03-23', NULL, NULL),
(3201, 3, 0.00, 0, 2, 9902, '2013-03-23', NULL, NULL),
(3202, 1, 12.00, 0, 1, 1129, '2013-03-23', NULL, NULL),
(3203, 3, 0.00, 0, 2, 9900, '2013-03-23', NULL, NULL),
(3204, 1, 12.00, 0, 1, 1128, '2013-03-23', NULL, NULL),
(3205, 3, 0.00, 0, 2, 9898, '2013-03-23', NULL, NULL),
(3206, 1, 12.00, 0, 1, 1127, '2013-03-23', NULL, NULL),
(3207, 3, 0.00, 0, 2, 9896, '2013-03-23', NULL, NULL),
(3208, 1, 12.00, 0, 1, 1126, '2013-03-23', NULL, NULL),
(3209, 3, 0.00, 0, 2, 9894, '2013-03-23', NULL, NULL),
(3210, 4, 0.00, 0, 2, 345, '2013-03-23', NULL, NULL),
(3211, 3, 0.00, 0, 2, 9892, '2013-03-23', NULL, NULL),
(3212, 1, 12.00, 0, 1, 1125, '2013-03-23', NULL, NULL),
(3213, 3, 0.00, 0, 2, 9890, '2013-03-23', NULL, NULL),
(3214, 1, 12.00, 0, 1, 1124, '2013-03-23', NULL, NULL),
(3215, 3, 0.00, 0, 2, 9888, '2013-03-23', NULL, NULL),
(3216, 1, 12.00, 0, 1, 1123, '2013-03-23', NULL, NULL),
(3217, 3, 0.00, 0, 2, 9886, '2013-03-23', NULL, NULL),
(3218, 1, 12.00, 0, 1, 1122, '2013-03-23', NULL, NULL),
(3219, 1, 12.00, 0, 1, 1121, '2013-03-23', NULL, NULL),
(3220, 2, 0.00, 0, 1, 817, '2013-03-23', NULL, NULL),
(3221, 3, 0.00, 0, 2, 9884, '2013-03-23', NULL, NULL),
(3222, 2, 0.00, 0, 1, 816, '2013-03-23', NULL, NULL),
(3223, 3, 0.00, 0, 2, 9882, '2013-03-23', NULL, NULL),
(3224, 2, 0.00, 0, 1, 815, '2013-03-23', NULL, NULL),
(3225, 2, 0.00, 0, 1, 814, '2013-03-23', NULL, NULL),
(3226, 2, 0.00, 0, 1, 813, '2013-03-23', NULL, NULL),
(3227, 2, 0.00, 0, 1, 812, '2013-03-23', NULL, NULL),
(3228, 3, 0.00, 0, 2, 9880, '2013-03-23', NULL, NULL),
(3229, 1, 12.00, 0, 2, 1119, '2013-03-23', NULL, NULL),
(3230, 2, 0.00, 0, 2, 810, '2013-03-23', NULL, NULL),
(3231, 4, 0.00, 0, 2, 343, '2013-03-23', NULL, NULL),
(3232, 2, 0.00, 0, 2, 808, '2013-03-23', NULL, NULL),
(3233, 3, 0.00, 0, 2, 9878, '2013-03-23', NULL, NULL),
(3234, 69, 10.00, 2, 0, 2, '2013-03-23', NULL, NULL),
(3235, 64, 0.00, 0, 1, 8, '2013-03-23', NULL, NULL),
(3236, 1, 12.00, 0, 2, 1117, '2013-03-23', NULL, NULL),
(3237, 1, 12.00, 0, 2, 1115, '2013-03-23', NULL, NULL),
(3238, 3, 0.00, 0, 2, 9876, '2013-03-23', NULL, NULL),
(3239, 1, 12.00, 0, 1, 1114, '2013-03-23', NULL, NULL),
(3240, 3, 0.00, 0, 2, 9874, '2013-03-23', NULL, NULL),
(3241, 1, 12.00, 0, 1, 1113, '2013-03-23', NULL, NULL),
(3242, 3, 0.00, 0, 2, 9872, '2013-03-23', NULL, NULL),
(3243, 1, 12.00, 0, 1, 1112, '2013-03-23', NULL, NULL),
(3244, 3, 0.00, 0, 2, 9870, '2013-03-23', NULL, NULL),
(3245, 1, 12.00, 0, 1, 1111, '2013-03-23', NULL, NULL),
(3246, 3, 0.00, 0, 2, 9868, '2013-03-23', NULL, NULL),
(3247, 1, 12.00, 0, 1, 1110, '2013-03-23', NULL, NULL),
(3248, 1, 12.00, 0, 1, 1109, '2013-03-23', NULL, NULL),
(3249, 4, 0.00, 0, 1, 342, '2013-03-23', NULL, NULL),
(3250, 1, 12.00, 0, 1, 1108, '2013-03-23', NULL, NULL),
(3251, 4, 0.00, 0, 1, 341, '2013-03-23', NULL, NULL),
(3252, 9, 12.00, 0, 1, 0, '2013-03-23', NULL, NULL),
(3253, 3, 0.00, 0, 2, 9866, '2013-03-23', NULL, NULL),
(3254, 1, 12.00, 0, 1, 1107, '2013-03-23', NULL, NULL),
(3255, 3, 0.00, 0, 2, 9864, '2013-03-23', NULL, NULL),
(3256, 4, 0.00, 0, 2, 339, '2013-03-23', NULL, NULL),
(3257, 2, 0.00, 0, 2, 806, '2013-03-23', NULL, NULL),
(3258, 4, 0.00, 0, 2, 337, '2013-03-23', NULL, NULL),
(3259, 4, 0.00, 0, 2, 335, '2013-03-23', NULL, NULL),
(3260, 3, 0.00, 0, 2, 9862, '2013-03-23', NULL, NULL),
(3261, 1, 12.00, 0, 1, 1106, '2013-03-23', NULL, NULL),
(3262, 10, 0.00, 0, 1, 34, '2013-03-23', NULL, NULL),
(3263, 10, 0.00, 0, 1, 33, '2013-03-23', NULL, NULL),
(3264, 10, 0.00, 0, 1, 32, '2013-03-23', NULL, NULL),
(3265, 43, 0.20, 0, 1, 1, '2013-03-23', NULL, NULL),
(3266, 2, 0.00, 0, 1, 805, '2013-03-23', NULL, NULL),
(3267, 3, 0.00, 0, 2, 9860, '2013-03-23', NULL, NULL),
(3268, 1, 12.00, 0, 1, 1105, '2013-03-23', NULL, NULL),
(3269, 3, 0.00, 0, 2, 9858, '2013-03-23', NULL, NULL),
(3270, 1, 12.00, 0, 1, 1104, '2013-03-23', NULL, NULL),
(3271, 10, 0.00, 0, 1, 31, '2013-03-23', NULL, NULL),
(3272, 10, 0.00, 0, 1, 30, '2013-03-23', NULL, NULL),
(3273, 3, 0.00, 0, 2, 9856, '2013-03-23', NULL, NULL),
(3274, 1, 12.00, 0, 1, 1103, '2013-03-23', NULL, NULL),
(3275, 10, 0.00, 0, 1, 29, '2013-03-23', NULL, NULL),
(3276, 24, 0.00, 100000, 0, 101003, '2013-03-23', NULL, NULL),
(3277, 1, 12.00, 100000, 0, 101103, '2013-03-23', NULL, NULL),
(3278, 10, 0.00, 100000, 0, 100029, '2013-03-23', NULL, NULL),
(3279, 11, 0.00, 100000, 0, 100996, '2013-03-23', NULL, NULL),
(3280, 12, 0.00, 100000, 0, 100030, '2013-03-23', NULL, NULL),
(3281, 13, 0.00, 100000, 0, 100000, '2013-03-23', NULL, NULL),
(3282, 14, 0.00, 100000, 0, 100921, '2013-03-23', NULL, NULL),
(3283, 15, 0.00, 100000, 0, 100928, '2013-03-23', NULL, NULL),
(3284, 16, 0.00, 100000, 0, 100044, '2013-03-23', NULL, NULL),
(3285, 17, 0.00, 100000, 0, 100000, '2013-03-23', NULL, NULL),
(3286, 18, 0.00, 100000, 0, 100049, '2013-03-23', NULL, NULL),
(3287, 19, 0.00, 100000, 0, 100067, '2013-03-23', NULL, NULL),
(3288, 2, 0.00, 100000, 0, 100805, '2013-03-23', NULL, NULL),
(3289, 20, 0.00, 10, 0, 10, '2013-03-23', NULL, NULL),
(3290, 21, 0.00, 10, 0, 18, '2013-03-23', NULL, NULL),
(3291, 24, 0.00, 20, 0, 101023, '2013-03-23', NULL, NULL),
(3292, 4, 0.00, 50, 0, 385, '2013-03-23', NULL, NULL),
(3293, 5, 0.00, 30, 0, 30, '2013-03-23', NULL, NULL),
(3294, 9, 12.00, 1000, 0, 1000, '2013-03-23', NULL, NULL),
(3295, 58, 0.00, 1000, 0, 1000, '2013-03-23', NULL, NULL),
(3296, 55, 0.00, 10, 0, 10, '2013-03-23', NULL, NULL),
(3297, 6, 11.00, 12, 0, 85, '2013-03-23', NULL, NULL),
(3298, 28, 12.00, 10, 0, 17, '2013-03-23', NULL, NULL),
(3299, 5, 0.00, 0, 1, 29, '2013-03-23', NULL, NULL),
(3300, 2, 0.00, 0, 1, 100804, '2013-03-23', NULL, NULL),
(3301, 2, 0.00, 0, 1, 100803, '2013-03-23', NULL, NULL),
(3302, 4, 0.00, 0, 1, 384, '2013-03-23', NULL, NULL),
(3303, 3, 0.00, 0, 2, 9854, '2013-03-23', NULL, NULL),
(3304, 4, 0.00, 0, 2, 382, '2013-03-23', NULL, NULL),
(3305, 1, 12.00, 0, 1, 101102, '2013-03-23', NULL, NULL),
(3306, 55, 0.00, 0, 3, 7, '2013-03-23', NULL, NULL),
(3307, 9, 12.00, 0, 1, 999, '2013-03-23', NULL, NULL),
(3308, 6, 11.00, 0, 1, 84, '2013-03-23', NULL, NULL),
(3309, 9, 12.00, 0, 1, 998, '2013-03-23', NULL, NULL),
(3310, 9, 12.00, 0, 1, 997, '2013-03-23', NULL, NULL),
(3311, 21, 0.00, 0, 1, 17, '2013-03-23', NULL, NULL),
(3312, 24, 0.00, 0, 1, 101022, '2013-03-23', NULL, NULL),
(3313, 5, 0.00, 0, 1, 28, '2013-03-23', NULL, NULL),
(3314, 4, 0.00, 0, 2, 380, '2013-03-23', NULL, NULL),
(3315, 5, 0.00, 0, 1, 27, '2013-03-23', NULL, NULL),
(3316, 4, 0.00, 0, 2, 378, '2013-03-23', NULL, NULL),
(3317, 5, 0.00, 0, 0, 27, '2013-03-23', NULL, NULL),
(3318, 4, 0.00, 0, 1, 377, '2013-03-23', NULL, NULL),
(3319, 2, 0.00, 0, 2, 100801, '2013-03-23', NULL, NULL),
(3320, 3, 0.00, 0, 2, 9852, '2013-03-23', NULL, NULL),
(3321, 2, 0.00, 0, 2, 100799, '2013-03-23', NULL, NULL),
(3322, 3, 0.00, 0, 2, 9850, '2013-03-23', NULL, NULL),
(3323, 2, 0.00, 0, 2, 100797, '2013-03-23', NULL, NULL),
(3324, 3, 0.00, 0, 2, 9848, '2013-03-23', NULL, NULL),
(3325, 2, 0.00, 0, 2, 100795, '2013-03-23', NULL, NULL),
(3326, 3, 0.00, 0, 2, 9846, '2013-03-23', NULL, NULL),
(3327, 2, 0.00, 0, 2, 100793, '2013-03-23', NULL, NULL),
(3328, 3, 0.00, 0, 2, 9844, '2013-03-23', NULL, NULL),
(3329, 2, 0.00, 0, 1, 100792, '2013-03-23', NULL, NULL),
(3330, 3, 0.00, 0, 1, 9843, '2013-03-23', NULL, NULL),
(3331, 57, 0.00, 0, 1, 3, '2013-03-23', NULL, NULL),
(3332, 5, 0.00, 0, 1, 26, '2013-03-23', NULL, NULL),
(3333, 4, 0.00, 0, 2, 375, '2013-03-23', NULL, NULL),
(3334, 2, 0.00, 0, 2, 100790, '2013-03-23', NULL, NULL),
(3335, 1, 12.00, 0, 2, 101100, '2013-03-23', NULL, NULL),
(3336, 9, 12.00, 0, 1, 996, '2013-03-23', NULL, NULL),
(3337, 9, 12.00, 0, 1, 995, '2013-03-23', NULL, NULL),
(3338, 1, 12.00, 0, 1, 101099, '2013-03-23', NULL, NULL),
(3339, 55, 0.00, 0, 3, 4, '2013-03-23', NULL, NULL),
(3340, 21, 0.00, 0, 1, 16, '2013-03-23', NULL, NULL),
(3341, 24, 0.00, 0, 1, 101021, '2013-03-23', NULL, NULL),
(3342, 9, 12.00, 0, 1, 994, '2013-03-23', NULL, NULL),
(3343, 9, 12.00, 0, 1, 993, '2013-03-23', NULL, NULL),
(3344, 9, 12.00, 0, 0, 993, '2013-03-23', NULL, NULL),
(3345, 5, 0.00, 0, 1, 25, '2013-03-23', NULL, NULL),
(3346, 2, 0.00, 0, 1, 100789, '2013-03-23', NULL, NULL),
(3347, 9, 12.00, 0, 1, 992, '2013-03-23', NULL, NULL),
(3348, 20, 0.00, 0, 1, 9, '2013-03-23', NULL, NULL),
(3349, 2, 0.00, 0, 2, 100787, '2013-03-23', NULL, NULL),
(3350, 1, 12.00, 0, 1, 101098, '2013-03-23', NULL, NULL),
(3351, 9, 12.00, 0, 1, 991, '2013-03-23', NULL, NULL),
(3352, 9, 12.00, 0, 1, 990, '2013-03-23', NULL, NULL),
(3353, 9, 12.00, 0, 1, 989, '2013-03-23', NULL, NULL),
(3354, 55, 0.00, 0, 4, 0, '2013-03-23', NULL, NULL),
(3355, 1, 12.00, 0, 1, 101097, '2013-03-23', NULL, NULL),
(3356, 9, 12.00, 0, 1, 988, '2013-03-23', NULL, NULL),
(3357, 9, 12.00, 0, 1, 987, '2013-03-23', NULL, NULL),
(3358, 1, 12.00, 0, 1, 101096, '2013-03-23', NULL, NULL),
(3359, 1, 12.00, 0, 1, 101095, '2013-03-23', NULL, NULL),
(3360, 55, 0.00, 10, 0, 10, '2013-03-23', NULL, NULL),
(3361, 2, 0.00, 0, 2, 100785, '2013-03-23', NULL, NULL),
(3362, 3, 0.00, 0, 2, 9841, '2013-03-23', NULL, NULL),
(3363, 1, 12.00, 0, 2, 101093, '2013-03-23', NULL, NULL),
(3364, 55, 0.00, 0, 4, 6, '2013-03-23', NULL, NULL),
(3365, 55, 0.00, 0, 4, 2, '2013-03-23', NULL, NULL),
(3366, 55, 0.00, 0, 2, 0, '2013-03-23', NULL, NULL),
(3367, 1, 12.00, 0, 1, 101092, '2013-03-23', NULL, NULL),
(3368, 7, 0.00, 0, 1, 69, '2013-03-23', NULL, NULL),
(3369, 9, 12.00, 0, 1, 986, '2013-03-23', NULL, NULL),
(3370, 55, 0.00, 10, 0, 10, '2013-03-23', NULL, NULL),
(3371, 5, 0.00, 0, 1, 24, '2013-03-23', NULL, NULL),
(3372, 3, 0.00, 0, 2, 9839, '2013-03-23', NULL, NULL),
(3373, 7, 0.00, 0, 1, 68, '2013-03-23', NULL, NULL),
(3374, 24, 0.00, 0, 1, 101020, '2013-03-23', NULL, NULL),
(3375, 21, 0.00, 0, 1, 15, '2013-03-23', NULL, NULL),
(3376, 16, 0.00, 0, 1, 100043, '2013-03-23', NULL, NULL),
(3377, 59, 0.00, 100, 0, 108, '2013-03-23', NULL, NULL),
(3378, 9, 12.00, 0, 0, 986, '2013-03-23', NULL, NULL),
(3379, 31, 0.00, 100, 0, 100, '2013-03-23', NULL, NULL),
(3380, 31, 0.00, 0, 1, 99, '2013-03-23', NULL, NULL),
(3381, 28, 12.00, 0, 1, 16, '2013-03-23', NULL, NULL),
(3382, 5, 0.00, 0, 1, 23, '2013-03-23', NULL, NULL),
(3383, 2, 0.00, 0, 1, 100784, '2013-03-23', NULL, NULL),
(3384, 5, 0.00, 0, 1, 22, '2013-03-23', NULL, NULL),
(3385, 2, 0.00, 0, 1, 100783, '2013-03-23', NULL, NULL),
(3386, 20, 0.00, 0, 1, 8, '2013-03-23', NULL, NULL),
(3387, 20, 0.00, 0, 1, 7, '2013-03-23', NULL, NULL),
(3388, 5, 0.00, 0, 1, 21, '2013-03-23', NULL, NULL),
(3389, 2, 0.00, 0, 1, 100782, '2013-03-23', NULL, NULL),
(3390, 5, 0.00, 0, 1, 20, '2013-03-23', NULL, NULL),
(3391, 3, 0.00, 0, 2, 9837, '2013-03-23', NULL, NULL),
(3392, 3, 0.00, 0, 4, 9833, '2013-03-23', NULL, NULL),
(3393, 3, 0.00, 0, 4, 9829, '2013-03-23', NULL, NULL),
(3394, 3, 0.00, 0, 4, 9825, '2013-03-23', NULL, NULL),
(3395, 2, 0.00, 0, 2, 100780, '2013-03-23', NULL, NULL),
(3396, 3, 0.00, 0, 0, 9825, '2013-03-23', NULL, NULL),
(3397, 3, 0.00, 0, 4, 9821, '2013-03-23', NULL, NULL),
(3398, 9, 12.00, 0, 1, 985, '2013-03-23', NULL, NULL),
(3399, 6, 11.00, 0, 1, 83, '2013-03-23', NULL, NULL),
(3400, 6, 11.00, 0, 0, 83, '2013-03-23', NULL, NULL),
(3401, 18, 0.00, 0, 1, 100048, '2013-03-23', NULL, NULL),
(3402, 5, 0.00, 0, 1, 19, '2013-03-23', NULL, NULL),
(3403, 2, 0.00, 0, 1, 100779, '2013-03-23', NULL, NULL),
(3404, 1, 12.00, 0, 1, 101091, '2013-03-23', NULL, NULL),
(3405, 4, 0.00, 0, 1, 374, '2013-03-23', NULL, NULL),
(3406, 55, 0.00, 0, 4, 6, '2013-03-23', NULL, NULL),
(3407, 15, 0.00, 0, 1, 100927, '2013-03-23', NULL, NULL),
(3408, 15, 0.00, 0, 1, 100926, '2013-03-23', NULL, NULL),
(3409, 20, 0.00, 0, 0, 7, '2013-03-23', NULL, NULL),
(3410, 20, 0.00, 0, 1, 6, '2013-03-23', NULL, NULL),
(3411, 21, 0.00, 0, 1, 14, '2013-03-23', NULL, NULL),
(3412, 22, 0.00, 0, 1, 988, '2013-03-23', NULL, NULL),
(3413, 23, 0.00, 0, 1, 988, '2013-03-23', NULL, NULL),
(3414, 24, 0.00, 0, 1, 101019, '2013-03-23', NULL, NULL),
(3415, 9, 12.00, 0, 1, 984, '2013-03-23', NULL, NULL),
(3416, 9, 12.00, 0, 1, 983, '2013-03-23', NULL, NULL),
(3417, 5, 0.00, 0, 1, 18, '2013-03-23', NULL, NULL),
(3418, 2, 0.00, 0, 1, 100778, '2013-03-23', NULL, NULL),
(3419, 9, 12.00, 0, 1, 982, '2013-03-23', NULL, NULL),
(3420, 22, 0.00, 0, 0, 988, '2013-03-23', NULL, NULL),
(3421, 23, 0.00, 0, 0, 988, '2013-03-23', NULL, NULL),
(3422, 24, 0.00, 0, 1, 101018, '2013-03-23', NULL, NULL),
(3423, 9, 12.00, 0, 1, 981, '2013-03-23', NULL, NULL),
(3424, 12, 0.00, 0, 1, 100029, '2013-03-23', NULL, NULL),
(3425, 9, 12.00, 0, 1, 980, '2013-03-23', NULL, NULL),
(3426, 1, 12.00, 0, 2, 101089, '2013-03-23', NULL, NULL),
(3427, 17, 0.00, 0, 1, 99999, '2013-03-23', NULL, NULL),
(3428, 17, 0.00, 0, 1, 99998, '2013-03-23', NULL, NULL),
(3429, 1, 12.00, 0, 1, 101088, '2013-03-23', NULL, NULL),
(3430, 55, 0.00, 0, 3, 3, '2013-03-23', NULL, NULL),
(3431, 6, 11.00, 0, 1, 82, '2013-03-23', NULL, NULL),
(3432, 59, 0.00, 0, 1, 107, '2013-03-23', NULL, NULL),
(3433, 59, 0.00, 0, 1, 106, '2013-03-23', NULL, NULL),
(3434, 20, 0.00, 0, 0, 6, '2013-03-23', NULL, NULL),
(3435, 16, 0.00, 0, 1, 100042, '2013-03-23', NULL, NULL),
(3436, 18, 0.00, 0, 1, 100047, '2013-03-23', NULL, NULL),
(3437, 18, 0.00, 0, 0, 100047, '2013-03-23', NULL, NULL),
(3438, 3, 0.00, 0, 2, 9819, '2013-03-23', NULL, NULL),
(3439, 1, 12.00, 0, 1, 101087, '2013-03-23', NULL, NULL),
(3440, 3, 0.00, 0, 2, 9817, '2013-03-23', NULL, NULL),
(3441, 4, 0.00, 0, 2, 372, '2013-03-23', NULL, NULL),
(3442, 1, 12.00, 0, 2, 101085, '2013-03-23', NULL, NULL),
(3443, 9, 12.00, 0, 1, 979, '2013-03-23', NULL, NULL),
(3444, 9, 12.00, 0, 1, 978, '2013-03-23', NULL, NULL),
(3445, 5, 0.00, 0, 1, 17, '2013-03-23', NULL, NULL),
(3446, 2, 0.00, 0, 1, 100777, '2013-03-23', NULL, NULL),
(3447, 2, 0.00, 0, 2, 100775, '2013-03-23', NULL, NULL),
(3448, 3, 0.00, 0, 2, 9815, '2013-03-23', NULL, NULL),
(3449, 7, 0.00, 0, 1, 67, '2013-03-23', NULL, NULL),
(3450, 2, 0.00, 0, 2, 100773, '2013-03-23', NULL, NULL),
(3451, 3, 0.00, 0, 2, 9813, '2013-03-23', NULL, NULL),
(3452, 15, 0.00, 0, 0, 100926, '2013-03-23', NULL, NULL),
(3453, 56, 0.00, 0, 1, 14, '2013-03-23', NULL, NULL),
(3454, 19, 0.00, 0, 1, 100066, '2013-03-23', NULL, NULL),
(3455, 9, 12.00, 0, 1, 977, '2013-03-23', NULL, NULL),
(3456, 9, 12.00, 0, 1, 976, '2013-03-23', NULL, NULL),
(3457, 9, 12.00, 0, 0, 976, '2013-03-23', NULL, NULL),
(3458, 56, 0.00, 0, 1, 13, '2013-03-23', NULL, NULL),
(3459, 5, 0.00, 0, 1, 16, '2013-03-23', NULL, NULL),
(3460, 3, 0.00, 0, 2, 9811, '2013-03-23', NULL, NULL),
(3461, 5, 0.00, 0, 1, 15, '2013-03-23', NULL, NULL),
(3462, 2, 0.00, 0, 1, 100772, '2013-03-23', NULL, NULL),
(3463, 5, 0.00, 0, 1, 14, '2013-03-23', NULL, NULL),
(3464, 3, 0.00, 0, 2, 9809, '2013-03-23', NULL, NULL),
(3465, 5, 0.00, 0, 0, 16, '2013-03-23', NULL, NULL),
(3466, 1, 12.00, 0, 1, 101084, '2013-03-23', NULL, NULL),
(3467, 3, 0.00, 0, 4, 9805, '2013-03-23', NULL, NULL),
(3468, 2, 0.00, 0, 2, 100770, '2013-03-23', NULL, NULL),
(3469, 3, 0.00, 0, 2, 9803, '2013-03-23', NULL, NULL),
(3470, 2, 0.00, 0, 2, 100768, '2013-03-23', NULL, NULL),
(3471, 1, 12.00, 0, 1, 101083, '2013-03-23', NULL, NULL),
(3472, 2, 0.00, 0, 1, 100767, '2013-03-23', NULL, NULL),
(3473, 4, 0.00, 0, 2, 370, '2013-03-23', NULL, NULL),
(3474, 3, 0.00, 0, 2, 9801, '2013-03-23', NULL, NULL),
(3475, 1, 12.00, 0, 0, 101083, '2013-03-23', NULL, NULL),
(3476, 3, 0.00, 0, 1, 9800, '2013-03-23', NULL, NULL),
(3477, 4, 0.00, 0, 2, 368, '2013-03-23', NULL, NULL),
(3478, 16, 0.00, 0, 1, 100041, '2013-03-23', NULL, NULL),
(3479, 56, 0.00, 0, 1, 12, '2013-03-23', NULL, NULL),
(3480, 16, 0.00, 0, 1, 100040, '2013-03-23', NULL, NULL),
(3481, 56, 0.00, 0, 1, 11, '2013-03-23', NULL, NULL),
(3482, 31, 0.00, 0, 1, 98, '2013-03-23', NULL, NULL),
(3483, 31, 0.00, 0, 1, 97, '2013-03-23', NULL, NULL),
(3484, 11, 0.00, 0, 1, 100995, '2013-03-23', NULL, NULL),
(3485, 11, 0.00, 0, 1, 100994, '2013-03-23', NULL, NULL),
(3486, 9, 12.00, 0, 1, 975, '2013-03-23', NULL, NULL),
(3487, 6, 11.00, 0, 1, 81, '2013-03-23', NULL, NULL),
(3488, 55, 0.00, 0, 4, -1, '2013-03-23', NULL, NULL),
(3489, 28, 12.00, 0, 1, 15, '2013-03-23', NULL, NULL),
(3490, 9, 12.00, 0, 1, 974, '2013-03-23', NULL, NULL),
(3491, 9, 12.00, 0, 1, 973, '2013-03-23', NULL, NULL),
(3492, 21, 0.00, 0, 1, 13, '2013-03-23', NULL, NULL),
(3493, 24, 0.00, 0, 1, 101017, '2013-03-23', NULL, NULL),
(3494, 21, 0.00, 0, 1, 12, '2013-03-23', NULL, NULL),
(3495, 24, 0.00, 0, 0, 101017, '2013-03-23', NULL, NULL),
(3496, 71, 0.00, 5, 0, 5, '2013-03-23', NULL, NULL),
(3497, 71, 0.00, 0, 1, 4, '2013-03-23', NULL, NULL),
(3498, 71, 0.00, 0, 1, 3, '2013-03-23', NULL, NULL),
(3499, 71, 0.00, 0, 1, 2, '2013-03-23', NULL, NULL),
(3500, 71, 0.00, 0, 1, 1, '2013-03-23', NULL, NULL),
(3501, 24, 0.00, 0, 1, 101016, '2013-03-23', NULL, NULL),
(3502, 2, 0.00, 0, 2, 100765, '2013-03-23', NULL, NULL),
(3503, 1, 12.00, 0, 1, 101082, '2013-03-23', NULL, NULL),
(3504, 3, 0.00, 0, 2, 9798, '2013-03-23', NULL, NULL),
(3505, 4, 0.00, 0, 2, 366, '2013-03-23', NULL, NULL),
(3506, 3, 0.00, 0, 2, 9796, '2013-03-23', NULL, NULL),
(3507, 1, 12.00, 0, 1, 101081, '2013-03-23', NULL, NULL),
(3508, 6, 11.00, 0, 1, 80, '2013-03-23', NULL, NULL),
(3509, 74, 0.00, 5, 0, 5, '2013-03-23', NULL, NULL),
(3510, 52, 0.00, 5, 0, 5, '2013-03-23', NULL, NULL),
(3511, 72, 0.00, 5, 0, 5, '2013-03-23', NULL, NULL),
(3512, 74, 0.00, 0, 0, 5, '2013-03-23', NULL, NULL),
(3513, 72, 0.00, 0, 0, 5, '2013-03-23', NULL, NULL),
(3514, 73, 0.00, 5, 0, 5, '2013-03-23', NULL, NULL),
(3515, 73, 0.00, 0, 0, 5, '2013-03-23', NULL, NULL),
(3516, 75, 0.00, 5, 0, 5, '2013-03-23', NULL, NULL),
(3517, 75, 0.00, 0, 0, 5, '2013-03-23', NULL, NULL),
(3518, 76, 0.00, 5, 0, 5, '2013-03-23', NULL, NULL),
(3519, 76, 0.00, 0, 0, 5, '2013-03-23', NULL, NULL),
(3520, 77, 0.00, 5, 0, 5, '2013-03-23', NULL, NULL),
(3521, 78, 0.00, 5, 0, 5, '2013-03-23', NULL, NULL),
(3522, 78, 0.00, 0, 0, 5, '2013-03-23', NULL, NULL),
(3523, 79, 0.00, 5, 0, 5, '2013-03-23', NULL, NULL),
(3524, 80, 0.00, 5, 0, 5, '2013-03-23', NULL, NULL),
(3525, 80, 0.00, 0, 0, 5, '2013-03-23', NULL, NULL),
(3526, 79, 0.00, 0, 0, 5, '2013-03-23', NULL, NULL),
(3527, 5, 0.00, 0, 1, 15, '2013-03-24', NULL, NULL),
(3528, 2, 0.00, 0, 1, 100764, '2013-03-24', NULL, NULL),
(3529, 5, 0.00, 0, 0, 15, '2013-03-24', NULL, NULL),
(3530, 2, 0.00, 0, 0, 100764, '2013-03-24', NULL, NULL),
(3531, 5, 0.00, 0, 1, 14, '2013-03-24', NULL, NULL),
(3532, 2, 0.00, 0, 1, 100763, '2013-03-24', NULL, NULL),
(3533, 5, 0.00, 0, 0, 14, '2013-03-24', NULL, NULL),
(3534, 2, 0.00, 0, 0, 100763, '2013-03-24', NULL, NULL),
(3535, 3, 0.00, 0, 2, 9794, '2013-03-24', NULL, NULL),
(3536, 1, 12.00, 0, 1, 101080, '2013-03-24', NULL, NULL),
(3537, 5, 0.00, 0, 0, 14, '2013-03-24', NULL, NULL),
(3538, 2, 0.00, 0, 0, 100763, '2013-03-24', NULL, NULL),
(3539, 3, 0.00, 0, 2, 9792, '2013-03-24', NULL, NULL),
(3540, 1, 12.00, 0, 1, 101079, '2013-03-24', NULL, NULL),
(3541, 3, 0.00, 0, 0, 9792, '2013-03-24', NULL, NULL),
(3542, 1, 12.00, 0, 0, 101080, '2013-03-24', NULL, NULL),
(3543, 5, 0.00, 0, 1, 13, '2013-03-24', NULL, NULL),
(3544, 2, 0.00, 0, 1, 100762, '2013-03-24', NULL, NULL),
(3545, 5, 0.00, 0, 1, 12, '2013-03-24', NULL, NULL),
(3546, 2, 0.00, 0, 1, 100761, '2013-03-24', NULL, NULL),
(3547, 5, 0.00, 0, 1, 11, '2013-03-24', NULL, NULL),
(3548, 2, 0.00, 0, 1, 100760, '2013-03-24', NULL, NULL),
(3549, 3, 0.00, 0, 2, 9790, '2013-03-24', NULL, NULL),
(3550, 1, 12.00, 0, 1, 101079, '2013-03-24', NULL, NULL),
(3551, 3, 0.00, 0, 1, 9789, '2013-03-24', NULL, NULL),
(3552, 1, 12.00, 0, 0, 101079, '2013-03-24', NULL, NULL),
(3553, 5, 0.00, 0, 1, 10, '2013-03-24', NULL, NULL),
(3554, 2, 0.00, 0, 1, 100759, '2013-03-24', NULL, NULL),
(3555, 5, 0.00, 0, 1, 9, '2013-03-24', NULL, NULL),
(3556, 2, 0.00, 0, 1, 100758, '2013-03-24', NULL, NULL),
(3557, 5, 0.00, 0, 1, 8, '2013-03-24', NULL, NULL),
(3558, 2, 0.00, 0, 1, 100757, '2013-03-24', NULL, NULL),
(3559, 5, 0.00, 0, 1, 7, '2013-03-24', NULL, NULL),
(3560, 2, 0.00, 0, 1, 100756, '2013-03-24', NULL, NULL),
(3561, 5, 0.00, 0, 1, 6, '2013-03-24', NULL, NULL),
(3562, 2, 0.00, 0, 1, 100755, '2013-03-24', NULL, NULL),
(3563, 5, 0.00, 0, 1, 5, '2013-03-24', NULL, NULL),
(3564, 2, 0.00, 0, 1, 100754, '2013-03-24', NULL, NULL),
(3565, 5, 0.00, 0, 0, 11, '2013-03-24', NULL, NULL),
(3566, 2, 0.00, 0, 0, 100760, '2013-03-24', NULL, NULL),
(3567, 1, 12.00, 0, 1, 101078, '2013-03-24', NULL, NULL),
(3568, 55, 0.00, 0, 3, -4, '2013-03-24', NULL, NULL),
(3569, 1, 12.00, 0, 1, 101077, '2013-03-24', NULL, NULL),
(3570, 55, 0.00, 0, 3, -7, '2013-03-24', NULL, NULL),
(3571, 1, 12.00, 0, 0, 101079, '2013-03-24', NULL, NULL),
(3572, 55, 0.00, 0, 0, -7, '2013-03-24', NULL, NULL),
(3573, 5, 0.00, 0, 2, 9, '2013-03-24', NULL, NULL),
(3574, 5, 0.00, 0, 2, 7, '2013-03-24', NULL, NULL),
(3575, 5, 0.00, 0, 1, 6, '2013-03-24', NULL, NULL),
(3576, 2, 0.00, 0, 2, 100758, '2013-03-24', NULL, NULL),
(3577, 1, 12.00, 0, 2, 101077, '2013-03-24', NULL, NULL),
(3578, 2, 0.00, 0, 2, 100756, '2013-03-24', NULL, NULL),
(3579, 1, 12.00, 0, 2, 101075, '2013-03-24', NULL, NULL),
(3580, 3, 0.00, 0, 4, 9785, '2013-03-24', NULL, NULL),
(3581, 4, 0.00, 0, 2, 364, '2013-03-24', NULL, NULL),
(3582, 32, 0.00, 0, 0, 9, '2013-03-24', NULL, NULL),
(3583, 30, 0.00, 0, 0, 1, '2013-03-24', NULL, NULL),
(3584, 29, 0.00, 0, 0, 1, '2013-03-24', NULL, NULL),
(3585, 3, 0.00, 0, 2, 9783, '2013-03-24', NULL, NULL),
(3586, 4, 0.00, 0, 2, 362, '2013-03-24', NULL, NULL),
(3587, 3, 0.00, 0, 2, 9781, '2013-03-24', NULL, NULL),
(3588, 4, 0.00, 0, 2, 360, '2013-03-24', NULL, NULL),
(3589, 3, 0.00, 0, 2, 9779, '2013-03-24', NULL, NULL),
(3590, 4, 0.00, 0, 2, 358, '2013-03-24', NULL, NULL),
(3591, 2, 0.00, 0, 2, 100754, '2013-03-24', NULL, NULL),
(3592, 3, 0.00, 0, 2, 9777, '2013-03-24', NULL, NULL),
(3593, 2, 0.00, 0, 2, 100752, '2013-03-24', NULL, NULL),
(3594, 3, 0.00, 0, 2, 9775, '2013-03-24', NULL, NULL),
(3595, 2, 0.00, 0, 2, 100750, '2013-03-24', NULL, NULL),
(3596, 3, 0.00, 0, 2, 9773, '2013-03-24', NULL, NULL),
(3597, 5, 0.00, 0, 1, 5, '2013-03-24', NULL, NULL),
(3598, 4, 0.00, 0, 2, 356, '2013-03-24', NULL, NULL),
(3599, 5, 0.00, 0, 0, 6, '2013-03-24', NULL, NULL),
(3600, 4, 0.00, 0, 2, 354, '2013-03-24', NULL, NULL),
(3601, 2, 0.00, 0, 1, 100749, '2013-03-24', NULL, NULL),
(3602, 1, 12.00, 0, 1, 101074, '2013-03-24', NULL, NULL),
(3603, 3, 0.00, 0, 1, 9772, '2013-03-24', NULL, NULL),
(3604, 1, 12.00, 0, 1, 101073, '2013-03-24', NULL, NULL),
(3605, 7, 0.00, 0, 1, 66, '2013-03-24', NULL, NULL),
(3606, 7, 0.00, 0, 1, 65, '2013-03-24', NULL, NULL),
(3607, 7, 0.00, 0, 1, 64, '2013-03-24', NULL, NULL),
(3608, 7, 0.00, 0, 0, 67, '2013-03-24', NULL, NULL),
(3609, 1, 12.00, 0, 0, 101075, '2013-03-24', NULL, NULL),
(3610, 4, 0.00, 0, 0, 356, '2013-03-24', NULL, NULL),
(3611, 5, 0.00, 0, 1, 5, '2013-03-24', NULL, NULL),
(3612, 2, 0.00, 0, 1, 100748, '2013-03-24', NULL, NULL),
(3613, 5, 0.00, 0, 1, 4, '2013-03-24', NULL, NULL),
(3614, 2, 0.00, 0, 1, 100747, '2013-03-24', NULL, NULL),
(3615, 7, 0.00, 0, 1, 66, '2013-03-24', NULL, NULL),
(3616, 31, 0.00, 0, 1, 96, '2013-03-24', NULL, NULL),
(3617, 6, 11.00, 0, 1, 79, '2013-03-24', NULL, NULL),
(3618, 31, 0.00, 0, 1, 95, '2013-03-24', NULL, NULL),
(3619, 29, 0.00, 0, 0, 1, '2013-03-24', NULL, NULL),
(3620, 31, 0.00, 0, 0, 97, '2013-03-24', NULL, NULL),
(3621, 29, 0.00, 0, 0, 1, '2013-03-24', NULL, NULL),
(3622, 7, 0.00, 0, 0, 66, '2013-03-24', NULL, NULL),
(3623, 6, 11.00, 0, 0, 80, '2013-03-24', NULL, NULL),
(3624, 32, 0.00, 0, 1, 8, '2013-03-24', NULL, NULL),
(3625, 6, 11.00, 0, 1, 79, '2013-03-24', NULL, NULL),
(3626, 5, 0.00, 0, 1, 3, '2013-03-24', NULL, NULL),
(3627, 2, 0.00, 0, 1, 100746, '2013-03-24', NULL, NULL),
(3628, 2, 0.00, 0, 2, 100744, '2013-03-24', NULL, NULL),
(3629, 3, 0.00, 0, 2, 9770, '2013-03-24', NULL, NULL),
(3630, 3, 0.00, 0, 2, 9768, '2013-03-24', NULL, NULL),
(3631, 1, 12.00, 0, 1, 101074, '2013-03-24', NULL, NULL),
(3632, 3, 0.00, 0, 2, 9766, '2013-03-24', NULL, NULL),
(3633, 1, 12.00, 0, 1, 101073, '2013-03-24', NULL, NULL),
(3634, 3, 0.00, 0, 0, 9767, '2013-03-24', NULL, NULL),
(3635, 1, 12.00, 0, 0, 101075, '2013-03-24', NULL, NULL),
(3636, 5, 0.00, 0, 1, 2, '2013-03-24', NULL, NULL),
(3637, 2, 0.00, 0, 1, 100743, '2013-03-24', NULL, NULL),
(3638, 5, 0.00, 0, 1, 1, '2013-03-24', NULL, NULL),
(3639, 2, 0.00, 0, 1, 100742, '2013-03-24', NULL, NULL),
(3640, 5, 0.00, 0, 0, 3, '2013-03-24', NULL, NULL),
(3641, 2, 0.00, 0, 0, 100744, '2013-03-24', NULL, NULL),
(3642, 3, 0.00, 0, 2, 9765, '2013-03-24', NULL, NULL),
(3643, 1, 12.00, 0, 1, 101074, '2013-03-24', NULL, NULL),
(3644, 3, 0.00, 0, 2, 9763, '2013-03-24', NULL, NULL),
(3645, 1, 12.00, 0, 1, 101073, '2013-03-24', NULL, NULL),
(3646, 3, 0.00, 0, 0, 9764, '2013-03-24', NULL, NULL),
(3647, 1, 12.00, 0, 0, 101075, '2013-03-24', NULL, NULL),
(3648, 5, 0.00, 0, 1, 2, '2013-03-24', NULL, NULL),
(3649, 2, 0.00, 0, 1, 100743, '2013-03-24', NULL, NULL),
(3650, 5, 0.00, 0, 1, 1, '2013-03-24', NULL, NULL),
(3651, 2, 0.00, 0, 1, 100742, '2013-03-24', NULL, NULL),
(3652, 5, 0.00, 0, 0, 2, '2013-03-24', NULL, NULL),
(3653, 2, 0.00, 0, 1, 100741, '2013-03-24', NULL, NULL),
(3654, 2, 0.00, 0, 1, 100740, '2013-03-24', NULL, NULL),
(3655, 2, 0.00, 0, 1, 100739, '2013-03-24', NULL, NULL),
(3656, 2, 0.00, 0, 0, 100740, '2013-03-24', NULL, NULL),
(3657, 5, 0.00, 0, 1, 1, '2013-03-24', NULL, NULL),
(3658, 2, 0.00, 0, 1, 100739, '2013-03-24', NULL, NULL),
(3659, 2, 0.00, 0, 2, 100737, '2013-03-24', NULL, NULL),
(3660, 3, 0.00, 0, 2, 9762, '2013-03-24', NULL, NULL),
(3661, 2, 0.00, 0, 2, 100735, '2013-03-24', NULL, NULL),
(3662, 3, 0.00, 0, 2, 9760, '2013-03-24', NULL, NULL),
(3663, 2, 0.00, 0, 0, 100736, '2013-03-24', NULL, NULL),
(3664, 3, 0.00, 0, 0, 9761, '2013-03-24', NULL, NULL),
(3665, 5, 0.00, 0, 1, 0, '2013-03-24', NULL, NULL),
(3666, 2, 0.00, 0, 1, 100735, '2013-03-24', NULL, NULL),
(3667, 2, 0.00, 0, 2, 100733, '2013-03-24', NULL, NULL),
(3668, 1, 12.00, 0, 2, 101073, '2013-03-24', NULL, NULL),
(3669, 2, 0.00, 0, 2, 100731, '2013-03-24', NULL, NULL),
(3670, 1, 12.00, 0, 2, 101071, '2013-03-24', NULL, NULL),
(3671, 2, 0.00, 0, 0, 100731, '2013-03-24', NULL, NULL),
(3672, 1, 12.00, 0, 0, 101071, '2013-03-24', NULL, NULL),
(3673, 2, 0.00, 0, 1, 100730, '2013-03-24', NULL, NULL),
(3674, 3, 0.00, 0, 2, 9759, '2013-03-24', NULL, NULL),
(3675, 1, 12.00, 0, 0, 101071, '2013-03-24', NULL, NULL),
(3676, 2, 0.00, 0, 1, 100729, '2013-03-24', NULL, NULL),
(3677, 3, 0.00, 0, 2, 9757, '2013-03-24', NULL, NULL),
(3678, 3, 0.00, 0, 0, 9758, '2013-03-24', NULL, NULL),
(3679, 4, 0.00, 0, 1, 355, '2013-03-24', NULL, NULL),
(3680, 2, 0.00, 0, 2, 100727, '2013-03-24', NULL, NULL),
(3681, 4, 0.00, 0, 2, 353, '2013-03-24', NULL, NULL),
(3682, 1, 12.00, 0, 1, 101070, '2013-03-24', NULL, NULL),
(3683, 3, 0.00, 0, 2, 9756, '2013-03-24', NULL, NULL),
(3684, 3, 0.00, 0, 2, 9754, '2013-03-24', NULL, NULL),
(3685, 4, 0.00, 0, 2, 351, '2013-03-24', NULL, NULL),
(3686, 3, 0.00, 0, 1, 9753, '2013-03-24', NULL, NULL),
(3687, 4, 0.00, 0, 1, 350, '2013-03-24', NULL, NULL),
(3688, 2, 0.00, 0, 1, 100726, '2013-03-24', NULL, NULL),
(3689, 1, 12.00, 0, 0, 101070, '2013-03-24', NULL, NULL),
(3690, 2, 0.00, 0, 1, 100725, '2013-03-24', NULL, NULL),
(3691, 2, 0.00, 0, 1, 100724, '2013-03-24', NULL, NULL),
(3692, 2, 0.00, 0, 1, 100723, '2013-03-24', NULL, NULL),
(3693, 2, 0.00, 0, 1, 100722, '2013-03-24', NULL, NULL),
(3694, 2, 0.00, 0, 1, 100721, '2013-03-24', NULL, NULL),
(3695, 2, 0.00, 0, 1, 100720, '2013-03-24', NULL, NULL),
(3696, 2, 0.00, 0, 1, 100719, '2013-03-24', NULL, NULL),
(3697, 2, 0.00, 0, 1, 100718, '2013-03-24', NULL, NULL),
(3698, 2, 0.00, 0, 1, 100717, '2013-03-24', NULL, NULL),
(3699, 2, 0.00, 0, 1, 100716, '2013-03-24', NULL, NULL),
(3700, 2, 0.00, 0, 1, 100715, '2013-03-24', NULL, NULL),
(3701, 2, 0.00, 0, 1, 100714, '2013-03-24', NULL, NULL),
(3702, 2, 0.00, 0, 1, 100713, '2013-03-24', NULL, NULL),
(3703, 2, 0.00, 0, 1, 100712, '2013-03-24', NULL, NULL),
(3704, 2, 0.00, 0, 1, 100711, '2013-03-24', NULL, NULL),
(3705, 2, 0.00, 0, 1, 100710, '2013-03-24', NULL, NULL),
(3706, 2, 0.00, 0, 2, 100708, '2013-03-24', NULL, NULL),
(3707, 1, 12.00, 0, 2, 101068, '2013-03-24', NULL, NULL),
(3708, 2, 0.00, 0, 2, 100706, '2013-03-24', NULL, NULL),
(3709, 1, 12.00, 0, 2, 101066, '2013-03-24', NULL, NULL),
(3710, 2, 0.00, 0, 0, 100707, '2013-03-24', NULL, NULL),
(3711, 1, 12.00, 0, 0, 101067, '2013-03-24', NULL, NULL),
(3712, 3, 0.00, 0, 4, 9749, '2013-03-24', NULL, NULL),
(3713, 3, 0.00, 0, 4, 9745, '2013-03-24', NULL, NULL),
(3714, 3, 0.00, 0, 3, 9742, '2013-03-24', NULL, NULL),
(3715, 4, 0.00, 0, 2, 348, '2013-03-24', NULL, NULL),
(3716, 4, 0.00, 0, 2, 346, '2013-03-24', NULL, NULL),
(3717, 4, 0.00, 0, 0, 347, '2013-03-24', NULL, NULL),
(3718, 3, 0.00, 0, 1, 9741, '2013-03-24', NULL, NULL),
(3719, 1, 12.00, 0, 2, 101065, '2013-03-24', NULL, NULL),
(3720, 2, 0.00, 0, 2, 100705, '2013-03-24', NULL, NULL),
(3721, 1, 12.00, 0, 2, 101063, '2013-03-24', NULL, NULL),
(3722, 2, 0.00, 0, 1, 100704, '2013-03-24', NULL, NULL),
(3723, 1, 12.00, 0, 1, 101062, '2013-03-24', NULL, NULL),
(3724, 4, 0.00, 0, 1, 346, '2013-03-24', NULL, NULL),
(3725, 3, 0.00, 0, 2, 9739, '2013-03-24', NULL, NULL),
(3726, 1, 12.00, 0, 0, 101063, '2013-03-24', NULL, NULL),
(3727, 3, 0.00, 0, 0, 9739, '2013-03-24', NULL, NULL),
(3728, 4, 0.00, 0, 0, 346, '2013-03-24', NULL, NULL),
(3729, 55, 0.00, 0, 3, -10, '2013-03-24', NULL, NULL),
(3730, 1, 12.00, 0, 1, 101062, '2013-03-24', NULL, NULL),
(3731, 55, 0.00, 0, 2, -12, '2013-03-24', NULL, NULL),
(3732, 1, 12.00, 0, 2, 101060, '2013-03-24', NULL, NULL),
(3733, 1, 12.00, 0, 1, 101059, '2013-03-24', NULL, NULL),
(3734, 1, 12.00, 0, 1, 101058, '2013-03-24', NULL, NULL),
(3735, 1, 12.00, 0, 1, 101057, '2013-03-24', NULL, NULL),
(3736, 4, 0.00, 0, 1, 345, '2013-03-24', NULL, NULL),
(3737, 1, 12.00, 0, 1, 101056, '2013-03-24', NULL, NULL),
(3738, 4, 0.00, 0, 1, 344, '2013-03-24', NULL, NULL),
(3739, 1, 12.00, 0, 1, 101055, '2013-03-24', NULL, NULL),
(3740, 4, 0.00, 0, 1, 343, '2013-03-24', NULL, NULL),
(3741, 1, 12.00, 0, 0, 101058, '2013-03-24', NULL, NULL),
(3742, 4, 0.00, 0, 0, 346, '2013-03-24', NULL, NULL),
(3743, 3, 0.00, 0, 2, 9737, '2013-03-24', NULL, NULL),
(3744, 1, 12.00, 0, 0, 101062, '2013-03-24', NULL, NULL),
(3745, 3, 0.00, 0, 0, 9737, '2013-03-24', NULL, NULL),
(3746, 4, 0.00, 0, 1, 345, '2013-03-24', NULL, NULL),
(3747, 2, 0.00, 0, 0, 100704, '2013-03-24', NULL, NULL),
(3748, 3, 0.00, 0, 2, 9735, '2013-03-24', NULL, NULL),
(3749, 3, 0.00, 0, 2, 9733, '2013-03-24', NULL, NULL),
(3750, 4, 0.00, 0, 2, 343, '2013-03-24', NULL, NULL),
(3751, 3, 0.00, 0, 2, 9731, '2013-03-24', NULL, NULL),
(3752, 4, 0.00, 0, 2, 341, '2013-03-24', NULL, NULL),
(3753, 2, 0.00, 0, 2, 100702, '2013-03-24', NULL, NULL),
(3754, 1, 12.00, 0, 2, 101060, '2013-03-24', NULL, NULL),
(3755, 2, 0.00, 0, 2, 100700, '2013-03-24', NULL, NULL),
(3756, 1, 12.00, 0, 2, 101058, '2013-03-24', NULL, NULL),
(3757, 3, 0.00, 0, 4, 9727, '2013-03-24', NULL, NULL),
(3758, 3, 0.00, 0, 4, 9723, '2013-03-24', NULL, NULL),
(3759, 3, 0.00, 0, 4, 9719, '2013-03-24', NULL, NULL),
(3760, 3, 0.00, 0, 4, 9715, '2013-03-24', NULL, NULL),
(3761, 3, 0.00, 0, 4, 9711, '2013-03-24', NULL, NULL),
(3762, 3, 0.00, 0, 4, 9707, '2013-03-24', NULL, NULL),
(3763, 3, 0.00, 0, 4, 9703, '2013-03-24', NULL, NULL),
(3764, 3, 0.00, 0, 4, 9699, '2013-03-24', NULL, NULL),
(3765, 3, 0.00, 0, 4, 9695, '2013-03-24', NULL, NULL),
(3766, 2, 0.00, 0, 1, 100699, '2013-03-24', NULL, NULL),
(3767, 3, 0.00, 0, 4, 9691, '2013-03-24', NULL, NULL),
(3768, 3, 0.00, 0, 4, 9687, '2013-03-24', NULL, NULL),
(3769, 56, 0.00, 0, 1, 10, '2013-03-24', NULL, NULL),
(3770, 2, 0.00, 0, 2, 100697, '2013-03-24', NULL, NULL),
(3771, 3, 0.00, 0, 1, 9686, '2013-03-24', NULL, NULL),
(3772, 56, 0.00, 0, 1, 9, '2013-03-24', NULL, NULL),
(3773, 56, 0.00, 0, 1, 8, '2013-03-24', NULL, NULL),
(3774, 56, 0.00, 0, 1, 7, '2013-03-24', NULL, NULL),
(3775, 1, 12.00, 0, 1, 101057, '2013-03-24', NULL, NULL),
(3776, 2, 0.00, 0, 2, 100695, '2013-03-24', NULL, NULL),
(3777, 4, 0.00, 0, 2, 339, '2013-03-24', NULL, NULL),
(3778, 64, 0.00, 0, 1, 7, '2013-03-24', NULL, NULL),
(3779, 64, 0.00, 0, 1, 6, '2013-03-24', NULL, NULL),
(3780, 64, 0.00, 0, 1, 5, '2013-03-24', NULL, NULL),
(3781, 64, 0.00, 0, 1, 4, '2013-03-24', NULL, NULL),
(3782, 64, 0.00, 0, 0, 8, '2013-03-24', NULL, NULL),
(3783, 3, 0.00, 0, 2, 9684, '2013-03-24', NULL, NULL),
(3784, 1, 12.00, 0, 1, 101056, '2013-03-24', NULL, NULL),
(3785, 3, 0.00, 0, 0, 9684, '2013-03-24', NULL, NULL),
(3786, 1, 12.00, 0, 1, 101055, '2013-03-24', NULL, NULL),
(3787, 3, 0.00, 0, 2, 9682, '2013-03-24', NULL, NULL),
(3788, 1, 12.00, 0, 1, 101054, '2013-03-24', NULL, NULL),
(3789, 3, 0.00, 0, 2, 9680, '2013-03-24', NULL, NULL),
(3790, 1, 12.00, 0, 1, 101053, '2013-03-24', NULL, NULL),
(3791, 3, 0.00, 0, 2, 9678, '2013-03-24', NULL, NULL),
(3792, 1, 12.00, 0, 1, 101052, '2013-03-24', NULL, NULL),
(3793, 3, 0.00, 0, 2, 9676, '2013-03-24', NULL, NULL),
(3794, 1, 12.00, 0, 0, 101052, '2013-03-24', NULL, NULL),
(3795, 3, 0.00, 0, 0, 9681, '2013-03-24', NULL, NULL),
(3796, 1, 12.00, 0, 0, 101058, '2013-03-24', NULL, NULL),
(3797, 32, 0.00, 0, 0, 8, '2013-03-24', NULL, NULL),
(3798, 2, 0.00, 0, 1, 100694, '2013-03-24', NULL, NULL),
(3799, 2, 0.00, 0, 2, 100692, '2013-03-24', NULL, NULL),
(3800, 3, 0.00, 0, 2, 9679, '2013-03-24', NULL, NULL),
(3801, 2, 0.00, 0, 1, 100691, '2013-03-24', NULL, NULL),
(3802, 2, 0.00, 0, 1, 100690, '2013-03-24', NULL, NULL),
(3803, 2, 0.00, 0, 2, 100688, '2013-03-24', NULL, NULL),
(3804, 1, 12.00, 0, 2, 101056, '2013-03-24', NULL, NULL),
(3805, 2, 0.00, 0, 2, 100686, '2013-03-24', NULL, NULL),
(3806, 1, 12.00, 0, 2, 101054, '2013-03-24', NULL, NULL),
(3807, 3, 0.00, 0, 4, 9675, '2013-03-24', NULL, NULL),
(3808, 3, 0.00, 0, 4, 9671, '2013-03-24', NULL, NULL),
(3809, 3, 0.00, 0, 2, 9669, '2013-03-24', NULL, NULL),
(3810, 2, 0.00, 0, 2, 100684, '2013-03-24', NULL, NULL),
(3811, 1, 12.00, 0, 1, 101053, '2013-03-24', NULL, NULL),
(3812, 2, 0.00, 0, 1, 100683, '2013-03-24', NULL, NULL),
(3813, 3, 0.00, 0, 1, 9668, '2013-03-24', NULL, NULL),
(3814, 2, 0.00, 0, 2, 100681, '2013-03-24', NULL, NULL),
(3815, 4, 0.00, 0, 2, 337, '2013-03-24', NULL, NULL),
(3816, 2, 0.00, 0, 1, 100680, '2013-03-24', NULL, NULL);
INSERT INTO `bodegas` (`id`, `insumo_id`, `preciocompra`, `ingreso`, `salida`, `total`, `fecha`, `lugare_id`, `observaciones`) VALUES
(3817, 4, 0.00, 0, 1, 336, '2013-03-24', NULL, NULL),
(3818, 2, 0.00, 0, 2, 100678, '2013-03-24', NULL, NULL),
(3819, 1, 12.00, 0, 2, 101051, '2013-03-24', NULL, NULL),
(3820, 2, 0.00, 124, 0, 124, '2013-03-24', NULL, NULL),
(3821, 1, 12.00, 0, 2, 101049, '2013-03-24', NULL, NULL),
(3822, 1, 12.00, 0, 2, 101047, '2013-03-24', NULL, NULL),
(3823, 3, 0.00, 0, 3, 9665, '2013-03-24', NULL, NULL),
(3824, 1, 12.00, 60, 0, 101107, '2013-03-24', NULL, NULL),
(3825, 3, 0.00, 0, 4, 9661, '2013-03-24', NULL, NULL),
(3826, 3, 0.00, 0, 4, 9657, '2013-03-24', NULL, NULL),
(3827, 3, 0.00, 0, 4, 9653, '2013-03-24', NULL, NULL),
(3828, 3, 0.00, 0, 0, 9653, '2013-03-24', NULL, NULL),
(3829, 5, 0.00, 66, 0, 66, '2013-03-24', NULL, NULL),
(3830, 3, 0.00, 0, 4, 9649, '2013-03-24', NULL, NULL),
(3831, 3, 0.00, 0, 4, 9645, '2013-03-24', NULL, NULL),
(3832, 3, 0.00, 0, 1, 9644, '2013-03-24', NULL, NULL),
(3836, 2, 0.00, 0, 2, 120, '2013-03-24', NULL, NULL),
(3833, 5, 0.00, 0, 2, 64, '2013-03-24', NULL, NULL),
(3834, 2, 0.00, 0, 2, 122, '2013-03-24', NULL, NULL),
(3835, 1, 12.00, 0, 2, 101105, '2013-03-24', NULL, NULL),
(3837, 1, 12.00, 0, 2, 101103, '2013-03-24', NULL, NULL),
(3838, 5, 0.00, 0, 2, 62, '2013-03-24', NULL, NULL),
(3839, 2, 0.00, 0, 1, 119, '2013-03-24', NULL, NULL),
(3840, 1, 12.00, 0, 1, 101102, '2013-03-24', NULL, NULL),
(3841, 3, 0.00, 0, 4, 9640, '2013-03-24', NULL, NULL),
(3842, 3, 0.00, 0, 4, 9636, '2013-03-24', NULL, NULL),
(3843, 3, 0.00, 0, 3, 9633, '2013-03-24', NULL, NULL),
(3844, 2, 0.00, 0, 2, 117, '2013-03-24', NULL, NULL),
(3845, 1, 12.00, 0, 2, 101100, '2013-03-24', NULL, NULL),
(3846, 1, 12.00, 0, 2, 101098, '2013-03-24', NULL, NULL),
(3847, 2, 0.00, 0, 2, 115, '2013-03-24', NULL, NULL),
(3848, 1, 12.00, 0, 2, 101096, '2013-03-24', NULL, NULL),
(3849, 2, 0.00, 0, 2, 113, '2013-03-24', NULL, NULL),
(3850, 1, 12.00, 0, 2, 101094, '2013-03-24', NULL, NULL),
(3851, 3, 0.00, 0, 4, 9629, '2013-03-24', NULL, NULL),
(3852, 3, 0.00, 0, 4, 9625, '2013-03-24', NULL, NULL),
(3853, 3, 0.00, 0, 4, 9621, '2013-03-24', NULL, NULL),
(3854, 3, 0.00, 0, 2, 9619, '2013-03-24', NULL, NULL),
(3855, 2, 0.00, 0, 2, 111, '2013-03-24', NULL, NULL),
(3856, 1, 12.00, 0, 2, 101092, '2013-03-24', NULL, NULL),
(3857, 2, 0.00, 0, 2, 109, '2013-03-24', NULL, NULL),
(3858, 1, 12.00, 0, 2, 101090, '2013-03-24', NULL, NULL),
(3859, 4, 0.00, 0, 2, 334, '2013-03-24', NULL, NULL),
(3860, 4, 0.00, 0, 2, 332, '2013-03-24', NULL, NULL),
(3861, 3, 0.00, 0, 4, 9615, '2013-03-24', NULL, NULL),
(3862, 5, 0.00, 0, 2, 60, '2013-03-24', NULL, NULL),
(3863, 2, 0.00, 0, 2, 107, '2013-03-24', NULL, NULL),
(3864, 1, 12.00, 0, 2, 101088, '2013-03-24', NULL, NULL),
(3865, 2, 0.00, 0, 2, 105, '2013-03-24', NULL, NULL),
(3866, 1, 12.00, 0, 2, 101086, '2013-03-24', NULL, NULL),
(3867, 2, 0.00, 0, 2, 103, '2013-03-24', NULL, NULL),
(3868, 1, 12.00, 0, 2, 101084, '2013-03-24', NULL, NULL),
(3869, 1, 12.00, 0, 2, 101082, '2013-03-24', NULL, NULL),
(3870, 4, 0.00, 0, 1, 331, '2013-03-24', NULL, NULL),
(3871, 1, 12.00, 0, 2, 101080, '2013-03-24', NULL, NULL),
(3872, 1, 12.00, 0, 2, 101078, '2013-03-24', NULL, NULL),
(3873, 4, 0.00, 0, 1, 330, '2013-03-24', NULL, NULL),
(3874, 3, 0.00, 0, 3, 9612, '2013-03-24', NULL, NULL),
(3875, 2, 0.00, 0, 2, 101, '2013-03-24', NULL, NULL),
(3876, 1, 12.00, 0, 2, 101076, '2013-03-24', NULL, NULL),
(3877, 5, 0.00, 0, 1, 59, '2013-03-24', NULL, NULL),
(3878, 3, 0.00, 0, 3, 9609, '2013-03-24', NULL, NULL),
(3879, 2, 0.00, 0, 2, 99, '2013-03-24', NULL, NULL),
(3880, 1, 12.00, 0, 2, 101074, '2013-03-24', NULL, NULL),
(3881, 5, 0.00, 0, 1, 58, '2013-03-24', NULL, NULL),
(3882, 1, 12.00, 0, 1, 101073, '2013-03-24', NULL, NULL),
(3883, 5, 0.00, 0, 1, 57, '2013-03-24', NULL, NULL),
(3884, 1, 12.00, 0, 1, 101072, '2013-03-24', NULL, NULL),
(3885, 5, 0.00, 0, 0, 57, '2013-03-24', NULL, NULL),
(3886, 1, 12.00, 0, 0, 101072, '2013-03-24', NULL, NULL),
(3887, 1, 12.00, 0, 0, 101072, '2013-03-24', NULL, NULL),
(3888, 4, 0.00, 0, 0, 330, '2013-03-24', NULL, NULL),
(3889, 1, 12.00, 0, 1, 101071, '2013-03-24', NULL, NULL),
(3890, 55, 0.00, 0, 3, -15, '2013-03-24', NULL, NULL),
(3891, 1, 12.00, 0, 1, 101070, '2013-03-24', NULL, NULL),
(3892, 55, 0.00, 0, 3, -18, '2013-03-24', NULL, NULL),
(3893, 1, 12.00, 0, 0, 101072, '2013-03-24', NULL, NULL),
(3894, 55, 0.00, 0, 0, -18, '2013-03-24', NULL, NULL),
(3895, 2, 0.00, 0, 1, 98, '2013-03-24', NULL, NULL),
(3896, 3, 0.00, 0, 1, 9608, '2013-03-24', NULL, NULL),
(3897, 2, 0.00, 0, 1, 97, '2013-03-24', NULL, NULL),
(3898, 3, 0.00, 0, 1, 9607, '2013-03-24', NULL, NULL),
(3899, 2, 0.00, 0, 0, 97, '2013-03-24', NULL, NULL),
(3900, 3, 0.00, 0, 0, 9607, '2013-03-24', NULL, NULL),
(3901, 2, 0.00, 0, 1, 96, '2013-03-24', NULL, NULL),
(3902, 3, 0.00, 0, 1, 9606, '2013-03-24', NULL, NULL),
(3903, 2, 0.00, 0, 0, 99, '2013-03-24', NULL, NULL),
(3904, 3, 0.00, 0, 0, 9609, '2013-03-24', NULL, NULL),
(3905, 3, 0.00, 0, 1, 9608, '2013-03-24', NULL, NULL),
(3906, 4, 0.00, 0, 1, 329, '2013-03-24', NULL, NULL),
(3907, 3, 0.00, 0, 1, 9607, '2013-03-24', NULL, NULL),
(3908, 4, 0.00, 0, 1, 328, '2013-03-24', NULL, NULL),
(3909, 2, 0.00, 0, 1, 98, '2013-03-24', NULL, NULL),
(3910, 1, 12.00, 0, 1, 101071, '2013-03-24', NULL, NULL),
(3911, 2, 0.00, 0, 0, 99, '2013-03-24', NULL, NULL),
(3912, 1, 12.00, 0, 0, 101072, '2013-03-24', NULL, NULL),
(3913, 5, 0.00, 0, 1, 56, '2013-03-24', NULL, NULL),
(3914, 2, 0.00, 0, 1, 98, '2013-03-24', NULL, NULL),
(3915, 5, 0.00, 0, 1, 55, '2013-03-24', NULL, NULL),
(3916, 2, 0.00, 0, 1, 97, '2013-03-24', NULL, NULL),
(3917, 5, 0.00, 0, 0, 57, '2013-03-24', NULL, NULL),
(3918, 2, 0.00, 0, 0, 99, '2013-03-24', NULL, NULL),
(3919, 3, 0.00, 0, 1, 9606, '2013-03-24', NULL, NULL),
(3920, 1, 12.00, 0, 1, 101071, '2013-03-24', NULL, NULL),
(3921, 3, 0.00, 0, 1, 9605, '2013-03-24', NULL, NULL),
(3922, 1, 12.00, 0, 1, 101070, '2013-03-24', NULL, NULL),
(3923, 3, 0.00, 0, 0, 9607, '2013-03-24', NULL, NULL),
(3924, 1, 12.00, 0, 0, 101072, '2013-03-24', NULL, NULL),
(3925, 5, 0.00, 0, 1, 56, '2013-03-24', NULL, NULL),
(3926, 2, 0.00, 0, 1, 98, '2013-03-24', NULL, NULL),
(3927, 5, 0.00, 0, 1, 55, '2013-03-24', NULL, NULL),
(3928, 2, 0.00, 0, 1, 97, '2013-03-24', NULL, NULL),
(3929, 5, 0.00, 0, 1, 54, '2013-03-24', NULL, NULL),
(3930, 2, 0.00, 0, 1, 96, '2013-03-24', NULL, NULL),
(3931, 5, 0.00, 0, 0, 57, '2013-03-24', NULL, NULL),
(3932, 2, 0.00, 0, 0, 99, '2013-03-24', NULL, NULL),
(3933, 3, 0.00, 0, 1, 9606, '2013-03-24', NULL, NULL),
(3934, 4, 0.00, 0, 1, 327, '2013-03-24', NULL, NULL),
(3935, 3, 0.00, 0, 1, 9605, '2013-03-24', NULL, NULL),
(3936, 4, 0.00, 0, 1, 326, '2013-03-24', NULL, NULL),
(3937, 3, 0.00, 0, 1, 9604, '2013-03-24', NULL, NULL),
(3938, 4, 0.00, 0, 1, 325, '2013-03-24', NULL, NULL),
(3939, 3, 0.00, 0, 0, 9607, '2013-03-24', NULL, NULL),
(3940, 4, 0.00, 0, 0, 328, '2013-03-24', NULL, NULL),
(3941, 3, 0.00, 0, 0, 9607, '2013-03-24', NULL, NULL),
(3942, 4, 0.00, 0, 0, 328, '2013-03-24', NULL, NULL),
(3943, 1, 12.00, 0, 1, 101071, '2013-03-24', NULL, NULL),
(3944, 4, 0.00, 0, 1, 327, '2013-03-24', NULL, NULL),
(3945, 1, 12.00, 0, 1, 101070, '2013-03-24', NULL, NULL),
(3946, 4, 0.00, 0, 1, 326, '2013-03-24', NULL, NULL),
(3947, 1, 12.00, 0, 0, 101072, '2013-03-24', NULL, NULL),
(3948, 4, 0.00, 0, 0, 328, '2013-03-24', NULL, NULL),
(3949, 1, 12.00, 0, 0, 101072, '2013-03-24', NULL, NULL),
(3950, 4, 0.00, 0, 0, 328, '2013-03-24', NULL, NULL),
(3951, 5, 0.00, 0, 1, 56, '2013-03-24', NULL, NULL),
(3952, 3, 0.00, 0, 1, 9606, '2013-03-24', NULL, NULL),
(3953, 5, 0.00, 0, 1, 55, '2013-03-24', NULL, NULL),
(3954, 3, 0.00, 0, 1, 9605, '2013-03-24', NULL, NULL),
(3955, 2, 0.00, 0, 2, 97, '2013-03-24', NULL, NULL),
(3956, 6, 11.00, 0, 1, 78, '2013-03-24', NULL, NULL),
(3957, 2, 0.00, 0, 2, 95, '2013-03-24', NULL, NULL),
(3958, 6, 11.00, 0, 1, 77, '2013-03-24', NULL, NULL),
(3959, 5, 0.00, 0, 1, 54, '2013-03-24', NULL, NULL),
(3960, 2, 0.00, 0, 1, 94, '2013-03-24', NULL, NULL),
(3961, 30, 0.00, 0, 1, 0, '2013-03-24', NULL, NULL),
(3962, 5, 0.00, 0, 1, 53, '2013-03-24', NULL, NULL),
(3963, 4, 0.00, 0, 1, 327, '2013-03-24', NULL, NULL),
(3964, 29, 0.00, 0, 1, 0, '2013-03-24', NULL, NULL),
(3965, 2, 0.00, 0, 2, 92, '2013-03-24', NULL, NULL),
(3966, 6, 11.00, 0, 1, 76, '2013-03-24', NULL, NULL),
(3967, 2, 0.00, 0, 1, 91, '2013-03-24', NULL, NULL),
(3968, 3, 0.00, 0, 1, 9604, '2013-03-24', NULL, NULL),
(3969, 32, 0.00, 0, 1, 7, '2013-03-24', NULL, NULL),
(3970, 2, 0.00, 0, 2, 89, '2013-03-24', NULL, NULL),
(3971, 6, 11.00, 0, 1, 75, '2013-03-24', NULL, NULL),
(3972, 6, 11.00, 0, 1, 74, '2013-03-24', NULL, NULL),
(3973, 7, 0.00, 0, 1, 65, '2013-03-24', NULL, NULL),
(3974, 3, 0.00, 0, 1, 9603, '2013-03-24', NULL, NULL),
(3975, 1, 12.00, 0, 1, 101071, '2013-03-24', NULL, NULL),
(3976, 3, 0.00, 0, 1, 9602, '2013-03-24', NULL, NULL),
(3977, 1, 12.00, 0, 1, 101070, '2013-03-24', NULL, NULL),
(3978, 9, 12.00, 0, 1, 972, '2013-03-24', NULL, NULL),
(3979, 9, 12.00, 0, 1, 971, '2013-03-24', NULL, NULL),
(3980, 6, 11.00, 0, 1, 73, '2013-03-24', NULL, NULL),
(3981, 9, 12.00, 0, 1, 970, '2013-03-24', NULL, NULL),
(3982, 20, 0.00, 0, 1, 5, '2013-03-24', NULL, NULL),
(3983, 4, 0.00, 0, 2, 325, '2013-03-24', NULL, NULL),
(3984, 5, 0.00, 0, 1, 52, '2013-03-24', NULL, NULL),
(3985, 4, 0.00, 0, 1, 324, '2013-03-24', NULL, NULL),
(3986, 58, 0.00, 0, 1, 999, '2013-03-24', NULL, NULL),
(3987, 6, 11.00, 0, 1, 72, '2013-03-24', NULL, NULL),
(3988, 9, 12.00, 0, 1, 969, '2013-03-24', NULL, NULL),
(3989, 5, 0.00, 0, 2, 50, '2013-03-24', NULL, NULL),
(3990, 3, 0.00, 0, 2, 9600, '2013-03-24', NULL, NULL),
(3991, 2, 0.00, 0, 2, 87, '2013-03-24', NULL, NULL),
(3992, 21, 0.00, 0, 1, 11, '2013-03-24', NULL, NULL),
(3993, 24, 0.00, 0, 1, 101015, '2013-03-24', NULL, NULL),
(3994, 21, 0.00, 0, 1, 10, '2013-03-24', NULL, NULL),
(3995, 24, 0.00, 0, 1, 101014, '2013-03-24', NULL, NULL),
(3996, 5, 0.00, 0, 1, 49, '2013-03-24', NULL, NULL),
(3997, 2, 0.00, 0, 1, 86, '2013-03-24', NULL, NULL),
(3998, 5, 0.00, 0, 1, 48, '2013-03-24', NULL, NULL),
(3999, 3, 0.00, 0, 1, 9599, '2013-03-24', NULL, NULL),
(4000, 3, 0.00, 0, 1, 9598, '2013-03-24', NULL, NULL),
(4001, 1, 12.00, 0, 1, 101069, '2013-03-24', NULL, NULL),
(4002, 9, 12.00, 0, 1, 968, '2013-03-24', NULL, NULL),
(4003, 21, 0.00, 0, 1, 9, '2013-03-24', NULL, NULL),
(4004, 24, 0.00, 0, 1, 101013, '2013-03-24', NULL, NULL),
(4005, 22, 0.00, 0, 1, 987, '2013-03-24', NULL, NULL),
(4006, 23, 0.00, 0, 1, 987, '2013-03-24', NULL, NULL),
(4007, 24, 0.00, 0, 1, 101012, '2013-03-24', NULL, NULL),
(4008, 14, 0.00, 0, 1, 100920, '2013-03-24', NULL, NULL),
(4009, 6, 11.00, 0, 1, 71, '2013-03-24', NULL, NULL),
(4010, 20, 0.00, 0, 1, 4, '2013-03-24', NULL, NULL),
(4011, 65, 0.00, 0, 1, 43, '2013-03-24', NULL, NULL),
(4012, 22, 0.00, 0, 1, 986, '2013-03-24', NULL, NULL),
(4013, 23, 0.00, 0, 1, 986, '2013-03-24', NULL, NULL),
(4014, 24, 0.00, 0, 1, 101011, '2013-03-24', NULL, NULL),
(4015, 24, 0.00, 0, 1, 101010, '2013-03-24', NULL, NULL),
(4016, 15, 0.00, 0, 1, 100925, '2013-03-24', NULL, NULL),
(4017, 20, 0.00, 0, 1, 3, '2013-03-24', NULL, NULL),
(4018, 9, 12.00, 0, 1, 967, '2013-03-24', NULL, NULL),
(4019, 5, 0.00, 0, 1, 47, '2013-03-24', NULL, NULL),
(4020, 2, 0.00, 0, 1, 85, '2013-03-24', NULL, NULL),
(4021, 5, 0.00, 0, 1, 46, '2013-03-24', NULL, NULL),
(4022, 2, 0.00, 0, 1, 84, '2013-03-24', NULL, NULL),
(4023, 2, 0.00, 0, 1, 83, '2013-03-24', NULL, NULL),
(4024, 1, 12.00, 0, 1, 101068, '2013-03-24', NULL, NULL),
(4025, 2, 0.00, 0, 1, 82, '2013-03-24', NULL, NULL),
(4026, 1, 12.00, 0, 1, 101067, '2013-03-24', NULL, NULL),
(4027, 56, 0.00, 0, 1, 6, '2013-03-24', NULL, NULL),
(4028, 9, 12.00, 0, 1, 966, '2013-03-24', NULL, NULL),
(4029, 15, 0.00, 0, 1, 100924, '2013-03-24', NULL, NULL),
(4030, 17, 0.00, 0, 1, 99997, '2013-03-24', NULL, NULL),
(4031, 2, 0.00, 0, 1, 81, '2013-03-24', NULL, NULL),
(4032, 4, 0.00, 0, 1, 323, '2013-03-24', NULL, NULL),
(4033, 1, 12.00, 0, 2, 101065, '2013-03-24', NULL, NULL),
(4034, 15, 0.00, 0, 1, 100923, '2013-03-24', NULL, NULL),
(4035, 20, 0.00, 0, 1, 2, '2013-03-24', NULL, NULL),
(4036, 17, 0.00, 0, 1, 99996, '2013-03-24', NULL, NULL),
(4037, 17, 0.00, 0, 1, 99995, '2013-03-24', NULL, NULL),
(4038, 17, 0.00, 0, 1, 99994, '2013-03-24', NULL, NULL),
(4039, 17, 0.00, 0, 1, 99993, '2013-03-24', NULL, NULL),
(4040, 15, 0.00, 0, 1, 100922, '2013-03-24', NULL, NULL),
(4041, 15, 0.00, 0, 1, 100921, '2013-03-24', NULL, NULL),
(4042, 1, 12.00, 0, 2, 101063, '2013-03-24', NULL, NULL),
(4043, 1, 12.00, 0, 2, 101061, '2013-03-24', NULL, NULL),
(4044, 1, 12.00, 0, 2, 101059, '2013-03-24', NULL, NULL),
(4045, 59, 0.00, 0, 1, 105, '2013-03-24', NULL, NULL),
(4046, 21, 0.00, 0, 1, 8, '2013-03-24', NULL, NULL),
(4047, 21, 0.00, 0, 1, 7, '2013-03-24', NULL, NULL),
(4048, 24, 0.00, 0, 1, 101009, '2013-03-24', NULL, NULL),
(4049, 12, 0.00, 0, 1, 100028, '2013-03-24', NULL, NULL),
(4050, 24, 0.00, 0, 1, 101008, '2013-03-24', NULL, NULL),
(4051, 17, 0.00, 0, 1, 99992, '2013-03-24', NULL, NULL),
(4052, 5, 0.00, 0, 1, 45, '2013-03-24', NULL, NULL),
(4053, 2, 0.00, 0, 1, 80, '2013-03-24', NULL, NULL),
(4054, 5, 0.00, 0, 1, 44, '2013-03-24', NULL, NULL),
(4055, 1, 12.00, 0, 1, 101058, '2013-03-24', NULL, NULL),
(4056, 5, 0.00, 0, 1, 43, '2013-03-24', NULL, NULL),
(4057, 4, 0.00, 0, 1, 322, '2013-03-24', NULL, NULL),
(4058, 21, 0.00, 0, 1, 6, '2013-03-24', NULL, NULL),
(4059, 6, 11.00, 0, 1, 70, '2013-03-24', NULL, NULL),
(4060, 55, 0.00, 0, 4, -22, '2013-03-24', NULL, NULL),
(4061, 56, 0.00, 0, 1, 5, '2013-03-24', NULL, NULL),
(4062, 82, 0.00, 20, 0, 20, '2013-03-24', NULL, NULL),
(4063, 83, 0.00, 14, 0, 14, '2013-03-24', NULL, NULL),
(4064, 5, 0.00, 0, 0, 43, '2013-03-24', NULL, NULL),
(4065, 2, 0.00, 0, 0, 80, '2013-03-24', NULL, NULL),
(4066, 5, 0.00, 0, 1, 42, '2013-03-24', NULL, NULL),
(4067, 3, 0.00, 0, 1, 9597, '2013-03-24', NULL, NULL),
(4068, 2, 0.00, 0, 1, 79, '2013-03-24', NULL, NULL),
(4069, 3, 0.00, 0, 1, 9596, '2013-03-24', NULL, NULL),
(4070, 55, 0.00, 0, 4, -26, '2013-03-24', NULL, NULL),
(4071, 21, 0.00, 0, 1, 5, '2013-03-24', NULL, NULL),
(4072, 24, 0.00, 0, 1, 101007, '2013-03-24', NULL, NULL),
(4073, 65, 0.00, 0, 1, 42, '2013-03-24', NULL, NULL),
(4074, 16, 0.00, 50, 0, 100090, '2013-03-24', NULL, NULL),
(4075, 65, 0.00, 0, 1, 41, '2013-03-24', NULL, NULL),
(4076, 58, 0.00, 0, 1, 998, '2013-03-24', NULL, NULL),
(4077, 20, 0.00, 0, 1, 1, '2013-03-24', NULL, NULL),
(4078, 2, 0.00, 0, 1, 78, '2013-03-24', NULL, NULL),
(4079, 3, 0.00, 0, 1, 9595, '2013-03-24', NULL, NULL),
(4080, 2, 0.00, 0, 1, 77, '2013-03-24', NULL, NULL),
(4081, 3, 0.00, 0, 1, 9594, '2013-03-24', NULL, NULL),
(4082, 57, 0.00, 0, 1, 2, '2013-03-24', NULL, NULL),
(4083, 57, 0.00, 0, 1, 1, '2013-03-24', NULL, NULL),
(4084, 57, 0.00, 0, 1, 0, '2013-03-24', NULL, NULL),
(4085, 15, 0.00, 0, 1, 100920, '2013-03-24', NULL, NULL),
(4086, 58, 0.00, 0, 1, 997, '2013-03-24', NULL, NULL),
(4087, 87, 0.00, 10, 0, 10, '2013-03-24', NULL, NULL),
(4088, 5, 0.00, 0, 1, 41, '2013-03-24', NULL, NULL),
(4089, 2, 0.00, 0, 1, 76, '2013-03-24', NULL, NULL),
(4090, 5, 0.00, 0, 1, 40, '2013-03-24', NULL, NULL),
(4091, 3, 0.00, 0, 1, 9593, '2013-03-24', NULL, NULL),
(4092, 5, 0.00, 0, 1, 39, '2013-03-24', NULL, NULL),
(4093, 1, 12.00, 0, 1, 101057, '2013-03-24', NULL, NULL),
(4094, 5, 0.00, 0, 1, 38, '2013-03-24', NULL, NULL),
(4095, 4, 0.00, 0, 1, 321, '2013-03-24', NULL, NULL),
(4096, 2, 0.00, 0, 1, 75, '2013-03-24', NULL, NULL),
(4097, 4, 0.00, 0, 1, 320, '2013-03-24', NULL, NULL),
(4098, 3, 0.00, 0, 1, 9592, '2013-03-24', NULL, NULL),
(4099, 4, 0.00, 0, 1, 319, '2013-03-24', NULL, NULL),
(4100, 58, 0.00, 0, 1, 996, '2013-03-24', NULL, NULL),
(4101, 2, 0.00, 0, 2, 73, '2013-03-24', NULL, NULL),
(4102, 6, 11.00, 0, 1, 69, '2013-03-24', NULL, NULL),
(4103, 5, 0.00, 0, 1, 37, '2013-03-24', NULL, NULL),
(4104, 2, 0.00, 0, 1, 72, '2013-03-24', NULL, NULL),
(4105, 5, 0.00, 0, 1, 36, '2013-03-24', NULL, NULL),
(4106, 2, 0.00, 0, 1, 71, '2013-03-24', NULL, NULL),
(4107, 5, 0.00, 0, 1, 35, '2013-03-24', NULL, NULL),
(4108, 2, 0.00, 0, 1, 70, '2013-03-24', NULL, NULL),
(4109, 3, 0.00, 0, 1, 9591, '2013-03-24', NULL, NULL),
(4110, 4, 0.00, 0, 1, 318, '2013-03-24', NULL, NULL),
(4111, 1, 12.00, 0, 2, 101055, '2013-03-24', NULL, NULL),
(4112, 9, 12.00, 0, 1, 965, '2013-03-24', NULL, NULL),
(4113, 15, 0.00, 0, 1, 100919, '2013-03-24', NULL, NULL),
(4114, 5, 0.00, 0, 1, 34, '2013-03-24', NULL, NULL),
(4115, 2, 0.00, 0, 1, 69, '2013-03-24', NULL, NULL),
(4116, 5, 0.00, 0, 1, 33, '2013-03-24', NULL, NULL),
(4117, 2, 0.00, 0, 1, 68, '2013-03-24', NULL, NULL),
(4118, 5, 0.00, 0, 1, 32, '2013-03-24', NULL, NULL),
(4119, 2, 0.00, 0, 1, 67, '2013-03-24', NULL, NULL),
(4120, 5, 0.00, 0, 2, 30, '2013-03-24', NULL, NULL),
(4121, 1, 12.00, 0, 2, 101053, '2013-03-24', NULL, NULL),
(4122, 9, 12.00, 0, 1, 964, '2013-03-24', NULL, NULL),
(4123, 15, 0.00, 0, 1, 100918, '2013-03-24', NULL, NULL),
(4124, 15, 0.00, 0, 1, 100917, '2013-03-24', NULL, NULL),
(4125, 21, 0.00, 0, 1, 4, '2013-03-24', NULL, NULL),
(4126, 24, 0.00, 0, 1, 101006, '2013-03-24', NULL, NULL),
(4127, 6, 11.00, 0, 1, 68, '2013-03-24', NULL, NULL),
(4128, 5, 0.00, 0, 2, 28, '2013-03-24', NULL, NULL),
(4129, 1, 12.00, 0, 2, 101051, '2013-03-24', NULL, NULL),
(4130, 1, 12.00, 0, 2, 101049, '2013-03-24', NULL, NULL),
(4131, 21, 0.00, 0, 1, 3, '2013-03-24', NULL, NULL),
(4132, 24, 0.00, 0, 1, 101005, '2013-03-24', NULL, NULL),
(4133, 22, 0.00, 0, 1, 985, '2013-03-24', NULL, NULL),
(4134, 23, 0.00, 0, 1, 985, '2013-03-24', NULL, NULL),
(4135, 24, 0.00, 0, 1, 101004, '2013-03-24', NULL, NULL),
(4136, 6, 11.00, 0, 1, 67, '2013-03-24', NULL, NULL),
(4137, 28, 12.00, 0, 1, 14, '2013-03-24', NULL, NULL),
(4138, 14, 0.00, 0, 1, 100919, '2013-03-24', NULL, NULL),
(4139, 57, 0.00, 10, 0, 10, '2013-03-24', NULL, NULL),
(4140, 84, 0.00, 6, 0, 6, '2013-03-24', NULL, NULL),
(4141, 57, 0.00, 0, 1, 9, '2013-03-24', NULL, NULL),
(4142, 84, 0.00, 0, 1, 5, '2013-03-24', NULL, NULL),
(4143, 83, 0.00, 20, 0, 34, '2013-03-24', NULL, NULL),
(4144, 7, 0.00, 0, 1, 64, '2013-03-24', NULL, NULL),
(4145, 6, 11.00, 0, 1, 66, '2013-03-24', NULL, NULL),
(4146, 16, 0.00, 0, 1, 100089, '2013-03-24', NULL, NULL),
(4147, 2, 0.00, 0, 1, 66, '2013-03-24', NULL, NULL),
(4148, 4, 0.00, 0, 1, 317, '2013-03-24', NULL, NULL),
(4149, 3, 0.00, 0, 1, 9590, '2013-03-24', NULL, NULL),
(4150, 1, 12.00, 0, 1, 101048, '2013-03-24', NULL, NULL),
(4151, 57, 0.00, 0, 1, 8, '2013-03-24', NULL, NULL),
(4152, 65, 0.00, 0, 1, 40, '2013-03-24', NULL, NULL),
(4153, 20, 0.00, 0, 1, 0, '2013-03-24', NULL, NULL),
(4154, 17, 0.00, 0, 1, 99991, '2013-03-24', NULL, NULL),
(4155, 14, 0.00, 0, 1, 100918, '2013-03-24', NULL, NULL),
(4156, 15, 0.00, 0, 1, 100916, '2013-03-24', NULL, NULL),
(4157, 5, 0.00, 0, 1, 27, '2013-03-24', NULL, NULL),
(4158, 3, 0.00, 0, 1, 9589, '2013-03-24', NULL, NULL),
(4159, 2, 0.00, 0, 1, 65, '2013-03-24', NULL, NULL),
(4160, 1, 12.00, 0, 1, 101047, '2013-03-24', NULL, NULL),
(4161, 6, 11.00, 0, 1, 65, '2013-03-24', NULL, NULL),
(4162, 20, 0.00, 20, 0, 20, '2013-03-24', NULL, NULL),
(4163, 20, 0.00, 0, 1, 19, '2013-03-24', NULL, NULL),
(4164, 6, 11.00, 0, 1, 64, '2013-03-24', NULL, NULL),
(4165, 16, 0.00, 0, 1, 100088, '2013-03-24', NULL, NULL),
(4166, 9, 12.00, 0, 1, 963, '2013-03-24', NULL, NULL),
(4167, 5, 0.00, 0, 1, 26, '2013-03-24', NULL, NULL),
(4168, 2, 0.00, 0, 1, 64, '2013-03-24', NULL, NULL),
(4169, 5, 0.00, 0, 1, 25, '2013-03-24', NULL, NULL),
(4170, 3, 0.00, 0, 1, 9588, '2013-03-24', NULL, NULL),
(4171, 5, 0.00, 0, 1, 24, '2013-03-24', NULL, NULL),
(4172, 4, 0.00, 0, 1, 316, '2013-03-24', NULL, NULL),
(4173, 65, 0.00, 0, 1, 39, '2013-03-24', NULL, NULL),
(4174, 17, 0.00, 0, 1, 99990, '2013-03-24', NULL, NULL),
(4175, 5, 0.00, 0, 1, 23, '2013-03-24', NULL, NULL),
(4176, 1, 12.00, 0, 1, 101046, '2013-03-24', NULL, NULL),
(4177, 2, 0.00, 0, 0, 64, '2013-03-24', NULL, NULL),
(4178, 1, 12.00, 0, 0, 101046, '2013-03-24', NULL, NULL),
(4179, 2, 0.00, 0, 1, 63, '2013-03-24', NULL, NULL),
(4180, 4, 0.00, 0, 1, 315, '2013-03-24', NULL, NULL),
(4181, 56, 0.00, 0, 1, 4, '2013-03-24', NULL, NULL),
(4182, 24, 0.00, 0, 1, 101003, '2013-03-24', NULL, NULL),
(4183, 63, 0.00, 0, 1, 8, '2013-03-24', NULL, NULL),
(4184, 63, 0.00, 0, 1, 7, '2013-03-24', NULL, NULL),
(4185, 63, 0.00, 0, 1, 6, '2013-03-24', NULL, NULL),
(4186, 6, 11.00, 0, 1, 63, '2013-03-24', NULL, NULL),
(4187, 3, 0.00, 0, 1, 9587, '2013-03-24', NULL, NULL),
(4188, 4, 0.00, 0, 1, 314, '2013-03-24', NULL, NULL),
(4189, 1, 12.00, 0, 2, 101044, '2013-03-24', NULL, NULL),
(4190, 3, 0.00, 0, 1, 9586, '2013-03-24', NULL, NULL),
(4191, 4, 0.00, 0, 1, 313, '2013-03-24', NULL, NULL),
(4192, 9, 12.00, 0, 1, 962, '2013-03-24', NULL, NULL),
(4193, 21, 0.00, 0, 1, 2, '2013-03-24', NULL, NULL),
(4194, 9, 12.00, 0, 1, 961, '2013-03-24', NULL, NULL),
(4195, 65, 0.00, 0, 1, 38, '2013-03-24', NULL, NULL),
(4196, 5, 0.00, 0, 1, 22, '2013-03-24', NULL, NULL),
(4197, 2, 0.00, 0, 1, 62, '2013-03-24', NULL, NULL),
(4198, 3, 0.00, 0, 2, 9584, '2013-03-24', NULL, NULL),
(4199, 56, 0.00, 0, 1, 3, '2013-03-24', NULL, NULL),
(4200, 6, 11.00, 0, 1, 62, '2013-03-24', NULL, NULL),
(4201, 15, 0.00, 0, 1, 100915, '2013-03-24', NULL, NULL),
(4202, 57, 0.00, 0, 1, 7, '2013-03-24', NULL, NULL),
(4203, 5, 0.00, 0, 1, 21, '2013-03-24', NULL, NULL),
(4204, 2, 0.00, 0, 1, 61, '2013-03-24', NULL, NULL),
(4205, 84, 0.00, 0, 1, 4, '2013-03-24', NULL, NULL),
(4206, 84, 0.00, 0, 1, 3, '2013-03-24', NULL, NULL),
(4207, 2, 0.00, 0, 1, 60, '2013-03-24', NULL, NULL),
(4208, 4, 0.00, 0, 1, 312, '2013-03-24', NULL, NULL),
(4209, 1, 12.00, 0, 1, 101043, '2013-03-24', NULL, NULL),
(4210, 55, 0.00, 0, 3, -29, '2013-03-24', NULL, NULL),
(4211, 5, 0.00, 0, 1, 20, '2013-03-24', NULL, NULL),
(4212, 3, 0.00, 0, 1, 9583, '2013-03-24', NULL, NULL),
(4213, 5, 0.00, 0, 1, 19, '2013-03-24', NULL, NULL),
(4214, 1, 12.00, 0, 1, 101042, '2013-03-24', NULL, NULL),
(4215, 2, 0.00, 0, 1, 59, '2013-03-24', NULL, NULL),
(4216, 3, 0.00, 0, 1, 9582, '2013-03-24', NULL, NULL),
(4217, 5, 0.00, 0, 1, 18, '2013-03-24', NULL, NULL),
(4218, 3, 0.00, 0, 1, 9581, '2013-03-24', NULL, NULL),
(4219, 21, 0.00, 0, 1, 1, '2013-03-24', NULL, NULL),
(4220, 24, 0.00, 0, 1, 101002, '2013-03-24', NULL, NULL),
(4221, 6, 11.00, 0, 1, 61, '2013-03-24', NULL, NULL),
(4222, 7, 0.00, 0, 1, 63, '2013-03-24', NULL, NULL),
(4223, 9, 12.00, 0, 1, 960, '2013-03-24', NULL, NULL),
(4224, 15, 0.00, 0, 1, 100914, '2013-03-24', NULL, NULL),
(4225, 9, 12.00, 0, 1, 959, '2013-03-24', NULL, NULL),
(4226, 5, 0.00, 0, 2, 16, '2013-03-24', NULL, NULL),
(4227, 1, 12.00, 0, 2, 101040, '2013-03-24', NULL, NULL),
(4228, 14, 0.00, 0, 1, 100917, '2013-03-24', NULL, NULL),
(4229, 14, 0.00, 0, 1, 100916, '2013-03-24', NULL, NULL),
(4230, 2, 0.00, 0, 2, 57, '2013-03-24', NULL, NULL),
(4231, 21, 0.00, 0, 1, 0, '2013-03-24', NULL, NULL),
(4232, 24, 0.00, 0, 1, 101001, '2013-03-24', NULL, NULL),
(4233, 5, 0.00, 0, 1, 15, '2013-03-24', NULL, NULL),
(4234, 2, 0.00, 0, 1, 56, '2013-03-24', NULL, NULL),
(4235, 1, 12.00, 0, 1, 101039, '2013-03-24', NULL, NULL),
(4236, 55, 0.00, 0, 3, -32, '2013-03-24', NULL, NULL),
(4237, 2, 0.00, 0, 1, 55, '2013-03-24', NULL, NULL),
(4238, 3, 0.00, 0, 1, 9580, '2013-03-24', NULL, NULL),
(4239, 2, 0.00, 0, 1, 54, '2013-03-24', NULL, NULL),
(4240, 4, 0.00, 0, 1, 311, '2013-03-24', NULL, NULL),
(4241, 83, 0.00, 0, 1, 33, '2013-03-24', NULL, NULL),
(4242, 1, 12.00, 0, 2, 101037, '2013-03-24', NULL, NULL),
(4243, 20, 0.00, 0, 0, 20, '2013-03-24', NULL, NULL),
(4244, 6, 11.00, 0, 1, 60, '2013-03-24', NULL, NULL),
(4245, 5, 0.00, 0, 1, 14, '2013-03-24', NULL, NULL),
(4246, 3, 0.00, 0, 1, 9579, '2013-03-24', NULL, NULL),
(4247, 2, 0.00, 0, 1, 53, '2013-03-24', NULL, NULL),
(4248, 4, 0.00, 0, 1, 310, '2013-03-24', NULL, NULL),
(4249, 1, 12.00, 0, 1, 101036, '2013-03-24', NULL, NULL),
(4250, 55, 0.00, 0, 3, -35, '2013-03-24', NULL, NULL),
(4251, 2, 0.00, 0, 0, 53, '2013-03-24', NULL, NULL),
(4252, 1, 12.00, 0, 0, 101036, '2013-03-24', NULL, NULL),
(4253, 55, 0.00, 0, 4, -39, '2013-03-24', NULL, NULL),
(4254, 1, 12.00, 0, 1, 101035, '2013-03-24', NULL, NULL),
(4255, 55, 0.00, 0, 2, -41, '2013-03-24', NULL, NULL),
(4256, 9, 12.00, 0, 1, 958, '2013-03-24', NULL, NULL),
(4257, 31, 0.00, 0, 1, 96, '2013-03-24', NULL, NULL),
(4258, 9, 12.00, 0, 1, 957, '2013-03-24', NULL, NULL),
(4259, 16, 0.00, 0, 1, 100087, '2013-03-24', NULL, NULL),
(4260, 54, 0.00, 0, 1, 4, '2013-03-24', NULL, NULL),
(4261, 54, 0.00, 0, 1, 3, '2013-03-24', NULL, NULL),
(4262, 64, 0.00, 0, 1, 7, '2013-03-24', NULL, NULL),
(4263, 5, 0.00, 0, 1, 13, '2013-03-24', NULL, NULL),
(4264, 2, 0.00, 0, 1, 52, '2013-03-24', NULL, NULL),
(4265, 1, 12.00, 0, 2, 101033, '2013-03-24', NULL, NULL),
(4266, 1, 12.00, 0, 2, 101031, '2013-03-24', NULL, NULL),
(4267, 1, 12.00, 0, 2, 101029, '2013-03-24', NULL, NULL),
(4268, 1, 12.00, 0, 2, 101027, '2013-03-24', NULL, NULL),
(4269, 64, 0.00, 0, 0, 7, '2013-03-24', NULL, NULL),
(4270, 65, 0.00, 0, 1, 37, '2013-03-24', NULL, NULL),
(4271, 6, 11.00, 0, 1, 59, '2013-03-24', NULL, NULL),
(4272, 6, 11.00, 0, 1, 58, '2013-03-24', NULL, NULL),
(4273, 17, 0.00, 0, 1, 99989, '2013-03-24', NULL, NULL),
(4274, 15, 0.00, 0, 1, 100913, '2013-03-24', NULL, NULL),
(4275, 14, 0.00, 0, 1, 100915, '2013-03-24', NULL, NULL),
(4276, 9, 12.00, 0, 1, 956, '2013-03-24', NULL, NULL),
(4277, 5, 0.00, 0, 1, 12, '2013-03-24', NULL, NULL),
(4278, 3, 0.00, 0, 1, 9578, '2013-03-24', NULL, NULL),
(4279, 2, 0.00, 0, 1, 51, '2013-03-24', NULL, NULL),
(4280, 3, 0.00, 0, 1, 9577, '2013-03-24', NULL, NULL),
(4281, 3, 0.00, 0, 1, 9576, '2013-03-24', NULL, NULL),
(4282, 1, 12.00, 0, 1, 101026, '2013-03-24', NULL, NULL),
(4283, 24, 0.00, 0, 1, 101000, '2013-03-24', NULL, NULL),
(4284, 24, 0.00, 0, 1, 100999, '2013-03-24', NULL, NULL),
(4285, 63, 0.00, 0, 1, 5, '2013-03-24', NULL, NULL),
(4286, 9, 12.00, 0, 1, 955, '2013-03-24', NULL, NULL),
(4287, 9, 12.00, 0, 1, 954, '2013-03-24', NULL, NULL),
(4288, 65, 0.00, 0, 1, 36, '2013-03-24', NULL, NULL),
(4289, 65, 0.00, 0, 0, 36, '2013-03-24', NULL, NULL),
(4290, 21, 0.00, 10, 0, 10, '2013-03-24', NULL, NULL),
(4291, 21, 0.00, 0, 1, 9, '2013-03-24', NULL, NULL),
(4292, 2, 0.00, 0, 1, 50, '2013-03-24', NULL, NULL),
(4293, 1, 12.00, 0, 1, 101025, '2013-03-24', NULL, NULL),
(4294, 5, 0.00, 0, 1, 11, '2013-03-24', NULL, NULL),
(4295, 3, 0.00, 0, 1, 9575, '2013-03-24', NULL, NULL),
(4296, 2, 0.00, 0, 1, 49, '2013-03-24', NULL, NULL),
(4297, 3, 0.00, 0, 1, 9574, '2013-03-24', NULL, NULL),
(4298, 56, 0.00, 0, 1, 2, '2013-03-24', NULL, NULL),
(4299, 3, 0.00, 0, 2, 9572, '2013-03-24', NULL, NULL),
(4300, 3, 0.00, 0, 2, 9570, '2013-03-24', NULL, NULL),
(4301, 57, 0.00, 0, 1, 6, '2013-03-24', NULL, NULL),
(4302, 88, 0.00, 10, 0, 10, '2013-03-24', NULL, NULL),
(4303, 1, 12.00, 0, 2, 101023, '2013-03-24', NULL, NULL),
(4304, 65, 0.00, 0, 1, 35, '2013-03-24', NULL, NULL),
(4305, 65, 0.00, 0, 1, 34, '2013-03-24', NULL, NULL),
(4306, 57, 0.00, 0, 1, 5, '2013-03-24', NULL, NULL),
(4307, 1, 12.00, 0, 2, 101021, '2013-03-24', NULL, NULL),
(4308, 56, 0.00, 0, 1, 2, '2013-03-24', NULL, NULL),
(4309, 1, 12.00, 0, 2, 101019, '2013-03-24', NULL, NULL),
(4310, 1, 12.00, 0, 2, 101017, '2013-03-24', NULL, NULL),
(4311, 9, 12.00, 0, 1, 953, '2013-03-24', NULL, NULL),
(4312, 65, 0.00, 0, 1, 33, '2013-03-24', NULL, NULL),
(4313, 65, 0.00, 0, 1, 32, '2013-03-24', NULL, NULL),
(4314, 88, 0.00, 0, 1, 9, '2013-03-24', NULL, NULL),
(4315, 33, 0.00, 2, 0, 7, '2013-03-24', NULL, NULL),
(4316, 33, 0.00, 10, 0, 17, '2013-03-24', NULL, NULL),
(4317, 29, 0.00, 10, 0, 10, '2013-03-24', NULL, NULL),
(4318, 29, 0.00, 0, 1, 9, '2013-03-24', NULL, NULL),
(4319, 6, 11.00, 0, 1, 57, '2013-03-24', NULL, NULL),
(4320, 2, 0.00, 0, 1, 48, '2013-03-24', NULL, NULL),
(4321, 1, 12.00, 0, 1, 101016, '2013-03-24', NULL, NULL),
(4322, 65, 0.00, 0, 1, 31, '2013-03-24', NULL, NULL),
(4323, 9, 12.00, 0, 1, 952, '2013-03-24', NULL, NULL),
(4324, 90, 0.00, 10, 0, 10, '2013-03-24', NULL, NULL),
(4325, 21, 0.00, 0, 1, 8, '2013-03-24', NULL, NULL),
(4326, 21, 0.00, 0, 0, 8, '2013-03-24', NULL, NULL),
(4327, 64, 0.00, 0, 1, 6, '2013-03-24', NULL, NULL),
(4328, 21, 0.00, 0, 1, 7, '2013-03-24', NULL, NULL),
(4329, 21, 0.00, 0, 1, 6, '2013-03-24', NULL, NULL),
(4330, 64, 0.00, 0, 1, 5, '2013-03-24', NULL, NULL),
(4331, 64, 0.00, 0, 0, 5, '2013-03-24', NULL, NULL),
(4332, 5, 0.00, 0, 1, 10, '2013-03-24', NULL, NULL),
(4333, 1, 12.00, 0, 1, 101015, '2013-03-24', NULL, NULL),
(4334, 2, 0.00, 0, 1, 47, '2013-03-24', NULL, NULL),
(4335, 1, 12.00, 0, 1, 101014, '2013-03-24', NULL, NULL),
(4336, 2, 0.00, 0, 1, 46, '2013-03-24', NULL, NULL),
(4337, 1, 12.00, 0, 1, 101013, '2013-03-24', NULL, NULL),
(4338, 1, 12.00, 0, 2, 101011, '2013-03-24', NULL, NULL),
(4339, 2, 0.00, 0, 2, 44, '2013-03-24', NULL, NULL),
(4340, 90, 0.00, 0, 1, 9, '2013-03-24', NULL, NULL),
(4341, 65, 0.00, 0, 1, 30, '2013-03-24', NULL, NULL),
(4342, 16, 0.00, 0, 1, 0, '2013-03-24', NULL, NULL),
(4343, 6, 11.00, 0, 1, 56, '2013-03-24', NULL, NULL),
(4344, 63, 0.00, 0, 1, 4, '2013-03-24', NULL, NULL),
(4345, 63, 0.00, 0, 1, 3, '2013-03-24', NULL, NULL),
(4346, 5, 0.00, 0, 1, 9, '2013-03-24', NULL, NULL),
(4347, 3, 0.00, 0, 1, 9569, '2013-03-24', NULL, NULL),
(4348, 65, 0.00, 0, 1, 29, '2013-03-24', NULL, NULL),
(4349, 5, 0.00, 0, 1, 8, '2013-03-24', NULL, NULL),
(4350, 1, 12.00, 0, 1, 101010, '2013-03-24', NULL, NULL),
(4351, 5, 0.00, 0, 1, 7, '2013-03-24', NULL, NULL),
(4352, 3, 0.00, 0, 1, 9568, '2013-03-24', NULL, NULL),
(4353, 1, 12.00, 0, 1, 101009, '2013-03-24', NULL, NULL),
(4354, 55, 0.00, 0, 3, 44, '2013-03-24', NULL, NULL),
(4355, 56, 0.00, 0, 1, 1, '2013-03-24', NULL, NULL),
(4356, 56, 0.00, 0, 1, 2, '2013-03-24', NULL, NULL),
(4357, 1, 12.00, 0, 2, 101007, '2013-03-24', NULL, NULL),
(4358, 1, 12.00, 0, 2, 101005, '2013-03-24', NULL, NULL),
(4359, 5, 0.00, 0, 1, 6, '2013-03-24', NULL, NULL),
(4360, 2, 0.00, 0, 1, 43, '2013-03-24', NULL, NULL),
(4361, 5, 0.00, 0, 1, 5, '2013-03-24', NULL, NULL),
(4362, 2, 0.00, 0, 1, 42, '2013-03-24', NULL, NULL),
(4363, 5, 0.00, 0, 1, 4, '2013-03-24', NULL, NULL),
(4364, 3, 0.00, 0, 1, 9567, '2013-03-24', NULL, NULL),
(4365, 5, 0.00, 0, 1, 3, '2013-03-24', NULL, NULL),
(4366, 3, 0.00, 0, 1, 9566, '2013-03-24', NULL, NULL),
(4367, 2, 0.00, 0, 1, 41, '2013-03-24', NULL, NULL),
(4368, 1, 12.00, 0, 1, 101004, '2013-03-24', NULL, NULL),
(4369, 3, 0.00, 0, 1, 9565, '2013-03-24', NULL, NULL),
(4370, 4, 0.00, 0, 1, 309, '2013-03-24', NULL, NULL),
(4371, 3, 0.00, 0, 1, 9564, '2013-03-24', NULL, NULL),
(4372, 4, 0.00, 0, 1, 308, '2013-03-24', NULL, NULL),
(4373, 3, 0.00, 0, 1, 9563, '2013-03-24', NULL, NULL),
(4374, 4, 0.00, 0, 1, 307, '2013-03-24', NULL, NULL),
(4375, 1, 12.00, 0, 2, 101002, '2013-03-24', NULL, NULL),
(4376, 56, 0.00, 0, 1, 1, '2013-03-24', NULL, NULL),
(4377, 20, 0.00, 0, 1, 19, '2013-03-24', NULL, NULL),
(4378, 9, 12.00, 0, 1, 951, '2013-03-24', NULL, NULL),
(4379, 17, 0.00, 0, 1, 99988, '2013-03-24', NULL, NULL),
(4380, 21, 0.00, 0, 1, 5, '2013-03-24', NULL, NULL),
(4381, 24, 0.00, 0, 1, 100998, '2013-03-24', NULL, NULL),
(4382, 64, 0.00, 0, 1, 4, '2013-03-24', NULL, NULL),
(4383, 64, 0.00, 0, 1, 3, '2013-03-24', NULL, NULL),
(4384, 64, 0.00, 0, 1, 2, '2013-03-24', NULL, NULL),
(4385, 9, 12.00, 0, 1, 950, '2013-03-24', NULL, NULL),
(4386, 9, 12.00, 0, 1, 949, '2013-03-24', NULL, NULL),
(4387, 5, 0.00, 0, 2, 3, '2013-03-24', NULL, NULL),
(4388, 6, 11.00, 0, 1, 55, '2013-03-24', NULL, NULL),
(4389, 11, 0.00, 0, 0, 1, '2013-03-24', NULL, NULL),
(4390, 9, 12.00, 0, 1, 948, '2013-03-24', NULL, NULL),
(4391, 9, 12.00, 0, 1, 947, '2013-03-24', NULL, NULL),
(4392, 9, 12.00, 0, 1, 946, '2013-03-24', NULL, NULL),
(4393, 9, 12.00, 0, 0, 947, '2013-03-24', NULL, NULL),
(4394, 21, 0.00, 0, 1, 4, '2013-03-24', NULL, NULL),
(4395, 91, 0.00, 10, 0, 10, '2013-03-24', NULL, NULL),
(4396, 24, 0.00, 0, 1, 100997, '2013-03-24', NULL, NULL),
(4397, 24, 0.00, 0, 1, 100996, '2013-03-24', NULL, NULL),
(4398, 24, 0.00, 0, 1, 100995, '2013-03-24', NULL, NULL),
(4399, 2, 0.00, 0, 1, 40, '2013-03-24', NULL, NULL),
(4400, 3, 0.00, 0, 1, 9562, '2013-03-24', NULL, NULL),
(4401, 2, 0.00, 0, 1, 39, '2013-03-24', NULL, NULL),
(4402, 3, 0.00, 0, 1, 9561, '2013-03-24', NULL, NULL),
(4403, 6, 11.00, 0, 1, 54, '2013-03-24', NULL, NULL),
(4404, 6, 11.00, 0, 1, 53, '2013-03-24', NULL, NULL),
(4405, 20, 0.00, 0, 1, 18, '2013-03-24', NULL, NULL),
(4406, 20, 0.00, 0, 1, 17, '2013-03-24', NULL, NULL),
(4407, 9, 12.00, 0, 1, 946, '2013-03-24', NULL, NULL),
(4408, 9, 12.00, 0, 1, 945, '2013-03-24', NULL, NULL),
(4409, 6, 11.00, 0, 1, 52, '2013-03-24', NULL, NULL),
(4410, 6, 11.00, 0, 1, 51, '2013-03-24', NULL, NULL),
(4411, 17, 0.00, 0, 1, 99987, '2013-03-24', NULL, NULL),
(4412, 14, 0.00, 0, 1, 100914, '2013-03-24', NULL, NULL),
(4413, 20, 0.00, 0, 1, 16, '2013-03-24', NULL, NULL),
(4414, 9, 12.00, 10, 0, 955, '2013-03-24', NULL, NULL),
(4415, 9, 12.00, 0, 1, 954, '2013-03-24', NULL, NULL),
(4416, 1, 12.00, 0, 1, 101001, '2013-03-24', NULL, NULL),
(4417, 55, 0.00, 0, 3, 41, '2013-03-24', NULL, NULL),
(4418, 56, 0.00, 0, 0, 0, '2013-03-24', NULL, NULL),
(4419, 1, 12.00, 0, 2, 100999, '2013-03-24', NULL, NULL),
(4420, 3, 0.00, 0, 1, 9560, '2013-03-24', NULL, NULL),
(4421, 1, 12.00, 0, 0, 100999, '2013-03-24', NULL, NULL),
(4422, 55, 0.00, 0, 3, 38, '2013-03-24', NULL, NULL),
(4423, 65, 0.00, 0, 1, 28, '2013-03-24', NULL, NULL),
(4424, 65, 0.00, 0, 1, 27, '2013-03-24', NULL, NULL),
(4425, 17, 0.00, 0, 1, 99986, '2013-03-24', NULL, NULL),
(4426, 3, 0.00, 0, 0, 9560, '2013-03-24', NULL, NULL),
(4427, 1, 12.00, 0, 0, 100999, '2013-03-24', NULL, NULL),
(4428, 12, 0.00, 0, 1, 100027, '2013-03-24', NULL, NULL),
(4429, 12, 0.00, 0, 1, 100026, '2013-03-24', NULL, NULL),
(4430, 20, 0.00, 0, 1, 15, '2013-03-24', NULL, NULL),
(4431, 5, 0.00, 0, 1, 2, '2013-03-24', NULL, NULL),
(4432, 2, 0.00, 0, 1, 38, '2013-03-24', NULL, NULL),
(4433, 5, 0.00, 0, 1, 1, '2013-03-24', NULL, NULL),
(4434, 3, 0.00, 0, 1, 9559, '2013-03-24', NULL, NULL),
(4435, 5, 0.00, 0, 1, 0, '2013-03-24', NULL, NULL),
(4436, 4, 0.00, 0, 1, 306, '2013-03-24', NULL, NULL),
(4437, 2, 0.00, 0, 1, 37, '2013-03-24', NULL, NULL),
(4438, 3, 0.00, 0, 1, 9558, '2013-03-24', NULL, NULL),
(4439, 2, 0.00, 0, 1, 36, '2013-03-24', NULL, NULL),
(4440, 3, 0.00, 0, 1, 9557, '2013-03-24', NULL, NULL),
(4441, 2, 0.00, 0, 1, 35, '2013-03-24', NULL, NULL),
(4442, 1, 12.00, 0, 1, 100998, '2013-03-24', NULL, NULL),
(4443, 3, 0.00, 0, 1, 9556, '2013-03-24', NULL, NULL),
(4444, 1, 12.00, 0, 1, 100997, '2013-03-24', NULL, NULL),
(4445, 20, 0.00, 0, 0, 15, '2013-03-24', NULL, NULL),
(4446, 9, 12.00, 0, 1, 953, '2013-03-24', NULL, NULL),
(4447, 9, 12.00, 0, 0, 953, '2013-03-24', NULL, NULL),
(4448, 87, 0.00, 0, 1, 9, '2013-03-24', NULL, NULL),
(4449, 12, 0.00, 0, 1, 100025, '2013-03-24', NULL, NULL),
(4450, 12, 0.00, 0, 1, 100024, '2013-03-24', NULL, NULL),
(4451, 87, 0.00, 0, 1, 8, '2013-03-24', NULL, NULL),
(4452, 87, 0.00, 0, 1, 7, '2013-03-24', NULL, NULL),
(4453, 3, 0.00, 0, 1, 9555, '2013-03-24', NULL, NULL),
(4454, 2, 0.00, 0, 1, 34, '2013-03-24', NULL, NULL),
(4455, 3, 0.00, 0, 1, 9554, '2013-03-24', NULL, NULL),
(4456, 1, 12.00, 0, 1, 100996, '2013-03-24', NULL, NULL),
(4457, 14, 0.00, 0, 1, 100913, '2013-03-24', NULL, NULL),
(4458, 15, 0.00, 0, 1, 100912, '2013-03-24', NULL, NULL),
(4459, 2, 0.00, 0, 1, 33, '2013-03-24', NULL, NULL),
(4460, 3, 0.00, 0, 1, 9553, '2013-03-24', NULL, NULL),
(4461, 5, 0.00, 1, 0, 1, '2013-03-24', NULL, NULL),
(4462, 5, 0.00, 0, 1, 0, '2013-03-24', NULL, NULL),
(4463, 3, 0.00, 0, 1, 9552, '2013-03-24', NULL, NULL),
(4464, 87, 0.00, 0, 1, 6, '2013-03-24', NULL, NULL),
(4465, 15, 0.00, 0, 1, 100911, '2013-03-24', NULL, NULL),
(4466, 58, 0.00, 0, 1, 995, '2013-03-24', NULL, NULL),
(4467, 58, 0.00, 0, 1, 994, '2013-03-24', NULL, NULL),
(4468, 59, 0.00, 0, 1, 104, '2013-03-24', NULL, NULL),
(4469, 59, 0.00, 0, 1, 103, '2013-03-24', NULL, NULL),
(4470, 59, 0.00, 0, 1, 102, '2013-03-24', NULL, NULL),
(4471, 6, 11.00, 0, 1, 50, '2013-03-24', NULL, NULL),
(4472, 6, 11.00, 0, 1, 49, '2013-03-24', NULL, NULL),
(4473, 10, 0.00, 0, 1, 100028, '2013-03-24', NULL, NULL),
(4474, 10, 0.00, 0, 1, 100027, '2013-03-24', NULL, NULL),
(4475, 12, 0.00, 0, 1, 100023, '2013-03-24', NULL, NULL),
(4476, 12, 0.00, 0, 1, 100022, '2013-03-24', NULL, NULL),
(4477, 2, 0.00, 0, 1, 32, '2013-03-24', NULL, NULL),
(4478, 3, 0.00, 0, 1, 9551, '2013-03-24', NULL, NULL),
(4479, 2, 0.00, 0, 1, 31, '2013-03-24', NULL, NULL),
(4480, 1, 12.00, 0, 1, 100995, '2013-03-24', NULL, NULL),
(4481, 2, 0.00, 0, 1, 30, '2013-03-24', NULL, NULL),
(4482, 1, 12.00, 0, 1, 100994, '2013-03-24', NULL, NULL),
(4483, 1, 12.00, 0, 1, 100993, '2013-03-24', NULL, NULL),
(4484, 3, 0.00, 0, 1, 9550, '2013-03-24', NULL, NULL),
(4485, 1, 12.00, 0, 1, 100992, '2013-03-24', NULL, NULL),
(4486, 2, 0.00, 0, 1, 29, '2013-03-24', NULL, NULL),
(4487, 3, 0.00, 0, 1, 9549, '2013-03-24', NULL, NULL),
(4488, 3, 0.00, 0, 1, 9548, '2013-03-24', NULL, NULL),
(4489, 1, 12.00, 0, 1, 100991, '2013-03-24', NULL, NULL),
(4490, 2, 0.00, 0, 1, 28, '2013-03-24', NULL, NULL),
(4491, 4, 0.00, 0, 1, 305, '2013-03-24', NULL, NULL),
(4492, 17, 0.00, 0, 1, 99985, '2013-03-24', NULL, NULL),
(4493, 1, 12.00, 0, 2, 100989, '2013-03-24', NULL, NULL),
(4494, 63, 0.00, 0, 1, 2, '2013-03-24', NULL, NULL),
(4495, 63, 0.00, 0, 1, 1, '2013-03-24', NULL, NULL),
(4496, 14, 0.00, 0, 1, 100912, '2013-03-24', NULL, NULL),
(4497, 2, 0.00, 0, 1, 27, '2013-03-24', NULL, NULL),
(4498, 3, 0.00, 0, 1, 9547, '2013-03-24', NULL, NULL),
(4499, 2, 0.00, 0, 1, 26, '2013-03-24', NULL, NULL),
(4500, 3, 0.00, 0, 1, 9546, '2013-03-24', NULL, NULL),
(4501, 2, 0.00, 0, 1, 25, '2013-03-24', NULL, NULL),
(4502, 3, 0.00, 0, 1, 9545, '2013-03-24', NULL, NULL),
(4503, 2, 0.00, 0, 1, 24, '2013-03-24', NULL, NULL),
(4504, 1, 12.00, 0, 1, 100988, '2013-03-24', NULL, NULL),
(4505, 2, 0.00, 0, 1, 23, '2013-03-24', NULL, NULL),
(4506, 1, 12.00, 0, 1, 100987, '2013-03-24', NULL, NULL),
(4507, 2, 0.00, 0, 1, 22, '2013-03-24', NULL, NULL),
(4508, 1, 12.00, 0, 1, 100986, '2013-03-24', NULL, NULL),
(4509, 2, 0.00, 0, 1, 21, '2013-03-24', NULL, NULL),
(4510, 4, 0.00, 0, 1, 304, '2013-03-24', NULL, NULL),
(4511, 2, 0.00, 0, 1, 20, '2013-03-24', NULL, NULL),
(4512, 4, 0.00, 0, 1, 303, '2013-03-24', NULL, NULL),
(4513, 2, 0.00, 0, 1, 19, '2013-03-24', NULL, NULL),
(4514, 4, 0.00, 0, 1, 302, '2013-03-24', NULL, NULL),
(4515, 2, 0.00, 0, 1, 18, '2013-03-24', NULL, NULL),
(4516, 4, 0.00, 0, 1, 301, '2013-03-24', NULL, NULL),
(4517, 3, 0.00, 0, 1, 9544, '2013-03-24', NULL, NULL),
(4518, 1, 12.00, 0, 1, 100985, '2013-03-24', NULL, NULL),
(4519, 1, 12.00, 0, 2, 100983, '2013-03-24', NULL, NULL),
(4520, 1, 12.00, 0, 2, 100981, '2013-03-24', NULL, NULL),
(4521, 1, 12.00, 0, 1, 100980, '2013-03-24', NULL, NULL),
(4522, 55, 0.00, 0, 3, 35, '2013-03-24', NULL, NULL),
(4523, 9, 12.00, 0, 1, 952, '2013-03-24', NULL, NULL),
(4524, 9, 12.00, 0, 1, 951, '2013-03-24', NULL, NULL),
(4525, 9, 12.00, 0, 1, 950, '2013-03-24', NULL, NULL),
(4526, 6, 11.00, 0, 1, 48, '2013-03-24', NULL, NULL),
(4527, 24, 0.00, 0, 1, 100994, '2013-03-24', NULL, NULL),
(4528, 12, 0.00, 0, 1, 100021, '2013-03-24', NULL, NULL),
(4529, 12, 0.00, 0, 1, 100020, '2013-03-24', NULL, NULL),
(4530, 12, 0.00, 0, 1, 100019, '2013-03-24', NULL, NULL),
(4531, 12, 0.00, 0, 1, 100018, '2013-03-24', NULL, NULL),
(4532, 12, 0.00, 0, 1, 100017, '2013-03-24', NULL, NULL),
(4533, 10, 0.00, 0, 1, 100026, '2013-03-24', NULL, NULL),
(4534, 64, 0.00, 0, 1, 1, '2013-03-24', NULL, NULL),
(4535, 9, 12.00, 0, 0, 950, '2013-03-24', NULL, NULL),
(4536, 56, 0.00, 1, 0, 1, '2013-03-24', NULL, NULL),
(4537, 56, 0.00, 0, 1, 0, '2013-03-24', NULL, NULL),
(4538, 92, 0.00, 20, 0, 20, '2013-03-24', NULL, NULL),
(4539, 92, 0.00, 0, 1, 19, '2013-03-24', NULL, NULL),
(4540, 94, 0.00, 10, 0, 10, '2013-03-24', NULL, NULL),
(4541, 64, 0.00, 0, 0, 1, '2013-03-24', NULL, NULL),
(4542, 95, 0.00, 10, 0, 10, '2013-03-24', NULL, NULL),
(4543, 12, 0.00, 0, 1, 100016, '2013-03-24', NULL, NULL),
(4544, 12, 0.00, 0, 1, 100015, '2013-03-24', NULL, NULL),
(4545, 12, 0.00, 0, 1, 100014, '2013-03-24', NULL, NULL),
(4546, 12, 0.00, 0, 1, 100013, '2013-03-24', NULL, NULL),
(4547, 12, 0.00, 0, 1, 100012, '2013-03-24', NULL, NULL),
(4548, 12, 0.00, 0, 1, 100011, '2013-03-24', NULL, NULL),
(4549, 94, 0.00, 0, 1, 9, '2013-03-24', NULL, NULL),
(4550, 18, 0.00, 0, 1, 100046, '2013-03-24', NULL, NULL),
(4551, 18, 0.00, 0, 1, 100045, '2013-03-24', NULL, NULL),
(4552, 10, 0.00, 0, 1, 100025, '2013-03-24', NULL, NULL),
(4553, 12, 0.00, 0, 1, 100010, '2013-03-24', NULL, NULL),
(4554, 31, 0.00, 0, 1, 95, '2013-03-24', NULL, NULL),
(4555, 2, 0.00, 0, 1, 17, '2013-03-24', NULL, NULL),
(4556, 1, 12.00, 0, 1, 100979, '2013-03-24', NULL, NULL),
(4557, 17, 0.00, 0, 1, 99984, '2013-03-24', NULL, NULL),
(4558, 17, 0.00, 0, 1, 99983, '2013-03-24', NULL, NULL),
(4559, 3, 0.00, 0, 1, 9543, '2013-03-24', NULL, NULL),
(4560, 5, 0.00, 2, 0, 2, '2013-03-24', NULL, NULL),
(4561, 5, 0.00, 0, 1, 1, '2013-03-24', NULL, NULL),
(4562, 3, 0.00, 0, 1, 9542, '2013-03-24', NULL, NULL),
(4563, 56, 0.00, 5, 0, 5, '2013-03-24', NULL, NULL),
(4564, 56, 0.00, 0, 1, 4, '2013-03-24', NULL, NULL),
(4565, 22, 0.00, 0, 1, 984, '2013-03-24', NULL, NULL),
(4566, 23, 0.00, 0, 1, 984, '2013-03-24', NULL, NULL),
(4567, 24, 0.00, 0, 1, 100993, '2013-03-24', NULL, NULL),
(4568, 21, 0.00, 0, 1, 3, '2013-03-24', NULL, NULL),
(4569, 86, 0.00, 1, 0, 1, '2013-03-24', NULL, NULL),
(4570, 86, 0.00, 0, 1, 0, '2013-03-24', NULL, NULL),
(4571, 5, 0.00, 0, 1, 0, '2013-03-24', NULL, NULL),
(4572, 3, 0.00, 0, 1, 9541, '2013-03-24', NULL, NULL),
(4573, 1, 12.00, 0, 2, 100977, '2013-03-24', NULL, NULL),
(4574, 59, 0.00, 0, 1, 101, '2013-03-24', NULL, NULL),
(4575, 15, 0.00, 0, 1, 100910, '2013-03-24', NULL, NULL),
(4576, 15, 0.00, 0, 1, 100909, '2013-03-24', NULL, NULL),
(4577, 15, 0.00, 0, 0, 100909, '2013-03-24', NULL, NULL),
(4578, 15, 0.00, 0, 1, 100908, '2013-03-24', NULL, NULL),
(4579, 15, 0.00, 0, 1, 100907, '2013-03-24', NULL, NULL),
(4580, 3, 0.00, 0, 1, 9540, '2013-03-24', NULL, NULL),
(4581, 5, 0.00, 2, 0, 2, '2013-03-24', NULL, NULL),
(4582, 1, 12.00, 0, 2, 100975, '2013-03-24', NULL, NULL),
(4583, 59, 0.00, 0, 1, 100, '2013-03-24', NULL, NULL),
(4584, 5, 0.00, 0, 1, 1, '2013-03-24', NULL, NULL),
(4585, 3, 0.00, 0, 1, 9539, '2013-03-24', NULL, NULL),
(4586, 17, 0.00, 0, 0, 99983, '2013-03-24', NULL, NULL),
(4587, 5, 0.00, 0, 1, 0, '2013-08-20', NULL, NULL),
(4588, 2, 0.00, 0, 1, 16, '2013-08-20', NULL, NULL),
(4589, 3, 0.00, 0, 1, 9538, '2013-08-20', NULL, NULL),
(4590, 1, 12.00, 0, 1, 100974, '2013-08-20', NULL, NULL),
(4591, 61, 0.00, 0, 1, 3, '2013-08-20', NULL, NULL),
(4592, 58, 0.00, 0, 1, 993, '2013-08-20', NULL, NULL),
(4593, 59, 0.00, 0, 1, 99, '2013-08-20', NULL, NULL),
(4594, 22, 0.00, 0, 1, 983, '2013-08-20', NULL, NULL),
(4595, 23, 0.00, 0, 1, 983, '2013-08-20', NULL, NULL),
(4596, 24, 0.00, 0, 1, 100992, '2013-08-20', NULL, NULL),
(4597, 21, 0.00, 0, 1, 2, '2013-08-20', NULL, NULL),
(4598, 1, 12.00, 0, 2, 100972, '2013-08-20', NULL, NULL),
(4599, 2, 0.00, 0, 2, 14, '2013-08-20', NULL, NULL),
(4600, 9, 12.00, 0, 1, 949, '2013-08-20', NULL, NULL),
(4601, 20, 0.00, 0, 1, 14, '2013-08-20', NULL, NULL),
(4602, 2, 0.00, 0, 1, 13, '2013-08-20', NULL, NULL),
(4603, 1, 12.00, 0, 1, 100971, '2013-08-20', NULL, NULL),
(4604, 1, 12.00, 0, 1, 100970, '2013-08-20', NULL, NULL),
(4605, 3, 0.00, 0, 1, 9537, '2013-08-20', NULL, NULL),
(4606, 4, 0.00, 0, 1, 300, '2013-08-20', NULL, NULL),
(4607, 4, 0.00, 0, 1, 299, '2013-08-20', NULL, NULL),
(4608, 1, 12.00, 0, 1, 100969, '2013-08-20', NULL, NULL),
(4609, 4, 0.00, 0, 1, 298, '2013-08-20', NULL, NULL),
(4610, 7, 0.00, 0, 1, 62, '2013-08-20', NULL, NULL),
(4611, 20, 0.00, 0, 1, 13, '2013-08-20', NULL, NULL),
(4612, 18, 0.00, 0, 1, 100044, '2013-08-20', NULL, NULL),
(4613, 1, 12.00, 0, 2, 100967, '2013-08-20', NULL, NULL),
(4614, 91, 0.00, 0, 1, 9, '2013-08-20', NULL, NULL),
(4615, 63, 0.00, 0, 1, 0, '2013-08-20', NULL, NULL),
(4616, 2, 0.00, 0, 1, 12, '2013-08-21', NULL, NULL),
(4617, 1, 12.00, 0, 1, 100966, '2013-08-21', NULL, NULL),
(4618, 4, 0.00, 0, 1, 297, '2013-08-21', NULL, NULL),
(4619, 1, 12.00, 0, 1, 100965, '2013-08-21', NULL, NULL),
(4620, 4, 0.00, 0, 1, 296, '2013-08-21', NULL, NULL),
(4621, 11, 0.00, 0, 1, 0, '2013-08-21', NULL, NULL),
(4622, 2, 0.00, 0, 1, 11, '2013-08-27', NULL, NULL),
(4623, 2, 0.00, 0, 1, 10, '2013-08-27', NULL, NULL),
(4624, 3, 0.00, 0, 1, 9536, '2013-08-27', NULL, NULL),
(4625, 2, 0.00, 0, 2, 8, '2013-08-27', NULL, NULL),
(4626, 31, 0.00, 0, 1, 94, '2013-08-27', NULL, NULL),
(4627, 1, 12.00, 0, 1, 100964, '2013-08-28', NULL, NULL),
(4710, 1, 12.00, 10, 7, 4, '2013-10-07', 1, NULL),
(4709, 3, 0.00, 10, 11, 7, '2013-10-05', 1, NULL),
(4708, 4, 0.00, 10, 10, 0, '2013-10-05', 1, NULL),
(4707, 1, 12.00, 10, 13, 1, '2013-10-05', 1, NULL),
(4706, 3, 0.00, 10, 3, 8, '2013-10-04', 1, NULL),
(4705, 4, 0.00, 10, 11, 0, '2013-10-04', 1, NULL),
(4704, 1, 12.00, 10, 6, 4, '2013-10-04', 1, NULL),
(4683, 4, 0.00, 10, 9, 1, '2013-10-03', 1, NULL),
(4682, 3, 0.00, 10, 9, 1, '2013-10-03', 1, NULL),
(4681, 1, 12.00, 10, 10, 0, '2013-10-03', 1, NULL),
(4711, 3, 0.00, 10, 4, 13, '2013-10-07', 1, NULL),
(4712, 4, 0.00, 10, 7, 3, '2013-10-07', 1, NULL),
(4713, 1, 12.00, 5, 3, 6, '2013-10-21', 1, NULL),
(4714, 3, 0.00, 5, 0, 18, '2013-10-21', 1, NULL),
(4715, 4, 0.00, 5, 3, 5, '2013-10-21', 1, NULL),
(4716, 1, 12.00, 20, 5, 21, '2013-11-20', 1, NULL),
(4717, 3, 0.00, 20, 4, 34, '2013-11-20', 1, NULL),
(4718, 4, 0.00, 10, 9, 6, '2013-11-20', 1, NULL),
(4719, 3, 0.00, 30, 6, 58, '2013-11-21', 1, NULL),
(4720, 1, 12.00, 30, 8, 43, '2013-11-21', 1, NULL),
(4721, 4, 0.00, 35, 0, 331, '2013-11-21', NULL, NULL),
(4722, 4, 0.00, 30, 8, 28, '2013-11-21', 1, NULL),
(4723, 1, 12.00, 30, 9, 64, '2013-11-23', 1, NULL),
(4724, 4, 0.00, 30, 8, 50, '2013-11-23', 1, NULL),
(4725, 3, 0.00, 30, 7, 81, '2013-11-23', 1, NULL),
(4726, 1, 12.00, 37, 0, 101, '2013-12-11', 1, NULL),
(4727, 1, 12.00, 100, 0, 201, '2013-12-13', 1, NULL),
(4728, 10, 0.00, 97, 5, 92, '2013-12-13', 1, NULL),
(4729, 10, 0.00, 500, 0, 597, '2013-12-13', 1, NULL);

-- --------------------------------------------------------

--
-- Table structure for table `categorias`
--

CREATE TABLE IF NOT EXISTS `categorias` (
  `id` int(11) NOT NULL AUTO_INCREMENT,
  `clase_id` int(11) NOT NULL,
  `nombre` varchar(50) NOT NULL,
  `descripcion` text,
  `tipo` varchar(50) DEFAULT NULL,
  `estado` int(1) NOT NULL DEFAULT '1',
  PRIMARY KEY (`id`)
) ENGINE=MyISAM  DEFAULT CHARSET=latin1 AUTO_INCREMENT=30 ;

--
-- Dumping data for table `categorias`
--

INSERT INTO `categorias` (`id`, `clase_id`, `nombre`, `descripcion`, `tipo`, `estado`) VALUES
(2, 1, 'Phampaku Mixto', 'platos', 'Comida', 1),
(1, 1, 'Phampaku', '', 'Comida', 1),
(3, 1, 'Picante', '', 'Comida', 1),
(5, 1, 'Otros platos', '', 'Comida', 1),
(7, 1, 'Para Picar', '', 'Comida', 1),
(8, 1, 'Para ninos', '', 'Comida', 1),
(10, 2, 'REFRESCOS', '', 'Bebidas', 1),
(11, 2, 'Cervezas', '', 'Bebidas', 1),
(12, 2, 'Otras Bebidas', '', 'Bebidas', 1),
(13, 2, 'En Jarra', '', 'Comida', 1),
(14, 2, 'Cocteles', '', 'Bebidas', 1),
(15, 2, 'Jugos del Valle', '', 'Bebidas', 1),
(23, 5, 'La concepcion', '', 'Bebidas', 1),
(24, 5, 'Campo solana', '', 'Bebidas', 1),
(19, 1, 'Guarniciones', 'porcion ', 'Comida', 1),
(20, 6, 'POSTRES', 'postres', 'Comida', 1),
(25, 5, 'Kohlbert ', '', 'Bebidas', 1);

-- --------------------------------------------------------

--
-- Table structure for table `clases`
--

CREATE TABLE IF NOT EXISTS `clases` (
  `id` int(11) NOT NULL AUTO_INCREMENT,
  `nombre` varchar(50) NOT NULL,
  `descripcion` text,
  `estado` int(1) NOT NULL DEFAULT '1',
  `orden` int(2) NOT NULL DEFAULT '0',
  `color` varchar(10) DEFAULT NULL,
  PRIMARY KEY (`id`)
) ENGINE=MyISAM  DEFAULT CHARSET=latin1 AUTO_INCREMENT=10 ;

--
-- Dumping data for table `clases`
--

INSERT INTO `clases` (`id`, `nombre`, `descripcion`, `estado`, `orden`, `color`) VALUES
(1, 'Comida', NULL, 1, 1, '3276B1'),
(2, 'Bebidas', NULL, 1, 2, '47A447'),
(3, 'Cocteleria', NULL, 1, 3, '39B3D7'),
(4, 'Vino Blanco', NULL, 1, 4, 'ED9C28'),
(5, 'Vino Tinto', NULL, 1, 5, 'D2322D'),
(6, 'Postres', NULL, 1, 6, '8C0D8C'),
(9, 'panques', 'panques para combos', 1, 7, '8C0D8C');

-- --------------------------------------------------------

--
-- Table structure for table `clientes`
--

CREATE TABLE IF NOT EXISTS `clientes` (
  `id` int(11) NOT NULL AUTO_INCREMENT COMMENT 'Es la llave primaria de la tabla clientes',
  `nombre` varchar(50) NOT NULL,
  `nit` varchar(20) DEFAULT NULL,
  `nombrenit` varchar(200) DEFAULT NULL,
  `direccion` varchar(200) DEFAULT NULL,
  `telefono` varchar(30) DEFAULT NULL,
  `estado` int(1) DEFAULT '1',
  PRIMARY KEY (`id`)
) ENGINE=MyISAM  DEFAULT CHARSET=latin1 AUTO_INCREMENT=73 ;

--
-- Dumping data for table `clientes`
--

INSERT INTO `clientes` (`id`, `nombre`, `nit`, `nombrenit`, `direccion`, `telefono`, `estado`) VALUES
(2, 'Mauricio Ayllon', NULL, NULL, 'calle uno', '110', 1),
(3, 'Antonio Lopez', NULL, NULL, 'Calle Garzilazo', '951478', 0),
(5, 'Demo', NULL, NULL, 'demo', '1231', 1),
(6, 'oscar prieto', NULL, NULL, 'calle 34', '12345', 1),
(7, 'bryan calderon', NULL, NULL, 'ceja el alto', '8765654', 1),
(9, 'Adriana Miranda', NULL, NULL, 'C. Vida Nueva 1234', '70688246', 0),
(10, 'John Maxwel', NULL, NULL, 'aqui la direccion', '123123', 1),
(11, 'MIRANDA', '4839295013', 'MIRANDA', NULL, NULL, 1),
(18, 'HERRERA', '4376810010', 'HERRERA', NULL, NULL, 1),
(19, 'HERRERA', '4376810010', 'HERRERA', NULL, NULL, 1),
(20, 'GUILLEN', '3817445010', 'GUILLEN', NULL, NULL, 1),
(21, 'GUILLEN', '4647676876', 'GUILLEN', NULL, NULL, 1),
(22, 'MARCIAL', '45678734', 'MARCIAL', NULL, NULL, 1),
(23, 'Soto', '3355011', 'Soto', NULL, NULL, 1),
(24, 'Patio', '3138086', 'Patio', NULL, NULL, 1),
(25, 'Felix Quiroz', '3618911', 'Felix Quiroz', NULL, NULL, 1),
(26, 'ROJAS', '3592838', 'ROJAS', NULL, NULL, 1),
(27, 'juan choque', '1210365', 'juan choque', NULL, NULL, 1),
(28, 'Rojas', '5185551', 'Rojas', NULL, NULL, 1),
(29, 'Arancibia', '4505179010', 'Arancibia', NULL, NULL, 1),
(30, 'Jose Aez', '990463019', 'Jose Aez', NULL, NULL, 1),
(31, '', '5634884', '', NULL, NULL, 1),
(32, 'Bustamante', '831863', 'Bustamante', NULL, NULL, 1),
(33, 'ANTEQUERA', '823261014', 'ANTEQUERA', NULL, NULL, 1),
(34, 'Huitado', '4445503', 'Huitado', NULL, NULL, 1),
(35, 'jose jaillita', '5263425', 'jose jaillita', NULL, NULL, 1),
(36, 'teran', '5923946', 'teran', NULL, NULL, 1),
(37, 'ARTEAGA', '5207031016', 'ARTEAGA', NULL, NULL, 1),
(38, 'adriana', '34654363', 'adriana', NULL, NULL, 1),
(39, 'Escalera', '3137047', 'Escalera', NULL, NULL, 1),
(40, 'Mercado', '2313515', 'Mercado', NULL, NULL, 1),
(41, 'Morales', '627040011', 'Morales', NULL, NULL, 1),
(42, 'Vargas', '5124167014', 'Vargas', NULL, NULL, 1),
(43, 'Rodriguez', '4418314', 'Rodriguez', NULL, NULL, 1),
(44, 'Tejada', '949687', 'Tejada', NULL, NULL, 1),
(45, 'Torrejon', '2861568', 'Torrejon', NULL, NULL, 1),
(46, 'Yomar Montao', '6407245', 'Yomar Montao', NULL, NULL, 1),
(47, 'Villalpando', '3729013', 'Villalpando', NULL, NULL, 1),
(48, 'Felix Mamani', '3033242017', 'Felix Mamani', NULL, NULL, 1),
(49, 'Flores', '8217639', 'Flores', NULL, NULL, 1),
(50, 'Mirian Flores V.', '3591880', 'Mirian Flores V.', NULL, NULL, 1),
(51, 'Chinche', '3742015', 'Chinche', NULL, NULL, 1),
(52, 'Jaura de Vargas', '588711013', 'Jaura de Vargas', NULL, NULL, 1),
(53, 'Hope', '102140902', 'Hope', NULL, NULL, 1),
(54, 'Rosario Luna', '4392866', 'Rosario Luna', NULL, NULL, 1),
(55, 'Gonzales', '3177411', 'Gonzales', NULL, NULL, 1),
(56, 'Guillen', '3027618018', 'Guillen', NULL, NULL, 1),
(57, 'Maldonado', '4457829', 'Maldonado', NULL, NULL, 1),
(58, 'Victor Soto Siles', '949425', 'Victor Soto Siles', NULL, NULL, 1),
(59, 'Barrera', '4537845', 'Barrera', NULL, NULL, 1),
(60, 'Cespedes', '2726211019', 'Cespedes', NULL, NULL, 1),
(61, 'Asseff', '4752854', 'Asseff', NULL, NULL, 1),
(62, 'Andrew', '800408013', 'Andrew', NULL, NULL, 1),
(63, 'Nogales', '5274911', 'Nogales', NULL, NULL, 1),
(64, 'Majfu', '658854', 'Majfu', NULL, NULL, 1),
(65, 'Garon', '1247663011', 'Garon', NULL, NULL, 1),
(66, 'Alcocer', '816503', 'Alcocer', NULL, NULL, 1),
(67, 'Murillo', '5191985', 'Murillo', NULL, NULL, 1),
(68, 'conta', '1026145024', 'conta', NULL, NULL, 1),
(69, 'Karen Coro Canaviri', '6424250117', 'Karen Coro Canaviri', NULL, NULL, 1),
(70, 'Saravia', '599438', 'Saravia', NULL, NULL, 1),
(71, 'Ramses Dajir', NULL, NULL, '', '653767234', 1),
(72, 'fffff', NULL, NULL, 'fsddsfddffd', '233232', 1);

-- --------------------------------------------------------

--
-- Table structure for table `confmultas`
--

CREATE TABLE IF NOT EXISTS `confmultas` (
  `id` int(11) NOT NULL AUTO_INCREMENT,
  `horas` int(2) DEFAULT NULL,
  `minutos` int(2) DEFAULT NULL,
  `monto` float(15,2) NOT NULL DEFAULT '0.00',
  `observaciones` text,
  PRIMARY KEY (`id`)
) ENGINE=MyISAM  DEFAULT CHARSET=latin1 AUTO_INCREMENT=5 ;

--
-- Dumping data for table `confmultas`
--

INSERT INTO `confmultas` (`id`, `horas`, `minutos`, `monto`, `observaciones`) VALUES
(3, 0, 30, 50.00, 'retraso leve'),
(2, 0, 45, 100.00, 'otro'),
(4, 16, 0, 10.00, 'por atrasones');

-- --------------------------------------------------------

--
-- Table structure for table `contratos`
--

CREATE TABLE IF NOT EXISTS `contratos` (
  `id` int(11) NOT NULL AUTO_INCREMENT,
  `usuario_id` int(11) NOT NULL,
  `sueldo` float(10,2) DEFAULT NULL,
  `fechainicio` date NOT NULL,
  `fechafin` date NOT NULL,
  `observaciones` text,
  PRIMARY KEY (`id`)
) ENGINE=MyISAM  DEFAULT CHARSET=latin1 AUTO_INCREMENT=2 ;

--
-- Dumping data for table `contratos`
--

INSERT INTO `contratos` (`id`, `usuario_id`, `sueldo`, `fechainicio`, `fechafin`, `observaciones`) VALUES
(1, 2, 1000.00, '2012-09-01', '2012-12-31', NULL);

-- --------------------------------------------------------

--
-- Table structure for table `departamentos`
--

CREATE TABLE IF NOT EXISTS `departamentos` (
  `id` int(11) NOT NULL AUTO_INCREMENT,
  `nombre` varchar(200) NOT NULL,
  PRIMARY KEY (`id`)
) ENGINE=InnoDB  DEFAULT CHARSET=latin1 AUTO_INCREMENT=3 ;

--
-- Dumping data for table `departamentos`
--

INSERT INTO `departamentos` (`id`, `nombre`) VALUES
(1, 'La Paz'),
(2, 'Cochabamba');

-- --------------------------------------------------------

--
-- Table structure for table `descuentos`
--

CREATE TABLE IF NOT EXISTS `descuentos` (
  `id` int(11) NOT NULL AUTO_INCREMENT,
  `porcentaje` float(10,2) DEFAULT NULL,
  `observacion` varchar(120) DEFAULT NULL,
  PRIMARY KEY (`id`)
) ENGINE=MyISAM  DEFAULT CHARSET=latin1 AUTO_INCREMENT=8 ;

--
-- Dumping data for table `descuentos`
--

INSERT INTO `descuentos` (`id`, `porcentaje`, `observacion`) VALUES
(1, 0.10, '10 %'),
(3, 0.20, '20 %'),
(4, 0.30, '30%'),
(5, 0.00, '40%'),
(6, 0.50, 'carguita Feliz');

-- --------------------------------------------------------

--
-- Table structure for table `estados`
--

CREATE TABLE IF NOT EXISTS `estados` (
  `id` int(11) NOT NULL AUTO_INCREMENT,
  `nombre` varchar(100) DEFAULT NULL,
  PRIMARY KEY (`id`)
) ENGINE=InnoDB  DEFAULT CHARSET=latin1 AUTO_INCREMENT=5 ;

--
-- Dumping data for table `estados`
--

INSERT INTO `estados` (`id`, `nombre`) VALUES
(1, 'alta'),
(2, 'baja'),
(3, 'vacacion'),
(4, 'permiso');

-- --------------------------------------------------------

--
-- Table structure for table `facturas`
--

CREATE TABLE IF NOT EXISTS `facturas` (
  `id` int(11) NOT NULL AUTO_INCREMENT,
  `codigo_control` varchar(20) DEFAULT NULL,
  `cliente` varchar(255) DEFAULT NULL,
  `nit` varchar(30) DEFAULT NULL,
  `importetotal` decimal(10,2) DEFAULT NULL,
  `fecha` date DEFAULT NULL,
  `created` date NOT NULL,
  PRIMARY KEY (`id`)
) ENGINE=MyISAM  DEFAULT CHARSET=latin1 AUTO_INCREMENT=197 ;

--
-- Dumping data for table `facturas`
--

INSERT INTO `facturas` (`id`, `codigo_control`, `cliente`, `nit`, `importetotal`, `fecha`, `created`) VALUES
(95, NULL, 'Herreraa', '1234567', 137.00, NULL, '0000-00-00'),
(94, NULL, 'Herreraa', '1234567', 137.00, NULL, '0000-00-00'),
(93, NULL, 'Perez', '1417692017', 137.00, NULL, '0000-00-00'),
(92, NULL, 'Perez', '4189179011', 137.00, NULL, '0000-00-00'),
(91, NULL, 'Herrera', '4376810', 137.00, NULL, '0000-00-00'),
(90, NULL, 'Herrera', '4189179011', 137.00, NULL, '0000-00-00'),
(89, NULL, 'Herrera', '4189179011', 132.00, NULL, '0000-00-00'),
(88, NULL, 'Herrera', '4477890104', 132.00, NULL, '0000-00-00'),
(87, NULL, 'Herrera', '4376810', 137.00, NULL, '0000-00-00'),
(86, NULL, 'Herrera', '4376810', 137.00, NULL, '0000-00-00'),
(85, NULL, 'Herrera', '4376810', 137.00, NULL, '0000-00-00'),
(84, NULL, 'Herrera', '4376810', 132.00, NULL, '0000-00-00'),
(83, NULL, 'Herrera', '4376810', 132.00, NULL, '0000-00-00'),
(82, NULL, 'Herrera', '4376810', 132.00, NULL, '0000-00-00'),
(81, NULL, 'Herrera', '4376810', 132.00, NULL, '0000-00-00'),
(80, NULL, 'Herrera', '4376810', 132.00, NULL, '0000-00-00'),
(79, NULL, 'Herrera', '4376810', 132.00, NULL, '0000-00-00'),
(78, NULL, 'Herrera', '4376810', 132.00, NULL, '0000-00-00'),
(77, NULL, 'Herrera', '4376810', 132.00, NULL, '0000-00-00'),
(76, NULL, 'Herrera', '4376810', 132.00, NULL, '0000-00-00'),
(75, NULL, 'Herrera', '4376810', 132.00, NULL, '0000-00-00'),
(74, NULL, 'Herrera', '4376810', 132.00, NULL, '0000-00-00'),
(73, NULL, 'Herrera', '4376810', 132.00, NULL, '0000-00-00'),
(72, NULL, 'Herrera', '4376810', 132.00, NULL, '0000-00-00'),
(71, NULL, 'Herrera', '4376810', 132.00, NULL, '0000-00-00'),
(70, NULL, 'Herrera', '4376810', 132.00, NULL, '0000-00-00'),
(69, NULL, 'Herrera', '4376810', 132.00, NULL, '0000-00-00'),
(68, NULL, 'Herrera', '4376810', 132.00, NULL, '0000-00-00'),
(67, NULL, 'Herrera', '4376810', 132.00, NULL, '0000-00-00'),
(66, NULL, 'Herrera', '4376810', 132.00, NULL, '0000-00-00'),
(65, NULL, 'Herrera', '123123', 132.00, NULL, '0000-00-00'),
(64, NULL, 'Herrera', '123123', 132.00, NULL, '0000-00-00'),
(63, NULL, 'Herrera', '123123', 132.00, NULL, '0000-00-00'),
(62, NULL, 'Herrera', '123123', 132.00, NULL, '0000-00-00'),
(61, NULL, 'Herrera', '123123', 132.00, NULL, '0000-00-00'),
(60, NULL, 'Herrera', '123123', 132.00, NULL, '0000-00-00'),
(59, NULL, 'Herrera', '123123', 132.00, NULL, '0000-00-00'),
(58, NULL, 'Herrera', '123123', 132.00, NULL, '0000-00-00'),
(57, NULL, 'Herrera', '123123', 132.00, NULL, '0000-00-00'),
(56, NULL, 'Herrera', '123123', 132.00, NULL, '0000-00-00'),
(55, NULL, 'Herrera', '123123', 132.00, NULL, '0000-00-00'),
(54, NULL, 'Herrera', NULL, 132.00, NULL, '0000-00-00'),
(53, NULL, 'Herrera', NULL, 132.00, NULL, '0000-00-00'),
(52, NULL, 'Herrera', NULL, 132.00, NULL, '0000-00-00'),
(51, NULL, 'Herrera', '123123', 132.00, NULL, '0000-00-00'),
(50, NULL, 'Herrera', '123123', 132.00, NULL, '0000-00-00'),
(96, NULL, 'Herreraa', '1234567', 137.00, NULL, '0000-00-00'),
(97, NULL, 'Herreraa', '1234567', 137.00, NULL, '0000-00-00'),
(98, NULL, 'Herreraa', '1417692017', 137.00, NULL, '0000-00-00'),
(99, NULL, 'Herreraa', '1417692017', 137.00, NULL, '0000-00-00'),
(100, NULL, 'Herreraa', '1417692017', 137.00, NULL, '0000-00-00'),
(101, NULL, 'Perez', '1234567890', 137.00, NULL, '0000-00-00'),
(102, NULL, 'Perez', '1234567890', 137.00, NULL, '0000-00-00'),
(103, NULL, 'Herrea', '1234567890', 132.00, NULL, '0000-00-00'),
(104, NULL, 'miranda', '4839295013', 150.00, NULL, '0000-00-00'),
(105, NULL, 'miranda', '4839295013', 75.00, NULL, '0000-00-00'),
(106, NULL, 'MIRANDA', '4839295013', 75.00, NULL, '0000-00-00'),
(107, NULL, NULL, NULL, NULL, NULL, '2013-02-24'),
(108, NULL, NULL, NULL, NULL, NULL, '2013-02-24'),
(109, NULL, NULL, NULL, 60.00, NULL, '2013-02-24'),
(110, NULL, NULL, NULL, 72.00, NULL, '2013-02-24'),
(111, NULL, NULL, NULL, 132.00, NULL, '2013-02-24'),
(112, NULL, NULL, NULL, 137.00, NULL, '2013-02-24'),
(113, NULL, NULL, NULL, 132.00, NULL, '2013-02-24'),
(114, NULL, 'MIRANDA', '4839295013', 75.00, NULL, '2013-02-24'),
(115, NULL, 'MIRANDA', '4839295013', 75.00, NULL, '2013-02-24'),
(116, NULL, 'MIRANDA', '4839295013', 75.00, NULL, '2013-02-24'),
(117, NULL, 'MIRANDA', '4839295013', 75.00, NULL, '2013-02-24'),
(118, NULL, 'MIRANDA', '4839295013', 75.00, NULL, '2013-02-24'),
(119, NULL, 'MIRANDA', '4839295013', 75.00, NULL, '2013-02-24'),
(120, NULL, 'HERRERA', '4376810010', 75.00, NULL, '2013-02-24'),
(121, NULL, 'HERRERA', '4376810010', 75.00, NULL, '2013-02-24'),
(122, NULL, 'HERRERA', '4376810010', 75.00, NULL, '2013-02-24'),
(123, NULL, 'MIRANDA', '4839295013', 75.00, NULL, '2013-02-24'),
(124, NULL, 'MIRANDA', '4839295013', 75.00, NULL, '2013-02-24'),
(125, NULL, 'MIRANDA', '4839295013', 75.00, NULL, '2013-02-24'),
(126, NULL, 'MIRANDA', '4839295013', 75.00, NULL, '2013-02-24'),
(127, NULL, 'MIRANDA', '4839295013', 75.00, NULL, '2013-02-24'),
(128, NULL, 'MIRANDA', '4839295013', 135.00, NULL, '2013-02-24'),
(129, NULL, 'MIRANDA', '4839295013', 135.00, NULL, '2013-02-24'),
(130, NULL, 'MIRANDA', '4839295013', 135.00, NULL, '2013-02-24'),
(131, NULL, 'MIRANDA', '4839295013', 135.00, NULL, '2013-02-24'),
(132, NULL, 'MIRANDA', '4839295013', 135.00, NULL, '2013-02-24'),
(133, 'DA-2C-2F-9A', 'MIRANDA', '4839295013', 75.00, '2013-02-24', '2013-02-24'),
(134, '73-43-08-18', 'HERRERA', '4376810', 75.00, '2013-02-24', '2013-02-24'),
(135, NULL, 'GUILLEN', '3817445010', 195.00, NULL, '2013-02-26'),
(136, NULL, 'MIRANDA', '4839295013', 135.00, NULL, '2013-02-26'),
(137, NULL, 'MIRANDA', '4839295013', 135.00, NULL, '2013-02-26'),
(138, NULL, 'MIRANDA', '4839295013', 135.00, NULL, '2013-02-26'),
(139, NULL, 'HERRERA', '4376810010', 60.00, NULL, '2013-02-26'),
(140, '03-DF-24-B9-F2', 'MIRANDA', '4839295013', 75.00, '2013-02-26', '2013-02-26'),
(141, '4A-0F-A9-0B', 'MIRANDA', '4839295', 75.00, '2013-02-26', '2013-02-26'),
(142, 'BF-25-86-33', 'GUILLEN', '4567895010', 75.00, '2013-02-26', '2013-02-26'),
(143, '14-44-68-0C-2E', '', '', 75.00, '2013-02-26', '2013-02-26'),
(144, NULL, 'MIRANDA', '4839295013', 0.00, NULL, '2013-02-26'),
(145, NULL, 'GUILLEN', '4647676876', 660.00, NULL, '2013-03-05'),
(146, '15-A3-17-A2-B3', '', '', 120.00, '2013-03-05', '2013-03-05'),
(147, 'B8-BA-F6-F9-41', 'MIRA DA', '4839295013', 120.00, '2013-03-05', '2013-03-05'),
(148, NULL, 'MARCIAL', '45678734', 120.00, NULL, '2013-03-11'),
(149, NULL, 'Soto', '3355011', 135.00, NULL, '2013-03-16'),
(150, NULL, 'Patio', '3138086', 390.00, NULL, '2013-03-16'),
(151, NULL, 'Felix Quiroz', '3618911', 548.00, NULL, '2013-03-16'),
(152, NULL, 'ROJAS', '3592838', 263.00, NULL, '2013-03-16'),
(153, NULL, 'juan choque', '1210365', 179.00, NULL, '2013-03-16'),
(154, NULL, 'Rojas', '5185551', 293.00, NULL, '2013-03-16'),
(155, NULL, 'Arancibia', '4505179010', 167.00, NULL, '2013-03-16'),
(156, NULL, 'Jose Aez', '990463019', 309.00, NULL, '2013-03-16'),
(157, NULL, '', '5634884', 470.00, NULL, '2013-03-16'),
(158, NULL, 'Bustamante', '831863', 91.00, NULL, '2013-03-16'),
(159, NULL, 'ANTEQUERA', '823261014', 147.00, NULL, '2013-03-16'),
(160, NULL, 'Huitado', '4445503', 135.00, NULL, '2013-03-16'),
(161, NULL, 'jose jaillita', '5263425', 284.00, NULL, '2013-03-16'),
(162, NULL, 'teran', '5923946', 135.00, NULL, '2013-03-16'),
(163, NULL, 'ARTEAGA', '5207031016', 487.00, NULL, '2013-03-17'),
(164, NULL, 'adriana', '34654363', 181.00, NULL, '2013-03-17'),
(165, NULL, 'Escalera', '3137047', 186.00, NULL, '2013-03-23'),
(166, NULL, 'Mercado', '2313515', 365.00, NULL, '2013-03-23'),
(167, NULL, 'Morales', '627040011', 151.00, NULL, '2013-03-23'),
(168, NULL, 'Vargas', '5124167014', 267.00, NULL, '2013-03-23'),
(169, NULL, 'Rodriguez', '4418314', 294.00, NULL, '2013-03-23'),
(170, NULL, 'Tejada', '949687', 238.00, NULL, '2013-03-24'),
(171, NULL, 'Torrejon', '2861568', 262.00, NULL, '2013-03-24'),
(172, NULL, 'Yomar Montao', '6407245', 165.00, NULL, '2013-03-24'),
(173, NULL, 'Villalpando', '3729013', 522.00, NULL, '2013-03-24'),
(174, NULL, 'Felix Mamani', '3033242017', 250.00, NULL, '2013-03-24'),
(175, NULL, 'Flores', '8217639', 362.00, NULL, '2013-03-24'),
(176, NULL, 'Mirian Flores V.', '3591880', 147.00, NULL, '2013-03-24'),
(177, NULL, 'Chinche', '3742015', 335.00, NULL, '2013-03-24'),
(178, NULL, 'Jaura de Vargas', '588711013', 174.00, NULL, '2013-03-24'),
(179, NULL, 'Hope', '102140902', 370.00, NULL, '2013-03-24'),
(180, NULL, 'Rosario Luna', '4392866', 196.00, NULL, '2013-03-24'),
(181, NULL, 'Gonzales', '3177411', 242.00, NULL, '2013-03-24'),
(182, NULL, 'Guillen', '3027618018', 160.00, NULL, '2013-03-24'),
(183, NULL, 'Maldonado', '4457829', 228.00, NULL, '2013-03-24'),
(184, NULL, 'Victor Soto Siles', '949425', 407.00, NULL, '2013-03-24'),
(185, NULL, 'Barrera', '4537845', 132.00, NULL, '2013-03-24'),
(186, NULL, 'Cespedes', '2726211019', 171.00, NULL, '2013-03-24'),
(187, NULL, 'Asseff', '4752854', 260.00, NULL, '2013-03-24'),
(188, NULL, 'Andrew', '800408013', 573.00, NULL, '2013-03-24'),
(189, NULL, 'Nogales', '5274911', 210.00, NULL, '2013-03-24'),
(190, NULL, 'Majfu', '658854', 441.00, NULL, '2013-03-24'),
(191, NULL, 'Garon', '1247663011', 214.00, NULL, '2013-03-24'),
(192, NULL, 'Alcocer', '816503', 155.00, NULL, '2013-03-24'),
(193, NULL, 'Murillo', '5191985', 174.00, NULL, '2013-03-24'),
(194, NULL, 'conta', '1026145024', 1204.00, NULL, '2013-03-24'),
(195, NULL, 'Karen Coro Canaviri', '6424250117', 1207.00, NULL, '2013-03-24'),
(196, NULL, 'Saravia', '599438', 154.00, NULL, '2013-03-24');

-- --------------------------------------------------------

--
-- Table structure for table `horarios`
--

CREATE TABLE IF NOT EXISTS `horarios` (
  `id` int(11) NOT NULL AUTO_INCREMENT,
  `entrada` time DEFAULT NULL,
  `salida` time DEFAULT NULL,
  `observacion` varchar(200) DEFAULT NULL,
  `habil` int(1) DEFAULT NULL,
  `dia` varchar(30) DEFAULT NULL,
  PRIMARY KEY (`id`)
) ENGINE=MyISAM  DEFAULT CHARSET=latin1 AUTO_INCREMENT=2 ;

--
-- Dumping data for table `horarios`
--

INSERT INTO `horarios` (`id`, `entrada`, `salida`, `observacion`, `habil`, `dia`) VALUES
(1, '09:00:00', '20:00:00', 'ninguna', 1, 'lunes');

-- --------------------------------------------------------

--
-- Table structure for table `insumos`
--

CREATE TABLE IF NOT EXISTS `insumos` (
  `id` int(11) NOT NULL AUTO_INCREMENT,
  `nombre` varchar(200) NOT NULL,
  `preciocompra` float(15,2) NOT NULL DEFAULT '0.00',
  `precioventa` float(15,2) NOT NULL DEFAULT '0.00',
  `fecha` date NOT NULL,
  `total` int(11) NOT NULL DEFAULT '0',
  `bodega` int(11) NOT NULL DEFAULT '0',
  `tipo_id` int(11) NOT NULL DEFAULT '0',
  `tipo` varchar(100) DEFAULT NULL,
  `estado` int(1) NOT NULL DEFAULT '1',
  `observaciones` varchar(255) DEFAULT NULL,
  PRIMARY KEY (`id`)
) ENGINE=MyISAM  DEFAULT CHARSET=latin1 AUTO_INCREMENT=100 ;

--
-- Dumping data for table `insumos`
--

INSERT INTO `insumos` (`id`, `nombre`, `preciocompra`, `precioventa`, `fecha`, `total`, `bodega`, `tipo_id`, `tipo`, `estado`, `observaciones`) VALUES
(1, 'Pollo', 12.00, 0.00, '2012-08-24', 50, 201, 1, 'comida', 1, 'ss'),
(2, 'Cerdo', 0.00, 0.00, '2012-08-24', 124, 124, 1, 'comida', 1, ''),
(3, 'Laping', 0.00, 0.00, '2012-08-24', 9989820, 88, 1, 'comida', 1, ''),
(4, 'Cordero', 0.00, 0.00, '2012-08-24', 935, 58, 1, 'comida', 1, ''),
(5, 'Pato', 0.00, 0.00, '2012-08-24', 61, 2, 1, 'comida', 1, ''),
(6, 'Coca Cola', 11.00, 12.00, '2012-08-24', 0, 85, 4, 'bebida', 1, ''),
(7, 'Fanta', 0.00, 0.00, '2012-08-24', 0, 100, 4, 'bebida', 1, ''),
(8, 'platos', 6.00, 0.00, '2012-08-25', 40, 0, 5, 'comida', 1, ''),
(9, 'Huari', 12.00, 0.00, '2012-08-26', 0, 955, 6, 'tragos', 1, ''),
(10, 'Pacena', 0.00, 0.00, '2012-08-26', 300, 597, 6, 'tragos', 1, ''),
(11, 'Taqui&ntilde;a', 0.00, 0.00, '2012-08-26', 68, 4, 6, 'tragos', 1, ''),
(12, 'Cordillera', 0.00, 0.00, '2012-08-26', 1020, 100030, 6, 'tragos', 1, ''),
(13, 'Inca', 0.00, 0.00, '2012-08-26', 901050, 100000, 6, 'tragos', 1, ''),
(14, 'Durazno', 0.00, 0.00, '2012-08-26', 1000, 100921, 7, 'bebida', 1, ''),
(15, 'Manzana', 0.00, 0.00, '2012-08-26', 910, 100, 7, 'bebida', 1, ''),
(16, 'Jugo del  valle de tumbo', 0.00, 0.00, '2012-08-26', 930, 100090, 7, 'bebida', 1, 'a'),
(17, 'Guinda', 0.00, 0.00, '2012-08-26', 10, 100000, 7, 'bebida', 1, ''),
(18, 'Tamarindo', 0.00, 0.00, '2012-08-26', 0, 100049, 7, 'bebida', 1, ''),
(19, 'Guayaba', 0.00, 0.00, '2012-08-26', 0, 100067, 7, 'bebida', 1, ''),
(20, 'Garapina', 0.00, 0.00, '2012-08-26', 99970, 20, 8, 'tragos', 1, ''),
(21, 'Mote de Haba', 0.00, 0.00, '2012-08-26', 10, 10, 9, 'comida', 1, ''),
(22, 'Cebolla', 0.00, 0.00, '2012-08-26', 9000, 1000, 10, 'alimentos', 0, ''),
(23, 'Tomate', 0.00, 0.00, '2012-08-26', 9000, 1000, 10, 'alimentos', 1, ''),
(24, 'Queso', 0.00, 0.00, '2012-08-26', 900080, 101023, 10, 'comida', 1, ''),
(25, 'Locoto', 0.00, 0.00, '2012-08-26', 20, 20, 10, 'alimentos', 1, ''),
(26, 'Impresora Epson Mp20', 700.00, 0.00, '2012-09-28', 0, 1, 11, NULL, 1, ''),
(27, 'Mote', 12.00, 14.00, '2012-10-03', 10, 0, 10, 'comida', 1, ''),
(28, 'Sprite', 12.00, 15.00, '2012-10-03', 480, 20, 4, 'bebida', 1, ''),
(29, 'Agua Mineral 1/2 Litro', 0.00, 0.00, '2012-10-06', 0, 10, 12, 'bebida', 1, ''),
(30, 'Agua Mineral 2 Litros ', 0.00, 0.00, '2012-10-06', 5, 5, 12, 'bebida', 1, ''),
(31, 'Coca Cola Zero', 0.00, 0.00, '2012-10-06', 0, 100, 13, 'bebida', 1, ''),
(32, 'Coca Cola Zero', 0.00, 0.00, '2012-10-06', 0, 10, 14, 'bebida', 1, ''),
(33, 'Agua C/G Mineral 1/2 Litro ', 0.00, 0.00, '2012-10-06', 0, 17, 12, 'bebida', 1, ''),
(34, 'Agua Mineral C/G 2 Litros', 0.00, 0.00, '2012-10-06', 0, 0, 12, 'bebida', 1, ''),
(43, 'Chicle Top Line', 0.20, 0.50, '2013-02-16', 40, 10, 16, NULL, 1, ''),
(74, 'cabernet sauvignon arcangel', 0.00, 180.00, '2013-03-23', 5, 5, 0, NULL, 1, ''),
(75, 'clasico de mesa ', 0.00, 60.00, '2013-03-23', 7, 5, 0, NULL, 1, ''),
(76, 'cabernet sauvignon  2009 -2010', 0.00, 110.00, '2013-03-23', 19, 5, 0, NULL, 1, ''),
(77, 'cabernet sauvignon 2008', 0.00, 120.00, '2013-03-23', 7, 5, 0, NULL, 1, ''),
(78, 'mertol 2008 - 2009 - 2010', 0.00, 120.00, '2013-03-23', 19, 5, 0, NULL, 1, 'a'),
(79, 'malbec 2006 - 2007 ', 0.00, 120.00, '2013-03-23', 7, 5, 0, NULL, 1, ''),
(80, 'malbec 2009 - 2010', 0.00, 110.00, '2013-03-23', 7, 5, 0, NULL, 1, ''),
(81, 'Charque', 0.00, 0.00, '2013-03-24', 15, 0, 0, NULL, 1, ''),
(82, 'Pollo de picante', 0.00, 60.00, '2013-03-24', 0, 20, 0, NULL, 1, 'picante de pollo'),
(83, 'pollo chanka', 0.00, 50.00, '2013-03-24', 10, 34, 0, NULL, 1, ''),
(52, 'vino campos de solana', 0.00, 120.00, '2013-03-02', 5, 5, 17, 'tragos', 1, 'campos de solana merlot 2009'),
(54, 'Bi-cervecina Inca', 0.00, 15.00, '2013-03-16', 0, 7, 6, 'tragos', 1, ''),
(55, 'lengua', 0.00, 0.00, '2013-03-16', 20, 0, 1, 'comida', 1, ''),
(56, 'conejo', 0.00, 0.00, '2013-03-16', 74, 5, 1, 'comida', 1, ''),
(57, 'salchipapa', 0.00, 0.00, '2013-03-16', 2, 10, 9, 'comida', 1, ''),
(58, 'arroz', 0.00, 0.00, '2013-03-16', 0, 1000, 1, 'comida', 1, ''),
(59, 'papa', 0.00, 0.00, '2013-03-16', 0, 108, 1, 'comida', 1, ''),
(60, 'camote', 0.00, 0.00, '2013-03-16', 0, 5, 1, 'comida', 1, ''),
(61, 'platano', 0.00, 0.00, '2013-03-16', 0, 5, 1, 'comida', 1, ''),
(62, 'Haba', 0.00, 0.00, '2013-03-16', 40, 0, 9, 'alimentos', 1, ''),
(63, 'Choclo', 0.00, 0.00, '2013-03-16', 0, 20, 1, 'alimentos', 1, ''),
(64, 'HELADO', 0.00, 0.00, '2013-03-17', 90, 10, 16, 'postres', 1, ''),
(65, 'jugo limon', 0.00, 0.00, '2013-03-17', 50, 50, 7, 'bebida', 1, ''),
(66, 'Gelatina', 0.00, 0.00, '2013-03-17', 0, 100, 20, 'postres', 1, ''),
(67, 'ensalada de frutas', 0.00, 0.00, '2013-03-17', 900, 100, 20, 'postres', 1, ''),
(68, 'chuflay', 0.00, 0.00, '2013-03-17', 100, 0, 8, 'tragos', 1, ''),
(87, 'refresco de tumbo', 0.00, 0.00, '2013-03-24', 1, 10, 0, NULL, 1, ''),
(70, 'Cordillera', 12.00, 15.00, '2013-03-23', 1000, 0, 0, NULL, 1, ''),
(89, 'v', 0.00, 50.00, '2013-03-24', 10, 0, 0, NULL, 1, ''),
(85, 'Pique', 0.00, 60.00, '2013-03-24', 5, 0, 0, NULL, 1, ''),
(84, 'Pollo dorado', 0.00, 25.00, '2013-03-24', 0, 6, 0, NULL, 1, ''),
(73, 'cabernet sauvignon vino altura 2008', 0.00, 120.00, '2013-03-23', 7, 5, 0, NULL, 1, ''),
(72, 'cabernet sauvignon  cepas de altura2001', 0.00, 320.00, '2013-03-23', 5, 5, 0, NULL, 1, ''),
(86, 'sopa para bebe', 0.00, 0.00, '2013-03-24', 9, 1, 0, NULL, 1, ''),
(69, 'Chaquitaps', 10.00, 20.00, '2013-03-23', 0, 2, 0, NULL, 1, 'muestra de prueba'),
(71, 'caipirinha', 0.00, 15.00, '2013-03-23', 0, 5, 0, NULL, 1, ''),
(88, 'whiscky', 0.00, 35.00, '2013-03-24', 0, 10, 0, NULL, 1, ''),
(90, 'plato vegetariano', 0.00, 50.00, '2013-03-24', 0, 10, 0, NULL, 1, ''),
(91, 'porcion de camote', 0.00, 0.00, '2013-03-24', 0, 10, 0, NULL, 1, ''),
(92, 'cerverza real', 0.00, 0.00, '2013-03-24', 30, 20, 0, NULL, 1, ''),
(93, 'REAL', 0.00, 15.00, '2013-03-24', 15, 0, 0, NULL, 1, ''),
(94, 'cafe', 0.00, 6.00, '2013-03-24', 0, 10, 0, NULL, 1, ''),
(95, 'te', 10.00, 20.00, '2013-03-24', 0, 10, 12, 'bebida', 1, 'ninguna\r\n'),
(96, 'Ron Abuelo', 98.00, 150.00, '2013-12-13', 100, 0, 0, NULL, 1, 'bebida Ron'),
(97, 'antonio', 100.00, 189.00, '2013-12-13', 12, 0, 0, NULL, 1, 'sasa'),
(98, '3eeewewe', 12.00, 12.00, '2013-12-16', 12, 0, 0, NULL, 1, 'www'),
(99, 'ffffffffffffffff', 2.00, 2.00, '2013-12-16', 3, 0, 17, 'comida', 1, 'ddd');

-- --------------------------------------------------------

--
-- Table structure for table `items`
--

CREATE TABLE IF NOT EXISTS `items` (
  `id` int(11) NOT NULL AUTO_INCREMENT,
  `pedido_id` int(11) NOT NULL,
  `producto_id` int(11) NOT NULL,
  `cantidad` smallint(2) NOT NULL DEFAULT '0',
  `precio` float(15,2) NOT NULL DEFAULT '0.00',
  `fecha` datetime NOT NULL,
  `estado` smallint(1) DEFAULT '0',
  PRIMARY KEY (`id`)
) ENGINE=MyISAM  DEFAULT CHARSET=latin1 AUTO_INCREMENT=616 ;

--
-- Dumping data for table `items`
--

INSERT INTO `items` (`id`, `pedido_id`, `producto_id`, `cantidad`, `precio`, `fecha`, `estado`) VALUES
(480, 72, 3, 2, 60.00, '2013-10-04 19:11:03', 1),
(2, 1, 22, 1, 17.00, '2013-03-24 12:38:11', 1),
(3, 1, 66, 1, 6.00, '2013-03-24 12:38:14', 1),
(4, 1, 14, 1, 60.00, '2013-03-24 12:38:21', 1),
(5, 1, 10, 1, 60.00, '2013-03-24 12:38:24', 1),
(6, 1, 63, 2, 12.00, '2013-03-24 12:38:36', 1),
(7, 2, 18, 1, 12.00, '2013-03-24 12:39:33', 1),
(8, 2, 22, 1, 17.00, '2013-03-24 12:39:36', 1),
(9, 2, 17, 1, 69.00, '2013-03-24 12:39:39', 1),
(10, 2, 13, 1, 60.00, '2013-03-24 12:39:43', 1),
(11, 2, 16, 1, 60.00, '2013-03-24 12:39:44', 1),
(12, 2, 38, 1, 12.00, '2013-03-24 12:39:49', 1),
(13, 2, 32, 1, 8.00, '2013-03-24 12:39:50', 1),
(14, 14, 38, 1, 12.00, '2013-03-24 12:40:00', 1),
(15, 14, 32, 1, 8.00, '2013-03-24 12:40:01', 1),
(16, 14, 12, 1, 62.00, '2013-03-24 12:40:06', 1),
(17, 14, 11, 1, 62.00, '2013-03-24 12:40:09', 1),
(18, 15, 5, 1, 60.00, '2013-03-24 12:40:45', 1),
(19, 15, 22, 1, 17.00, '2013-03-24 12:40:52', 1),
(20, 16, 38, 2, 24.00, '2013-03-24 12:41:30', 1),
(21, 16, 32, 1, 8.00, '2013-03-24 12:41:31', 1),
(22, 16, 21, 1, 15.00, '2013-03-24 12:41:32', 1),
(23, 16, 49, 1, 15.00, '2013-03-24 12:41:40', 1),
(24, 16, 18, 3, 36.00, '2013-03-24 12:41:48', 1),
(25, 14, 61, 1, 15.00, '2013-03-24 12:44:06', 1),
(26, 15, 71, 1, 20.00, '2013-03-24 12:45:13', 1),
(27, 13, 21, 1, 15.00, '2013-03-24 12:45:39', 1),
(28, 13, 32, 1, 8.00, '2013-03-24 12:45:40', 1),
(29, 13, 52, 1, 15.00, '2013-03-24 12:45:51', 1),
(191, 22, 80, 1, 20.00, '2013-03-24 13:53:42', 1),
(31, 13, 22, 1, 17.00, '2013-03-24 12:47:27', 1),
(32, 17, 12, 2, 124.00, '2013-03-24 12:47:57', 1),
(33, 17, 7, 2, 120.00, '2013-03-24 12:48:06', 1),
(34, 17, 30, 1, 50.00, '2013-03-24 12:48:24', 1),
(35, 17, 22, 1, 17.00, '2013-03-24 12:48:30', 1),
(36, 17, 52, 1, 15.00, '2013-03-24 12:48:46', 1),
(37, 17, 51, 1, 15.00, '2013-03-24 12:48:47', 1),
(38, 18, 6, 1, 60.00, '2013-03-24 12:49:28', 1),
(39, 18, 37, 1, 60.00, '2013-03-24 12:49:34', 1),
(40, 18, 52, 1, 15.00, '2013-03-24 12:49:51', 1),
(41, 18, 61, 2, 30.00, '2013-03-24 12:49:59', 1),
(42, 3, 51, 4, 60.00, '2013-03-24 12:50:08', 1),
(43, 3, 52, 2, 30.00, '2013-03-24 12:50:14', 1),
(44, 3, 15, 1, 60.00, '2013-03-24 12:50:26', 1),
(45, 3, 37, 2, 120.00, '2013-03-24 12:50:31', 1),
(46, 3, 33, 1, 60.00, '2013-03-24 12:50:35', 1),
(47, 3, 38, 2, 24.00, '2013-03-24 12:50:39', 1),
(48, 3, 32, 2, 16.00, '2013-03-24 12:50:40', 1),
(49, 19, 86, 1, 15.00, '2013-03-24 12:50:40', 1),
(50, 4, 51, 1, 15.00, '2013-03-24 12:51:41', 1),
(51, 4, 12, 1, 62.00, '2013-03-24 12:51:45', 1),
(52, 4, 9, 1, 60.00, '2013-03-24 12:51:48', 1),
(53, 4, 10, 1, 60.00, '2013-03-24 12:51:51', 1),
(55, 19, 18, 1, 12.00, '2013-03-24 12:53:37', 1),
(56, 19, 27, 1, 60.00, '2013-03-24 12:53:46', 1),
(57, 19, 29, 1, 60.00, '2013-03-24 12:53:48', 1),
(59, 20, 11, 1, 62.00, '2013-03-24 12:55:35', 1),
(60, 20, 8, 1, 60.00, '2013-03-24 12:55:38', 1),
(61, 20, 27, 1, 60.00, '2013-03-24 12:55:45', 1),
(62, 20, 38, 1, 12.00, '2013-03-24 12:55:52', 1),
(63, 20, 32, 1, 8.00, '2013-03-24 12:55:52', 1),
(64, 20, 71, 1, 20.00, '2013-03-24 12:56:10', 1),
(65, 20, 72, 1, 20.00, '2013-03-24 12:56:50', 1),
(353, 4, 43, 1, 10.00, '2013-03-24 17:25:13', 1),
(68, 21, 8, 2, 120.00, '2013-03-24 12:59:24', 1),
(69, 21, 39, 1, 25.00, '2013-03-24 12:59:37', 1),
(70, 9, 39, 2, 50.00, '2013-03-24 12:59:43', 1),
(71, 21, 52, 1, 15.00, '2013-03-24 12:59:46', 1),
(72, 9, 63, 2, 12.00, '2013-03-24 13:00:14', 1),
(73, 16, 12, 1, 62.00, '2013-03-24 13:00:47', 1),
(74, 16, 11, 1, 62.00, '2013-03-24 13:00:52', 1),
(75, 16, 9, 1, 60.00, '2013-03-24 13:00:56', 1),
(76, 16, 10, 1, 60.00, '2013-03-24 13:01:01', 1),
(77, 16, 6, 1, 60.00, '2013-03-24 13:01:07', 1),
(78, 16, 4, 1, 60.00, '2013-03-24 13:01:13', 1),
(82, 22, 12, 3, 186.00, '2013-03-24 13:02:54', 1),
(80, 16, 16, 1, 60.00, '2013-03-24 13:01:20', 1),
(83, 22, 4, 1, 60.00, '2013-03-24 13:03:00', 1),
(84, 22, 37, 1, 60.00, '2013-03-24 13:03:07', 1),
(85, 22, 22, 3, 51.00, '2013-03-24 13:03:28', 1),
(86, 22, 52, 2, 30.00, '2013-03-24 13:03:35', 1),
(87, 23, 12, 3, 186.00, '2013-03-24 13:04:55', 1),
(88, 23, 17, 1, 69.00, '2013-03-24 13:05:04', 1),
(89, 23, 37, 1, 60.00, '2013-03-24 13:05:23', 1),
(90, 23, 22, 1, 17.00, '2013-03-24 13:05:32', 1),
(91, 23, 52, 2, 30.00, '2013-03-24 13:05:41', 1),
(92, 15, 38, 1, 12.00, '2013-03-24 13:07:14', 1),
(93, 15, 32, 1, 8.00, '2013-03-24 13:07:15', 1),
(94, 9, 18, 1, 12.00, '2013-03-24 13:07:44', 1),
(95, 24, 17, 1, 69.00, '2013-03-24 13:09:49', 1),
(96, 24, 37, 2, 120.00, '2013-03-24 13:10:00', 1),
(97, 24, 38, 1, 12.00, '2013-03-24 13:10:48', 1),
(98, 24, 32, 1, 8.00, '2013-03-24 13:10:51', 1),
(99, 24, 21, 1, 15.00, '2013-03-24 13:10:52', 1),
(100, 24, 18, 2, 24.00, '2013-03-24 13:11:36', 1),
(101, 24, 34, 1, 12.00, '2013-03-24 13:11:56', 1),
(102, 12, 49, 3, 45.00, '2013-03-24 13:13:53', 1),
(103, 24, 39, 2, 50.00, '2013-03-24 13:16:03', 1),
(104, 24, 40, 1, 25.00, '2013-03-24 13:16:05', 1),
(105, 25, 20, 1, 12.00, '2013-03-24 13:21:11', 1),
(106, 25, 18, 2, 24.00, '2013-03-24 13:21:12', 1),
(107, 25, 54, 2, 30.00, '2013-03-24 13:21:18', 1),
(108, 26, 6, 1, 60.00, '2013-03-24 13:23:23', 1),
(109, 26, 5, 1, 60.00, '2013-03-24 13:23:27', 1),
(110, 26, 39, 1, 25.00, '2013-03-24 13:23:36', 1),
(111, 26, 71, 1, 20.00, '2013-03-24 13:23:48', 1),
(112, 26, 66, 1, 6.00, '2013-03-24 13:23:58', 1),
(113, 14, 51, 1, 15.00, '2013-03-24 13:26:24', 1),
(114, 27, 49, 1, 15.00, '2013-03-24 13:27:45', 1),
(115, 27, 52, 1, 15.00, '2013-03-24 13:27:50', 1),
(116, 28, 11, 1, 62.00, '2013-03-24 13:28:22', 1),
(117, 28, 7, 1, 60.00, '2013-03-24 13:28:27', 1),
(118, 28, 18, 1, 12.00, '2013-03-24 13:28:38', 1),
(121, 7, 54, 1, 15.00, '2013-03-24 13:32:39', 1),
(122, 7, 22, 3, 51.00, '2013-03-24 13:32:45', 1),
(123, 7, 12, 1, 62.00, '2013-03-24 13:32:48', 1),
(124, 7, 11, 1, 62.00, '2013-03-24 13:32:50', 1),
(125, 7, 10, 1, 60.00, '2013-03-24 13:32:52', 1),
(126, 8, 71, 1, 20.00, '2013-03-24 13:33:39', 1),
(127, 8, 51, 1, 15.00, '2013-03-24 13:33:48', 1),
(128, 8, 9, 1, 60.00, '2013-03-24 13:33:58', 1),
(130, 8, 6, 1, 60.00, '2013-03-24 13:34:07', 1),
(131, 8, 30, 1, 50.00, '2013-03-24 13:34:12', 1),
(132, 8, 32, 1, 8.00, '2013-03-24 13:34:19', 1),
(133, 8, 67, 3, 15.00, '2013-03-24 13:34:31', 1),
(134, 29, 18, 1, 12.00, '2013-03-24 13:34:57', 1),
(135, 9, 4, 2, 120.00, '2013-03-24 13:35:25', 1),
(136, 9, 37, 1, 60.00, '2013-03-24 13:35:28', 1),
(138, 9, 38, 1, 12.00, '2013-03-24 13:36:01', 1),
(139, 9, 22, 3, 51.00, '2013-03-24 13:36:05', 1),
(140, 9, 71, 1, 20.00, '2013-03-24 13:36:09', 1),
(141, 25, 12, 1, 62.00, '2013-03-24 13:36:21', 1),
(142, 25, 13, 1, 60.00, '2013-03-24 13:36:26', 1),
(143, 25, 30, 2, 100.00, '2013-03-24 13:36:41', 1),
(144, 10, 18, 1, 12.00, '2013-03-24 13:37:08', 1),
(145, 10, 52, 1, 15.00, '2013-03-24 13:37:13', 1),
(146, 25, 39, 2, 50.00, '2013-03-24 13:37:15', 1),
(147, 10, 12, 1, 62.00, '2013-03-24 13:37:16', 1),
(148, 25, 40, 2, 50.00, '2013-03-24 13:37:17', 1),
(149, 10, 6, 1, 60.00, '2013-03-24 13:37:20', 1),
(150, 10, 25, 1, 60.00, '2013-03-24 13:37:27', 1),
(151, 27, 11, 1, 62.00, '2013-03-24 13:37:42', 1),
(152, 27, 9, 1, 60.00, '2013-03-24 13:37:45', 1),
(153, 27, 8, 1, 60.00, '2013-03-24 13:37:55', 1),
(154, 30, 11, 1, 62.00, '2013-03-24 13:38:15', 1),
(155, 30, 38, 1, 12.00, '2013-03-24 13:38:21', 1),
(156, 30, 32, 1, 8.00, '2013-03-24 13:38:22', 1),
(157, 30, 18, 1, 12.00, '2013-03-24 13:38:25', 1),
(158, 11, 20, 1, 12.00, '2013-03-24 13:38:39', 1),
(159, 11, 22, 1, 17.00, '2013-03-24 13:38:45', 1),
(172, 31, 99, 1, 50.00, '2013-03-24 13:40:12', 1),
(163, 11, 37, 1, 60.00, '2013-03-24 13:39:22', 1),
(162, 11, 17, 1, 69.00, '2013-03-24 13:39:19', 1),
(165, 31, 16, 1, 60.00, '2013-03-24 13:39:47', 1),
(166, 12, 38, 1, 12.00, '2013-03-24 13:39:50', 1),
(167, 12, 32, 1, 8.00, '2013-03-24 13:39:51', 1),
(168, 12, 12, 1, 62.00, '2013-03-24 13:39:53', 1),
(169, 31, 25, 1, 60.00, '2013-03-24 13:39:57', 1),
(170, 12, 8, 1, 60.00, '2013-03-24 13:39:58', 1),
(171, 12, 6, 1, 60.00, '2013-03-24 13:40:00', 1),
(173, 31, 37, 1, 60.00, '2013-03-24 13:40:18', 1),
(186, 33, 54, 1, 15.00, '2013-03-24 13:47:13', 1),
(175, 13, 18, 1, 12.00, '2013-03-24 13:40:35', 1),
(176, 13, 11, 1, 62.00, '2013-03-24 13:40:39', 1),
(177, 13, 6, 1, 60.00, '2013-03-24 13:40:41', 1),
(231, 30, 82, 1, 20.00, '2013-03-24 14:22:54', 1),
(182, 29, 25, 1, 60.00, '2013-03-24 13:43:00', 1),
(184, 31, 41, 1, 18.00, '2013-03-24 13:44:49', 1),
(187, 33, 60, 2, 30.00, '2013-03-24 13:47:34', 1),
(215, 38, 71, 1, 20.00, '2013-03-24 14:02:20', 1),
(189, 33, 12, 1, 62.00, '2013-03-24 13:52:14', 1),
(190, 33, 15, 4, 240.00, '2013-03-24 13:52:19', 1),
(192, 34, 71, 2, 40.00, '2013-03-24 13:53:51', 1),
(193, 34, 18, 1, 12.00, '2013-03-24 13:54:01', 1),
(194, 35, 18, 1, 12.00, '2013-03-24 13:54:16', 1),
(195, 35, 51, 2, 30.00, '2013-03-24 13:54:22', 1),
(196, 36, 52, 1, 15.00, '2013-03-24 13:54:54', 1),
(197, 5, 49, 1, 15.00, '2013-03-24 13:55:05', 1),
(198, 5, 22, 1, 17.00, '2013-03-24 13:55:30', 1),
(199, 5, 11, 1, 62.00, '2013-03-24 13:55:34', 1),
(200, 5, 8, 1, 60.00, '2013-03-24 13:55:36', 1),
(201, 5, 5, 1, 60.00, '2013-03-24 13:55:39', 1),
(202, 37, 32, 3, 24.00, '2013-03-24 13:55:42', 1),
(203, 5, 32, 1, 8.00, '2013-03-24 13:55:45', 1),
(204, 5, 67, 1, 5.00, '2013-03-24 13:55:48', 1),
(205, 37, 22, 8, 136.00, '2013-03-24 13:56:21', 1),
(206, 37, 71, 1, 20.00, '2013-03-24 13:56:30', 1),
(207, 37, 38, 4, 48.00, '2013-03-24 13:57:39', 1),
(208, 25, 7, 1, 60.00, '2013-03-24 13:58:12', 1),
(209, 34, 11, 1, 62.00, '2013-03-24 13:58:16', 1),
(210, 34, 8, 1, 60.00, '2013-03-24 13:58:20', 1),
(216, 38, 72, 1, 20.00, '2013-03-24 14:02:21', 1),
(212, 34, 13, 2, 120.00, '2013-03-24 13:58:27', 1),
(214, 36, 37, 1, 60.00, '2013-03-24 13:59:05', 1),
(218, 35, 28, 1, 60.00, '2013-03-24 14:04:35', 1),
(219, 35, 30, 1, 50.00, '2013-03-24 14:04:43', 1),
(220, 35, 37, 2, 120.00, '2013-03-24 14:04:48', 1),
(222, 39, 71, 2, 40.00, '2013-03-24 14:07:47', 1),
(223, 5, 100, 1, 35.00, '2013-03-24 14:08:51', 1),
(224, 39, 45, 1, 6.00, '2013-03-24 14:09:50', 1),
(226, 29, 7, 1, 60.00, '2013-03-24 14:11:46', 1),
(230, 30, 80, 1, 20.00, '2013-03-24 14:22:07', 1),
(232, 39, 9, 1, 60.00, '2013-03-24 14:23:31', 1),
(233, 39, 7, 2, 120.00, '2013-03-24 14:23:34', 1),
(234, 39, 15, 1, 60.00, '2013-03-24 14:23:42', 1),
(235, 39, 16, 1, 60.00, '2013-03-24 14:23:44', 1),
(236, 39, 101, 1, 35.00, '2013-03-24 14:23:59', 1),
(237, 41, 71, 1, 20.00, '2013-03-24 14:24:35', 1),
(241, 42, 11, 1, 62.00, '2013-03-24 14:28:11', 1),
(240, 33, 67, 2, 10.00, '2013-03-24 14:27:36', 1),
(242, 42, 71, 1, 20.00, '2013-03-24 14:28:24', 1),
(243, 41, 9, 1, 60.00, '2013-03-24 14:29:45', 1),
(244, 41, 11, 1, 62.00, '2013-03-24 14:29:48', 1),
(245, 41, 25, 1, 60.00, '2013-03-24 14:29:53', 1),
(303, 37, 103, 1, 20.00, '2013-03-24 15:11:34', 1),
(247, 37, 15, 2, 120.00, '2013-03-24 14:35:18', 1),
(248, 37, 12, 2, 124.00, '2013-03-24 14:35:36', 1),
(249, 37, 11, 2, 124.00, '2013-03-24 14:35:42', 1),
(250, 37, 7, 1, 60.00, '2013-03-24 14:35:54', 1),
(251, 37, 4, 3, 180.00, '2013-03-24 14:36:08', 1),
(252, 37, 37, 1, 60.00, '2013-03-24 14:36:31', 1),
(253, 37, 61, 3, 45.00, '2013-03-24 14:39:10', 1),
(254, 43, 22, 2, 34.00, '2013-03-24 14:39:13', 1),
(255, 43, 51, 1, 15.00, '2013-03-24 14:39:27', 1),
(256, 43, 38, 1, 12.00, '2013-03-24 14:39:43', 1),
(257, 43, 32, 1, 8.00, '2013-03-24 14:39:49', 1),
(258, 34, 81, 1, 20.00, '2013-03-24 14:40:57', 1),
(259, 34, 80, 1, 20.00, '2013-03-24 14:41:00', 1),
(260, 34, 75, 1, 7.00, '2013-03-24 14:41:02', 1),
(261, 25, 22, 2, 34.00, '2013-03-24 14:41:41', 1),
(262, 33, 17, 1, 69.00, '2013-03-24 14:42:11', 1),
(263, 44, 18, 1, 12.00, '2013-03-24 14:43:01', 1),
(275, 45, 49, 2, 30.00, '2013-03-24 14:47:30', 1),
(270, 37, 18, 3, 36.00, '2013-03-24 14:45:57', 1),
(266, 42, 38, 1, 12.00, '2013-03-24 14:44:01', 1),
(267, 42, 32, 1, 8.00, '2013-03-24 14:44:08', 1),
(269, 43, 8, 2, 120.00, '2013-03-24 14:45:44', 1),
(274, 45, 51, 1, 15.00, '2013-03-24 14:47:28', 1),
(273, 45, 18, 2, 24.00, '2013-03-24 14:47:21', 1),
(276, 45, 61, 2, 30.00, '2013-03-24 14:47:42', 1),
(277, 44, 22, 1, 17.00, '2013-03-24 14:48:51', 1),
(278, 44, 25, 1, 60.00, '2013-03-24 14:49:10', 1),
(279, 44, 30, 1, 50.00, '2013-03-24 14:49:17', 1),
(284, 33, 51, 1, 15.00, '2013-03-24 14:55:24', 1),
(287, 31, 66, 1, 6.00, '2013-03-24 14:56:16', 1),
(282, 46, 25, 1, 60.00, '2013-03-24 14:50:02', 1),
(283, 46, 72, 2, 40.00, '2013-03-24 14:50:22', 1),
(286, 47, 86, 17, 255.00, '2013-03-24 14:56:01', 1),
(288, 45, 12, 1, 62.00, '2013-03-24 14:56:20', 1),
(289, 45, 11, 1, 62.00, '2013-03-24 14:56:23', 1),
(290, 45, 10, 1, 60.00, '2013-03-24 14:56:50', 1),
(291, 45, 8, 2, 120.00, '2013-03-24 14:56:55', 1),
(292, 45, 7, 1, 60.00, '2013-03-24 14:57:01', 1),
(293, 45, 5, 1, 60.00, '2013-03-24 14:57:06', 1),
(295, 48, 22, 1, 17.00, '2013-03-24 15:00:58', 1),
(296, 39, 103, 1, 20.00, '2013-03-24 15:02:36', 1),
(299, 49, 49, 1, 15.00, '2013-03-24 15:08:14', 1),
(298, 47, 103, 2, 40.00, '2013-03-24 15:03:23', 1),
(300, 49, 52, 1, 15.00, '2013-03-24 15:08:15', 1),
(301, 48, 8, 1, 60.00, '2013-03-24 15:08:39', 1),
(302, 48, 11, 1, 62.00, '2013-03-24 15:09:24', 1),
(304, 37, 52, 1, 15.00, '2013-03-24 15:11:49', 1),
(305, 37, 63, 2, 12.00, '2013-03-24 15:11:54', 1),
(306, 37, 33, 3, 180.00, '2013-03-24 15:12:23', 1),
(307, 47, 18, 1, 12.00, '2013-03-24 15:13:07', 1),
(308, 50, 18, 1, 12.00, '2013-03-24 15:13:35', 1),
(309, 50, 23, 2, 32.00, '2013-03-24 15:13:38', 1),
(311, 49, 8, 1, 60.00, '2013-03-24 15:16:34', 1),
(312, 49, 7, 2, 120.00, '2013-03-24 15:16:46', 1),
(313, 46, 104, 1, 40.00, '2013-03-24 15:17:11', 1),
(314, 46, 5, 2, 120.00, '2013-03-24 15:17:15', 1),
(315, 50, 8, 1, 60.00, '2013-03-24 15:17:59', 1),
(317, 50, 6, 1, 60.00, '2013-03-24 15:18:04', 1),
(319, 51, 37, 1, 60.00, '2013-03-24 15:25:06', 1),
(320, 50, 67, 2, 10.00, '2013-03-24 15:25:50', 1),
(322, 47, 8, 3, 180.00, '2013-03-24 15:37:11', 1),
(323, 47, 7, 4, 240.00, '2013-03-24 15:37:18', 1),
(324, 47, 6, 4, 240.00, '2013-03-24 15:37:24', 1),
(325, 47, 5, 1, 60.00, '2013-03-24 15:37:31', 1),
(326, 47, 15, 1, 60.00, '2013-03-24 15:37:37', 1),
(327, 47, 37, 1, 60.00, '2013-03-24 15:37:45', 1),
(328, 47, 25, 1, 60.00, '2013-03-24 15:38:00', 1),
(332, 51, 32, 1, 8.00, '2013-03-24 15:51:30', 1),
(334, 48, 23, 1, 16.00, '2013-03-24 15:52:36', 1),
(335, 43, 80, 1, 20.00, '2013-03-24 15:56:25', 1),
(341, 43, 106, 1, 5.00, '2013-03-24 16:24:05', 1),
(337, 45, 29, 1, 50.00, '2013-03-24 16:00:31', 1),
(338, 44, 105, 1, 15.00, '2013-03-24 16:02:38', 1),
(342, 52, 53, 2, 30.00, '2013-03-24 16:30:42', 1),
(343, 52, 23, 1, 16.00, '2013-03-24 16:31:12', 1),
(344, 52, 86, 1, 15.00, '2013-03-24 16:31:18', 1),
(345, 52, 41, 1, 18.00, '2013-03-24 16:31:40', 1),
(347, 52, 51, 1, 15.00, '2013-03-24 16:54:11', 1),
(348, 6, 51, 1, 15.00, '2013-03-24 17:18:25', 1),
(349, 6, 11, 1, 62.00, '2013-03-24 17:20:20', 1),
(350, 6, 30, 1, 50.00, '2013-03-24 17:20:44', 1),
(351, 6, 21, 1, 15.00, '2013-03-24 17:20:51', 1),
(352, 6, 38, 1, 12.00, '2013-03-24 17:21:31', 1),
(354, 54, 11, 1, 62.00, '2013-03-24 17:29:00', 1),
(355, 54, 37, 1, 60.00, '2013-03-24 17:29:09', 1),
(356, 54, 33, 1, 60.00, '2013-03-24 17:29:10', 1),
(357, 54, 52, 2, 30.00, '2013-03-24 17:30:14', 1),
(358, 55, 52, 2, 30.00, '2013-03-24 17:31:27', 1),
(359, 55, 37, 1, 60.00, '2013-03-24 17:32:15', 1),
(360, 55, 33, 1, 60.00, '2013-03-24 17:32:17', 1),
(361, 55, 11, 1, 62.00, '2013-03-24 17:38:50', 1),
(363, 56, 12, 1, 62.00, '2013-08-20 10:28:17', 1),
(364, 56, 104, 1, 40.00, '2013-08-20 10:28:35', 1),
(365, 57, 62, 1, 1.00, '2013-08-20 10:30:34', 1),
(366, 57, 63, 1, 6.00, '2013-08-20 10:30:35', 1),
(367, 57, 64, 1, 5.00, '2013-08-20 10:30:37', 1),
(368, 57, 21, 1, 15.00, '2013-08-20 10:30:41', 1),
(369, 57, 38, 1, 12.00, '2013-08-20 10:30:43', 1),
(370, 57, 28, 1, 60.00, '2013-08-20 10:30:47', 1),
(371, 57, 16, 1, 60.00, '2013-08-20 10:30:52', 1),
(372, 58, 22, 1, 17.00, '2013-08-20 10:32:00', 1),
(373, 58, 66, 1, 6.00, '2013-08-20 10:32:24', 1),
(374, 58, 7, 1, 60.00, '2013-08-20 10:32:30', 1),
(375, 59, 4, 1, 60.00, '2013-08-20 10:34:06', 1),
(376, 59, 3, 1, 60.00, '2013-08-20 10:34:11', 1),
(377, 59, 20, 1, 12.00, '2013-08-20 10:34:15', 1),
(378, 60, 61, 1, 15.00, '2013-08-20 10:49:29', 1),
(379, 60, 53, 1, 15.00, '2013-08-20 10:49:32', 1),
(380, 60, 28, 1, 60.00, '2013-08-20 10:49:36', 1),
(381, 60, 102, 1, 6.00, '2013-08-20 10:50:16', 1),
(382, 60, 67, 1, 5.00, '2013-08-20 10:50:18', 1),
(383, 61, 3, 2, 120.00, '2013-08-21 19:53:30', 1),
(384, 61, 44, 1, 16.00, '2013-08-21 19:53:33', 1),
(385, 62, 16, 1, 60.00, '2013-08-27 16:12:22', 1),
(386, 62, 41, 1, 18.00, '2013-08-27 16:12:46', 1),
(387, 65, 104, 1, 40.00, '2013-08-28 15:47:44', 1),
(522, 76, 3, 1, 60.00, '2013-10-05 21:21:36', 1),
(515, 74, 4, 1, 60.00, '2013-10-05 20:16:57', 1),
(518, 74, 5, 1, 60.00, '2013-10-05 20:44:02', 1),
(438, 71, 5, 1, 60.00, '2013-10-03 23:52:10', 1),
(521, 74, 3, 1, 60.00, '2013-10-05 21:15:12', 1),
(500, 73, 3, 1, 60.00, '2013-10-04 22:25:59', 1),
(497, 73, 3, 1, 60.00, '2013-10-04 22:24:08', 1),
(499, 73, 3, 1, 60.00, '2013-10-04 22:24:42', 1),
(501, 73, 3, 1, 60.00, '2013-10-04 22:26:01', 1),
(502, 73, 4, 1, 60.00, '2013-10-04 22:26:03', 1),
(435, 71, 3, 3, 60.00, '2013-10-04 19:11:36', 1),
(503, 73, 4, 1, 60.00, '2013-10-04 22:26:04', 1),
(520, 74, 5, 1, 60.00, '2013-10-05 21:07:05', 1),
(481, 71, 4, 1, 60.00, '2013-10-04 19:11:20', 1),
(508, 73, 4, 1, 60.00, '2013-10-04 23:29:45', 1),
(523, 76, 3, 1, 60.00, '2013-10-05 21:21:39', 1),
(524, 75, 3, 1, 60.00, '2013-10-05 21:29:50', 1),
(525, 75, 3, 1, 60.00, '2013-10-05 21:29:52', 1),
(531, 76, 3, 1, 60.00, '2013-10-05 21:37:51', 1),
(530, 75, 4, 1, 60.00, '2013-10-05 21:35:43', 1),
(528, 75, 4, 1, 60.00, '2013-10-05 21:35:26', 1),
(529, 75, 4, 1, 60.00, '2013-10-05 21:35:28', 1),
(532, 77, 5, 1, 60.00, '2013-10-05 21:57:23', 1),
(538, 77, 5, 1, 60.00, '2013-10-05 21:59:38', 1),
(537, 77, 5, 1, 60.00, '2013-10-05 21:59:29', 1),
(535, 77, 5, 1, 60.00, '2013-10-05 21:57:33', 1),
(536, 77, 5, 1, 60.00, '2013-10-05 21:57:53', 1),
(539, 78, 3, 1, 60.00, '2013-10-07 18:51:51', 1),
(540, 78, 3, 1, 60.00, '2013-10-07 18:51:53', 1),
(542, 79, 4, 1, 60.00, '2013-10-07 19:32:05', 1),
(543, 79, 3, 1, 60.00, '2013-10-07 19:32:07', 1),
(544, 79, 4, 1, 60.00, '2013-10-07 19:32:10', 1),
(545, 79, 5, 1, 60.00, '2013-10-07 19:32:12', 1),
(546, 79, 5, 1, 60.00, '2013-10-07 19:32:14', 1),
(547, 79, 3, 1, 60.00, '2013-10-07 19:33:17', 1),
(548, 79, 3, 1, 60.00, '2013-10-07 19:33:49', 1),
(549, 106, 3, 1, 60.00, '2013-10-21 19:49:25', 1),
(550, 106, 3, 1, 60.00, '2013-10-21 19:49:27', 1),
(551, 106, 3, 1, 60.00, '2013-10-21 19:49:28', 1),
(560, 125, 3, 1, 60.00, '2013-11-20 23:38:23', 1),
(553, 124, 3, 1, 60.00, '2013-11-20 23:18:54', 1),
(554, 124, 3, 1, 60.00, '2013-11-20 23:18:58', 1),
(555, 124, 3, 1, 60.00, '2013-11-20 23:18:59', 1),
(556, 124, 4, 1, 60.00, '2013-11-20 23:19:00', 1),
(557, 124, 4, 1, 60.00, '2013-11-20 23:19:02', 1),
(558, 124, 3, 1, 60.00, '2013-11-20 23:19:50', 1),
(561, 125, 4, 1, 60.00, '2013-11-20 23:38:25', 1),
(562, 125, 4, 1, 60.00, '2013-11-20 23:38:27', 1),
(591, 135, 3, 1, 60.00, '2013-11-23 21:08:52', 1),
(580, 133, 3, 1, 60.00, '2013-11-21 20:28:40', 1),
(576, 132, 4, 1, 60.00, '2013-11-21 20:26:36', 1),
(575, 132, 4, 1, 60.00, '2013-11-21 20:26:35', 1),
(573, 131, 3, 1, 60.00, '2013-11-21 20:20:25', 1),
(579, 133, 5, 1, 60.00, '2013-11-21 20:28:36', 1),
(578, 133, 5, 1, 60.00, '2013-11-21 20:28:35', 1),
(587, 133, 3, 1, 60.00, '2013-11-21 22:47:10', 0),
(574, 132, 3, 1, 60.00, '2013-11-21 20:26:33', 1),
(582, 134, 5, 1, 60.00, '2013-11-21 20:46:16', 1),
(583, 134, 4, 1, 60.00, '2013-11-21 20:46:18', 1),
(584, 134, 3, 1, 60.00, '2013-11-21 20:46:18', 1),
(598, 135, 3, 1, 60.00, '2013-11-23 21:54:58', 1),
(600, 136, 4, 1, 60.00, '2013-11-23 21:59:17', 1),
(599, 135, 3, 1, 60.00, '2013-11-23 21:57:45', 1),
(601, 136, 5, 1, 60.00, '2013-11-23 21:59:17', 1),
(602, 136, 5, 1, 60.00, '2013-11-23 21:59:20', 1),
(603, 136, 3, 1, 60.00, '2013-11-23 22:00:09', 1),
(605, 137, 5, 1, 60.00, '2013-11-23 22:13:21', 1),
(606, 137, 5, 1, 60.00, '2013-11-23 22:13:22', 1),
(607, 137, 3, 1, 60.00, '2013-11-23 22:14:08', 1),
(608, 135, 4, 1, 60.00, '2013-11-23 22:34:19', 0),
(609, 135, 4, 1, 60.00, '2013-11-23 22:51:51', 0),
(611, 138, 23, 1, 16.00, '2013-12-13 21:00:50', 1),
(612, 138, 23, 1, 16.00, '2013-12-13 21:00:54', 1),
(613, 138, 23, 1, 16.00, '2013-12-13 21:00:55', 1),
(614, 138, 23, 1, 16.00, '2013-12-13 21:00:56', 1),
(615, 138, 23, 1, 16.00, '2013-12-13 21:01:17', 1);

-- --------------------------------------------------------

--
-- Table structure for table `lugares`
--

CREATE TABLE IF NOT EXISTS `lugares` (
  `id` int(11) NOT NULL AUTO_INCREMENT,
  `nombre` varchar(50) NOT NULL,
  `descripcion` text,
  `estado` int(1) NOT NULL DEFAULT '1',
  `tipo` varchar(50) DEFAULT NULL,
  PRIMARY KEY (`id`)
) ENGINE=MyISAM  DEFAULT CHARSET=latin1 AUTO_INCREMENT=2 ;

--
-- Dumping data for table `lugares`
--

INSERT INTO `lugares` (`id`, `nombre`, `descripcion`, `estado`, `tipo`) VALUES
(1, 'Cocina', 'Departamento de cocina', 1, NULL);

-- --------------------------------------------------------

--
-- Table structure for table `mesas`
--

CREATE TABLE IF NOT EXISTS `mesas` (
  `id` int(11) NOT NULL AUTO_INCREMENT,
  `numero` int(11) DEFAULT NULL,
  `posix` int(7) DEFAULT NULL,
  `posiy` int(7) DEFAULT NULL,
  `posix2` int(7) DEFAULT NULL,
  `posiy2` int(7) DEFAULT NULL,
  `pedido_id` int(11) DEFAULT NULL,
  `ambiente_id` int(11) DEFAULT NULL,
  PRIMARY KEY (`id`)
) ENGINE=InnoDB  DEFAULT CHARSET=latin1 AUTO_INCREMENT=14 ;

--
-- Dumping data for table `mesas`
--

INSERT INTO `mesas` (`id`, `numero`, `posix`, `posiy`, `posix2`, `posiy2`, `pedido_id`, `ambiente_id`) VALUES
(1, 1, 65, 511, 20, 375, 138, 1),
(2, 1, 141, 420, NULL, NULL, 136, 2),
(5, 2, 903, 516, 858, 267, 137, 1),
(6, 1, 901, 160, NULL, NULL, NULL, 3),
(7, 2, 900, 293, NULL, NULL, NULL, 3),
(8, 3, 894, 435, NULL, NULL, NULL, 3),
(9, 4, 758, 439, NULL, NULL, NULL, 3),
(10, 5, 755, 296, NULL, NULL, NULL, 3),
(11, 6, 753, 162, NULL, NULL, NULL, 3),
(12, 3, 474, 226, 449, -138, NULL, 1),
(13, 4, 80, 160, NULL, NULL, 139, 1);

-- --------------------------------------------------------

--
-- Table structure for table `movimientos`
--

CREATE TABLE IF NOT EXISTS `movimientos` (
  `id` int(11) NOT NULL AUTO_INCREMENT,
  `insumo_id` int(11) DEFAULT NULL,
  `ingreso` int(11) DEFAULT '0',
  `salida` int(11) DEFAULT '0',
  `total` int(11) DEFAULT '0',
  `fecharegistro` date DEFAULT NULL,
  PRIMARY KEY (`id`)
) ENGINE=MyISAM DEFAULT CHARSET=latin1 AUTO_INCREMENT=1 ;

-- --------------------------------------------------------

--
-- Table structure for table `multas`
--

CREATE TABLE IF NOT EXISTS `multas` (
  `id` int(11) NOT NULL AUTO_INCREMENT,
  `usuario_id` int(11) NOT NULL,
  `conf_multa_id` int(11) NOT NULL,
  `observaciones` text,
  PRIMARY KEY (`id`)
) ENGINE=MyISAM DEFAULT CHARSET=latin1 AUTO_INCREMENT=1 ;

-- --------------------------------------------------------

--
-- Table structure for table `objetos`
--

CREATE TABLE IF NOT EXISTS `objetos` (
  `id` int(11) NOT NULL AUTO_INCREMENT,
  `posix` int(7) DEFAULT NULL,
  `posiy` int(7) DEFAULT NULL,
  PRIMARY KEY (`id`)
) ENGINE=InnoDB  DEFAULT CHARSET=latin1 AUTO_INCREMENT=3 ;

--
-- Dumping data for table `objetos`
--

INSERT INTO `objetos` (`id`, `posix`, `posiy`) VALUES
(1, 131, 64),
(2, 851, -111);

-- --------------------------------------------------------

--
-- Table structure for table `parametrosfacturas`
--

CREATE TABLE IF NOT EXISTS `parametrosfacturas` (
  `id` int(11) NOT NULL AUTO_INCREMENT,
  `nit` varchar(30) DEFAULT NULL,
  `numero_autorizacion` varchar(30) DEFAULT NULL,
  `llave` varchar(500) DEFAULT NULL,
  `fechalimite` date DEFAULT NULL,
  `otro3` int(11) DEFAULT NULL,
  PRIMARY KEY (`id`)
) ENGINE=InnoDB  DEFAULT CHARSET=latin1 AUTO_INCREMENT=2 ;

--
-- Dumping data for table `parametrosfacturas`
--

INSERT INTO `parametrosfacturas` (`id`, `nit`, `numero_autorizacion`, `llave`, `fechalimite`, `otro3`) VALUES
(1, '3817445015', '29040011007', 'A3Fs4s$)2cvD(eY667A5C4A2rsdf53kw9654E2B23s24df35F5', '2013-08-30', NULL);

-- --------------------------------------------------------

--
-- Table structure for table `pedidos`
--

CREATE TABLE IF NOT EXISTS `pedidos` (
  `id` int(11) NOT NULL AUTO_INCREMENT,
  `user_id` int(11) NOT NULL,
  `fecha` datetime NOT NULL,
  `mesa` smallint(6) NOT NULL DEFAULT '0',
  `estado` int(1) NOT NULL DEFAULT '0' COMMENT '0 creado, 1 impreso y cosina, 2 servido, 3 pagado, 4 facturado, 5 anadido, 6 cancelado',
  `total` float(15,2) NOT NULL DEFAULT '0.00',
  `descuento` decimal(10,2) DEFAULT NULL,
  `monto` float(15,2) NOT NULL DEFAULT '0.00',
  `fechac` varchar(10) NOT NULL,
  `created` date DEFAULT NULL,
  `modified` datetime DEFAULT NULL,
  `observaciones` text,
  PRIMARY KEY (`id`)
) ENGINE=MyISAM  DEFAULT CHARSET=latin1 AUTO_INCREMENT=140 ;

--
-- Dumping data for table `pedidos`
--

INSERT INTO `pedidos` (`id`, `user_id`, `fecha`, `mesa`, `estado`, `total`, `descuento`, `monto`, `fechac`, `created`, `modified`, `observaciones`) VALUES
(1, 16, '2013-03-24 12:36:42', 1, 3, 167.00, NULL, 0.00, '', '2013-03-24', '2013-03-24 14:20:44', NULL),
(2, 12, '2013-03-24 12:36:46', 2, 4, 238.00, NULL, 238.00, '', '2013-03-24', '2013-03-24 13:01:32', NULL),
(3, 14, '2013-03-24 12:36:48', 3, 4, 370.00, NULL, 370.00, '', '2013-03-24', '2013-03-24 14:39:10', NULL),
(4, 22, '2013-03-24 12:36:50', 4, 3, 207.00, NULL, 0.00, '', '2013-03-24', '2013-03-24 17:26:04', NULL),
(5, 10, '2013-03-24 12:36:53', 5, 4, 262.00, NULL, 262.00, '', '2013-03-24', '2013-03-24 14:09:59', NULL),
(6, 11, '2013-03-24 12:36:56', 6, 4, 154.00, NULL, 154.00, '', '2013-03-24', '2013-03-24 17:22:22', NULL),
(7, 9, '2013-03-24 12:36:58', 7, 4, 250.00, NULL, 250.00, '', '2013-03-24', '2013-03-24 14:25:49', NULL),
(8, 11, '2013-03-24 12:37:00', 8, 4, 228.00, NULL, 228.00, '', '2013-03-24', '2013-03-24 14:48:41', NULL),
(9, 9, '2013-03-24 12:37:03', 9, 3, 337.00, NULL, 0.00, '', '2013-03-24', '2013-03-24 14:28:12', NULL),
(10, 13, '2013-03-24 12:37:05', 10, 3, 209.00, NULL, 0.00, '', '2013-03-24', '2013-03-24 14:26:45', NULL),
(11, 8, '2013-03-24 12:37:07', 11, 3, 158.00, NULL, 0.00, '', '2013-03-24', '2013-03-24 14:51:33', NULL),
(12, 12, '2013-03-24 12:37:09', 12, 3, 247.00, NULL, 0.00, '', '2013-03-24', '2013-03-24 14:38:26', NULL),
(13, 8, '2013-03-24 12:37:13', 13, 4, 196.00, NULL, 189.00, '', '2013-03-24', '2013-03-24 14:42:36', NULL),
(14, 10, '2013-03-24 12:37:15', 14, 4, 174.00, NULL, 174.00, '', '2013-03-24', '2013-03-24 14:37:53', NULL),
(15, 9, '2013-03-24 12:40:36', 15, 3, 117.00, NULL, 0.00, '', '2013-03-24', '2013-03-24 14:37:04', NULL),
(16, 14, '2013-03-24 12:41:26', 16, 4, 522.00, NULL, 522.00, '', '2013-03-24', '2013-03-24 14:22:31', NULL),
(17, 13, '2013-03-24 12:42:56', 17, 3, 341.00, NULL, 0.00, '', '2013-03-24', '2013-03-24 14:28:39', NULL),
(18, 11, '2013-03-24 12:49:22', 18, 4, 165.00, NULL, 165.00, '', '2013-03-24', '2013-03-24 14:21:43', NULL),
(19, 9, '2013-03-24 12:50:32', 19, 4, 147.00, NULL, 147.00, '', '2013-03-24', '2013-03-24 14:32:39', NULL),
(20, 12, '2013-03-24 12:55:24', 20, 4, 242.00, NULL, 242.00, '', '2013-03-24', '2013-03-24 14:44:36', NULL),
(21, 11, '2013-03-24 12:59:13', 21, 4, 160.00, NULL, 160.00, '', '2013-03-24', '2013-03-24 14:46:53', NULL),
(22, 11, '2013-03-24 13:02:35', 22, 4, 407.00, NULL, 407.00, '', '2013-03-24', '2013-03-24 14:50:45', NULL),
(23, 13, '2013-03-24 13:04:49', 23, 4, 362.00, NULL, 362.00, '', '2013-03-24', '2013-03-24 14:30:15', NULL),
(24, 12, '2013-03-24 13:09:42', 24, 4, 335.00, NULL, 335.00, '', '2013-03-24', '2013-03-24 14:34:02', NULL),
(25, 14, '2013-03-24 13:21:03', 25, 3, 482.00, NULL, 0.00, '', '2013-03-24', '2013-03-24 15:24:21', NULL),
(26, 9, '2013-03-24 13:23:09', 26, 4, 171.00, NULL, 171.00, '', '2013-03-24', '2013-03-24 15:30:36', NULL),
(27, 14, '2013-03-24 13:27:22', 27, 3, 212.00, NULL, 0.00, '', '2013-03-24', '2013-03-24 14:52:39', NULL),
(28, 13, '2013-03-24 13:28:13', 28, 3, 134.00, NULL, 0.00, '', '2013-03-24', '2013-03-24 14:53:58', NULL),
(29, 8, '2013-03-24 13:34:49', 29, 4, 132.00, NULL, 132.00, '', '2013-03-24', '2013-03-24 15:09:05', NULL),
(30, 10, '2013-03-24 13:38:11', 30, 3, 134.00, NULL, 0.00, '', '2013-03-24', '2013-03-24 17:30:22', NULL),
(31, 22, '2013-03-24 13:39:32', 31, 3, 254.00, NULL, 0.00, '', '2013-03-24', '2013-03-24 15:11:34', NULL),
(34, 10, '2013-03-24 13:53:40', 33, 3, 341.00, NULL, 0.00, '', '2013-03-24', '2013-03-24 15:10:57', NULL),
(33, 14, '2013-03-24 13:46:28', 32, 4, 441.00, NULL, 441.00, '', '2013-03-24', '2013-03-24 16:18:10', NULL),
(35, 13, '2013-03-24 13:54:10', 34, 3, 272.00, NULL, 0.00, '', '2013-03-24', '2013-03-24 15:23:53', NULL),
(36, 8, '2013-03-24 13:54:44', 35, 3, 75.00, NULL, 0.00, '', '2013-03-24', '2013-03-24 14:57:18', NULL),
(37, 13, '2013-03-24 13:55:33', 36, 4, 1204.00, NULL, 1204.00, '', '2013-03-24', '2013-03-24 16:53:24', NULL),
(38, 12, '2013-03-24 14:02:15', 37, 3, 40.00, NULL, 0.00, '', '2013-03-24', '2013-03-24 14:23:59', NULL),
(39, 9, '2013-03-24 14:07:34', 38, 3, 401.00, NULL, 0.00, '', '2013-03-24', '2013-03-24 16:15:24', NULL),
(42, 22, '2013-03-24 14:27:57', 40, 3, 102.00, NULL, 0.00, '', '2013-03-24', '2013-03-24 15:28:18', NULL),
(41, 11, '2013-03-24 14:24:17', 39, 3, 202.00, NULL, 0.00, '', '2013-03-24', '2013-03-24 15:49:57', NULL),
(43, 8, '2013-03-24 14:38:58', 41, 4, 214.00, NULL, 214.00, '', '2013-03-24', '2013-03-24 16:50:15', NULL),
(44, 12, '2013-03-24 14:42:50', 42, 3, 171.00, NULL, 0.00, '', '2013-03-24', '2013-03-24 17:17:57', NULL),
(45, 9, '2013-03-24 14:47:11', 43, 4, 573.00, NULL, 573.00, '', '2013-03-24', '2013-03-24 16:16:12', NULL),
(46, 12, '2013-03-24 14:49:34', 44, 4, 260.00, NULL, 260.00, '', '2013-03-24', '2013-03-24 15:49:29', NULL),
(47, 14, '2013-03-24 14:55:53', 45, 4, 1207.00, NULL, 1207.00, '', '2013-03-24', '2013-03-24 17:15:07', NULL),
(48, 11, '2013-03-24 15:00:46', 46, 4, 155.00, NULL, 155.00, '', '2013-03-24', '2013-03-24 16:51:01', NULL),
(49, 22, '2013-03-24 15:06:53', 47, 4, 210.00, NULL, 210.00, '', '2013-03-24', '2013-03-24 16:17:13', NULL),
(50, 10, '2013-03-24 15:13:28', 48, 4, 174.00, NULL, 174.00, '', '2013-03-24', '2013-03-24 16:51:45', NULL),
(51, 13, '2013-03-24 15:24:57', 49, 3, 68.00, NULL, 0.00, '', '2013-03-24', '2013-03-24 16:52:20', NULL),
(52, 9, '2013-03-24 16:30:29', 50, 1, 109.00, NULL, 0.00, '', '2013-03-24', '2013-03-24 18:33:35', NULL),
(53, 16, '2013-03-24 16:47:39', 51, 6, 0.00, NULL, 0.00, '', '2013-03-24', '2013-03-24 17:07:11', NULL),
(54, 12, '2013-03-24 17:28:47', 52, 3, 182.00, NULL, 0.00, '', '2013-03-24', '2013-03-24 18:31:43', NULL),
(55, 16, '2013-03-24 17:31:20', 53, 6, 212.00, NULL, 0.00, '', '2013-03-24', '2013-03-24 17:55:39', NULL),
(56, 7, '2013-08-20 10:28:14', 1, 1, 102.00, NULL, 0.00, '', '2013-08-20', '2013-08-20 10:28:41', NULL),
(57, 8, '2013-08-20 10:30:23', 2, 1, 159.00, NULL, 0.00, '', '2013-08-20', '2013-08-20 10:31:00', NULL),
(58, 8, '2013-08-20 10:31:54', 3, 1, 83.00, NULL, 0.00, '', '2013-08-20', '2013-08-20 10:32:34', NULL),
(59, 7, '2013-08-20 10:33:58', 4, 1, 132.00, NULL, 0.00, '', '2013-08-20', '2013-08-20 10:34:26', NULL),
(60, 7, '2013-08-20 10:49:24', 5, 1, 101.00, NULL, 0.00, '', '2013-08-20', '2013-08-20 10:50:23', NULL),
(61, 7, '2013-08-21 19:53:26', 1, 1, 136.00, NULL, 0.00, '', '2013-08-21', '2013-08-21 19:53:37', NULL),
(62, 7, '2013-08-27 16:02:48', 1, 1, 78.00, NULL, 0.00, '', '2013-08-27', '2013-08-27 16:13:21', NULL),
(63, 7, '2013-08-27 16:18:31', 2, 0, 0.00, NULL, 0.00, '', '2013-08-27', '2013-08-27 16:18:31', NULL),
(64, 7, '2013-08-28 15:44:35', 1, 0, 0.00, NULL, 0.00, '', '2013-08-28', '2013-08-28 15:44:36', NULL),
(65, 7, '2013-08-28 15:47:33', 2, 0, 0.00, NULL, 0.00, '', '2013-08-28', '2013-08-28 15:47:34', NULL),
(66, 7, '2013-08-28 15:48:15', 3, 0, 0.00, NULL, 0.00, '', '2013-08-28', '2013-08-28 15:48:16', NULL),
(67, 7, '2013-08-28 16:55:30', 4, 0, 0.00, NULL, 0.00, '', '2013-08-28', '2013-08-28 16:55:31', NULL),
(68, 7, '2013-08-28 17:07:45', 5, 0, 0.00, NULL, 0.00, '', '2013-08-28', '2013-08-28 17:07:46', NULL),
(69, 7, '2013-08-29 13:30:53', 1, 0, 0.00, NULL, 0.00, '', '2013-08-29', '2013-08-29 13:30:54', NULL),
(70, 8, '2013-09-24 19:43:08', 1, 0, 0.00, NULL, 0.00, '', '2013-09-24', '2013-09-24 19:43:09', NULL),
(71, 8, '2013-09-24 20:27:10', 2, 0, 0.00, NULL, 0.00, '', '2013-09-24', '2013-10-04 19:11:45', 'Un Laping Cordero , Solo ensalada, Sin camote - Un Cordero Pollo , Pollo Pecho, Sin Camote - Un Laping Cordero , Solo ensalada - Un Laping Cordero , Sin camote - Un Cordero Pollo , Pollo Pierna'),
(72, 8, '2013-10-04 19:08:37', 1, 0, 0.00, NULL, 0.00, '', '2013-10-04', '2013-10-04 19:11:07', ' - Un Cordero Pollo , Pollo Pecho - Un Cordero Pollo , Pollo Pierna'),
(73, 8, '2013-10-04 20:30:57', 2, 0, 0.00, NULL, 0.00, '', '2013-10-04', '2013-10-04 20:30:57', NULL),
(74, 8, '2013-10-05 20:01:47', 1, 0, 0.00, NULL, 0.00, '', '2013-10-05', '2013-10-05 20:01:47', NULL),
(75, 8, '2013-10-05 21:16:59', 2, 0, 0.00, NULL, 0.00, '', '2013-10-05', '2013-10-05 21:16:59', NULL),
(76, 8, '2013-10-05 21:21:30', 3, 0, 0.00, NULL, 0.00, '', '2013-10-05', '2013-10-05 21:21:30', NULL),
(77, 8, '2013-10-05 21:57:15', 4, 0, 0.00, NULL, 0.00, '', '2013-10-05', '2013-10-05 21:57:15', NULL),
(78, 8, '2013-10-07 18:50:14', 1, 0, 0.00, NULL, 0.00, '', '2013-10-07', '2013-10-07 18:50:15', NULL),
(79, 8, '2013-10-07 19:31:55', 2, 0, 0.00, NULL, 0.00, '', '2013-10-07', '2013-10-07 19:31:55', NULL),
(80, 8, '2013-10-10 22:14:51', 1, 0, 0.00, NULL, 0.00, '', '2013-10-10', '2013-10-10 22:14:51', NULL),
(81, 8, '2013-10-10 23:05:58', 2, 0, 0.00, NULL, 0.00, '', '2013-10-10', '2013-10-10 23:05:59', NULL),
(82, 8, '2013-10-11 19:40:46', 1, 0, 0.00, NULL, 0.00, '', '2013-10-11', '2013-10-11 19:40:47', NULL),
(83, 8, '2013-10-11 19:40:47', 2, 0, 0.00, NULL, 0.00, '', '2013-10-11', '2013-10-11 19:40:47', NULL),
(84, 8, '2013-10-11 20:00:18', 3, 0, 0.00, NULL, 0.00, '', '2013-10-11', '2013-10-11 20:00:19', NULL),
(85, 8, '2013-10-11 20:56:00', 4, 0, 0.00, NULL, 0.00, '', '2013-10-11', '2013-10-11 20:56:00', NULL),
(86, 8, '2013-10-13 08:27:50', 1, 0, 0.00, NULL, 0.00, '', '2013-10-13', '2013-10-13 08:27:50', NULL),
(87, 8, '2013-10-13 08:31:50', 2, 0, 0.00, NULL, 0.00, '', '2013-10-13', '2013-10-13 08:31:50', NULL),
(88, 8, '2013-10-13 08:37:31', 3, 0, 0.00, NULL, 0.00, '', '2013-10-13', '2013-10-13 08:37:31', NULL),
(89, 8, '2013-10-13 08:38:14', 4, 0, 0.00, NULL, 0.00, '', '2013-10-13', '2013-10-13 08:38:14', NULL),
(90, 8, '2013-10-13 08:39:10', 5, 0, 0.00, NULL, 0.00, '', '2013-10-13', '2013-10-13 08:39:10', NULL),
(91, 8, '2013-10-13 08:42:17', 6, 0, 0.00, NULL, 0.00, '', '2013-10-13', '2013-10-13 08:42:17', NULL),
(92, 8, '2013-10-13 08:46:24', 7, 0, 0.00, NULL, 0.00, '', '2013-10-13', '2013-10-13 08:46:24', NULL),
(93, 8, '2013-10-13 08:47:39', 8, 0, 0.00, NULL, 0.00, '', '2013-10-13', '2013-10-13 08:47:39', NULL),
(94, 8, '2013-10-13 08:53:06', 9, 0, 0.00, NULL, 0.00, '', '2013-10-13', '2013-10-13 08:53:07', NULL),
(95, 8, '2013-10-13 09:29:53', 10, 0, 0.00, NULL, 0.00, '', '2013-10-13', '2013-10-13 09:29:53', NULL),
(96, 8, '2013-10-13 09:30:05', 11, 0, 0.00, NULL, 0.00, '', '2013-10-13', '2013-10-13 09:30:05', NULL),
(97, 8, '2013-10-14 18:53:05', 1, 0, 0.00, NULL, 0.00, '', '2013-10-14', '2013-10-14 18:53:05', NULL),
(98, 8, '2013-10-14 19:01:09', 2, 0, 0.00, NULL, 0.00, '', '2013-10-14', '2013-10-14 19:01:09', NULL),
(99, 8, '2013-10-14 19:03:50', 3, 0, 0.00, NULL, 0.00, '', '2013-10-14', '2013-10-14 19:03:50', NULL),
(100, 8, '2013-10-14 19:11:58', 4, 0, 0.00, NULL, 0.00, '', '2013-10-14', '2013-10-14 19:11:58', NULL),
(101, 8, '2013-10-16 21:56:00', 1, 0, 0.00, NULL, 0.00, '', '2013-10-16', '2013-10-16 21:56:00', NULL),
(102, 8, '2013-10-16 22:10:07', 2, 0, 0.00, NULL, 0.00, '', '2013-10-16', '2013-10-16 22:10:08', NULL),
(103, 8, '2013-10-16 22:32:48', 3, 0, 0.00, NULL, 0.00, '', '2013-10-16', '2013-10-16 22:32:49', NULL),
(104, 8, '2013-10-17 20:10:14', 1, 0, 0.00, NULL, 0.00, '', '2013-10-17', '2013-10-17 20:10:14', NULL),
(105, 8, '2013-10-17 20:12:35', 2, 0, 0.00, NULL, 0.00, '', '2013-10-17', '2013-10-17 20:12:35', NULL),
(106, 8, '2013-10-21 19:35:37', 1, 0, 0.00, NULL, 0.00, '', '2013-10-21', '2013-10-21 19:35:38', NULL),
(107, 8, '2013-10-21 20:06:35', 2, 0, 0.00, NULL, 0.00, '', '2013-10-21', '2013-10-21 20:06:35', NULL),
(108, 8, '2013-10-22 22:17:04', 1, 0, 0.00, NULL, 0.00, '', '2013-10-22', '2013-10-22 22:17:04', NULL),
(109, 8, '2013-11-08 22:58:27', 1, 0, 0.00, NULL, 0.00, '', '2013-11-08', '2013-11-08 22:58:27', NULL),
(110, 8, '2013-11-11 21:22:01', 1, 0, 0.00, NULL, 0.00, '', '2013-11-11', '2013-11-11 21:22:01', NULL),
(111, 8, '2013-11-12 21:46:14', 1, 0, 0.00, NULL, 0.00, '', '2013-11-12', '2013-11-12 21:46:15', NULL),
(112, 8, '2013-11-12 21:48:24', 2, 0, 0.00, NULL, 0.00, '', '2013-11-12', '2013-11-12 21:48:24', NULL),
(113, 8, '2013-11-13 19:47:28', 1, 0, 0.00, NULL, 0.00, '', '2013-11-13', '2013-11-13 19:47:28', NULL),
(114, 8, '2013-11-13 20:04:38', 2, 0, 0.00, NULL, 0.00, '', '2013-11-13', '2013-11-13 20:04:38', NULL),
(115, 8, '2013-11-13 20:06:43', 3, 0, 0.00, NULL, 0.00, '', '2013-11-13', '2013-11-13 20:06:43', NULL),
(116, 8, '2013-11-13 20:20:56', 4, 0, 0.00, NULL, 0.00, '', '2013-11-13', '2013-11-13 20:20:56', NULL),
(117, 8, '2013-11-13 20:26:46', 5, 0, 0.00, NULL, 0.00, '', '2013-11-13', '2013-11-13 20:26:46', NULL),
(118, 8, '2013-11-19 21:46:59', 1, 0, 0.00, NULL, 0.00, '', '2013-11-19', '2013-11-19 21:46:59', NULL),
(119, 8, '2013-11-19 22:40:01', 2, 0, 0.00, NULL, 0.00, '', '2013-11-19', '2013-11-19 22:40:01', NULL),
(120, 8, '2013-11-20 22:20:36', 1, 0, 0.00, NULL, 0.00, '', '2013-11-20', '2013-11-20 22:20:36', NULL),
(121, 8, '2013-11-20 23:18:39', 2, 0, 0.00, NULL, 0.00, '', '2013-11-20', '2013-11-20 23:18:39', NULL),
(122, 8, '2013-11-20 23:18:39', 3, 0, 0.00, NULL, 0.00, '', '2013-11-20', '2013-11-20 23:18:40', NULL),
(123, 8, '2013-11-20 23:18:41', 4, 0, 0.00, NULL, 0.00, '', '2013-11-20', '2013-11-20 23:18:41', NULL),
(124, 8, '2013-11-20 23:18:42', 5, 0, 0.00, NULL, 0.00, '', '2013-11-20', '2013-11-20 23:18:42', NULL),
(125, 8, '2013-11-20 23:38:16', 6, 0, 0.00, NULL, 0.00, '', '2013-11-20', '2013-11-20 23:38:16', NULL),
(126, 8, '2013-11-21 19:48:29', 1, 0, 0.00, NULL, 0.00, '', '2013-11-21', '2013-11-21 19:48:29', NULL),
(127, 8, '2013-11-21 19:48:29', 2, 0, 0.00, NULL, 0.00, '', '2013-11-21', '2013-11-21 19:48:29', NULL),
(128, 8, '2013-11-21 19:51:44', 3, 0, 0.00, NULL, 0.00, '', '2013-11-21', '2013-11-21 19:51:44', NULL),
(129, 8, '2013-11-21 20:01:00', 4, 0, 0.00, NULL, 0.00, '', '2013-11-21', '2013-11-21 20:01:00', NULL),
(130, 8, '2013-11-21 20:01:46', 5, 0, 0.00, NULL, 0.00, '', '2013-11-21', '2013-11-21 20:01:46', NULL),
(131, 8, '2013-11-21 20:08:08', 6, 0, 0.00, NULL, 0.00, '', '2013-11-21', '2013-11-21 20:08:08', NULL),
(132, 8, '2013-11-21 20:26:27', 7, 0, 0.00, NULL, 0.00, '', '2013-11-21', '2013-11-21 20:26:27', NULL),
(133, 10, '2013-11-21 20:28:27', 8, 0, 0.00, NULL, 0.00, '', '2013-11-21', '2013-11-21 23:31:04', NULL),
(134, 8, '2013-11-21 20:45:58', 9, 0, 0.00, NULL, 0.00, '', '2013-11-21', '2013-11-21 20:45:59', NULL),
(135, 8, '2013-11-23 19:41:59', 1, 0, 0.00, NULL, 0.00, '', '2013-11-23', '2013-11-23 19:42:00', NULL),
(136, 14, '2013-11-23 21:59:11', 2, 0, 0.00, NULL, 0.00, '', '2013-11-23', '2013-11-23 22:12:32', NULL),
(137, 25, '2013-11-23 22:13:13', 3, 0, 0.00, NULL, 0.00, '', '2013-11-23', '2013-11-23 22:13:57', NULL),
(138, 8, '2013-12-13 20:57:30', 1, 0, 0.00, NULL, 0.00, '', '2013-12-13', '2013-12-13 20:57:30', NULL),
(139, 8, '2013-12-17 14:08:45', 1, 0, 0.00, NULL, 0.00, '', '2013-12-17', '2013-12-17 14:08:45', NULL);

-- --------------------------------------------------------

--
-- Table structure for table `pedidosobservaciones`
--

CREATE TABLE IF NOT EXISTS `pedidosobservaciones` (
  `id` int(11) NOT NULL AUTO_INCREMENT,
  `pedido_id` int(11) DEFAULT NULL,
  `item_id` int(11) DEFAULT NULL,
  `producto_id` int(11) DEFAULT NULL,
  `productosobservacione_id` int(11) DEFAULT NULL,
  PRIMARY KEY (`id`)
) ENGINE=InnoDB  DEFAULT CHARSET=latin1 AUTO_INCREMENT=33 ;

--
-- Dumping data for table `pedidosobservaciones`
--

INSERT INTO `pedidosobservaciones` (`id`, `pedido_id`, `item_id`, `producto_id`, `productosobservacione_id`) VALUES
(1, 78, 539, 3, 3),
(2, 78, 540, 3, 2),
(4, 79, 542, 4, 5),
(5, 79, 544, 4, 4),
(6, 79, 543, 3, 2),
(7, 106, 549, 3, 2),
(8, 106, 549, 3, 3),
(9, 106, 550, 3, 1),
(10, 106, 550, 3, 2),
(11, 106, 551, 3, 2),
(12, 125, 561, 4, 4),
(18, 134, 584, 3, 2),
(19, 134, 585, 3, 2),
(20, 134, 585, 3, 3),
(21, 134, 583, 4, 4),
(22, 134, 583, 4, 5),
(30, 135, 591, 3, 1),
(31, 135, 591, 3, 3),
(32, 137, 607, 3, 2);

-- --------------------------------------------------------

--
-- Table structure for table `perfiles`
--

CREATE TABLE IF NOT EXISTS `perfiles` (
  `id` int(11) NOT NULL AUTO_INCREMENT,
  `nombre` varchar(50) NOT NULL,
  `descripcion` varchar(255) DEFAULT NULL,
  PRIMARY KEY (`id`)
) ENGINE=MyISAM  DEFAULT CHARSET=latin1 AUTO_INCREMENT=4 ;

--
-- Dumping data for table `perfiles`
--

INSERT INTO `perfiles` (`id`, `nombre`, `descripcion`) VALUES
(1, 'Administrador', NULL),
(2, 'mozo', NULL),
(3, 'Cobrador', 'Solo se encarga de cobrar');

-- --------------------------------------------------------

--
-- Table structure for table `porciones`
--

CREATE TABLE IF NOT EXISTS `porciones` (
  `id` int(11) NOT NULL AUTO_INCREMENT,
  `producto_id` int(11) NOT NULL,
  `insumo_id` int(11) NOT NULL,
  `cantidad` int(11) NOT NULL,
  PRIMARY KEY (`id`)
) ENGINE=MyISAM  DEFAULT CHARSET=latin1 AUTO_INCREMENT=133 ;

--
-- Dumping data for table `porciones`
--

INSERT INTO `porciones` (`id`, `producto_id`, `insumo_id`, `cantidad`) VALUES
(2, 2, 1, 2),
(3, 1, 1, 1),
(4, 1, 2, 1),
(29, 32, 24, 1),
(26, 15, 1, 2),
(30, 34, 28, 1),
(9, 18, 6, 1),
(10, 19, 1, 2),
(11, 19, 2, 1),
(12, 20, 7, 1),
(13, 21, 22, 1),
(14, 21, 23, 1),
(15, 21, 24, 1),
(17, 22, 9, 1),
(18, 23, 10, 1),
(19, 24, 4, 1),
(20, 24, 1, 1),
(27, 3, 1, 1),
(31, 4, 3, 1),
(32, 4, 4, 1),
(33, 5, 3, 1),
(34, 5, 1, 1),
(35, 6, 2, 1),
(36, 6, 4, 1),
(37, 8, 2, 1),
(38, 8, 3, 1),
(39, 7, 2, 1),
(40, 7, 1, 1),
(41, 10, 5, 1),
(42, 10, 4, 1),
(43, 11, 5, 1),
(44, 11, 3, 1),
(45, 12, 5, 1),
(46, 12, 2, 1),
(47, 9, 5, 1),
(48, 9, 1, 1),
(72, 14, 4, 2),
(50, 13, 3, 2),
(51, 16, 2, 2),
(52, 17, 5, 2),
(53, 41, 31, 1),
(54, 42, 32, 1),
(55, 44, 11, 1),
(56, 45, 29, 1),
(57, 46, 30, 1),
(58, 47, 33, 1),
(59, 48, 34, 1),
(60, 49, 14, 1),
(61, 50, 19, 1),
(62, 51, 17, 1),
(63, 52, 15, 1),
(64, 53, 18, 1),
(65, 54, 16, 1),
(121, 73, 87, 1),
(71, 55, 43, 1),
(73, 37, 1, 2),
(75, 58, 44, 1),
(76, 3, 4, 1),
(77, 59, 1, 1),
(78, 60, 54, 1),
(79, 27, 55, 4),
(80, 25, 1, 1),
(81, 25, 55, 3),
(82, 28, 1, 2),
(83, 29, 56, 1),
(84, 39, 57, 1),
(85, 61, 20, 1),
(86, 62, 61, 1),
(87, 63, 58, 1),
(88, 64, 59, 1),
(89, 65, 60, 1),
(90, 38, 21, 1),
(91, 30, 56, 1),
(92, 66, 20, 1),
(93, 67, 63, 1),
(94, 69, 45, 1),
(95, 31, 56, 1),
(123, 99, 83, 1),
(97, 74, 64, 1),
(98, 71, 65, 1),
(99, 72, 65, 1),
(100, 75, 64, 1),
(101, 83, 64, 1),
(102, 82, 64, 1),
(103, 81, 64, 1),
(104, 80, 64, 1),
(105, 79, 64, 1),
(106, 78, 64, 1),
(107, 77, 66, 1),
(108, 76, 67, 2),
(109, 33, 59, 1),
(110, 86, 12, 1),
(111, 87, 71, 1),
(112, 90, 72, 1),
(113, 91, 73, 1),
(114, 92, 74, 1),
(115, 93, 75, 1),
(116, 94, 76, 1),
(117, 95, 77, 1),
(118, 96, 78, 1),
(119, 97, 79, 1),
(120, 98, 80, 1),
(122, 40, 84, 1),
(124, 100, 88, 1),
(125, 101, 90, 1),
(126, 102, 91, 1),
(127, 103, 87, 1),
(128, 104, 1, 1),
(129, 105, 92, 1),
(130, 106, 94, 1),
(131, 107, 95, 1),
(132, 43, 86, 1);

-- --------------------------------------------------------

--
-- Table structure for table `productos`
--

CREATE TABLE IF NOT EXISTS `productos` (
  `id` int(11) NOT NULL AUTO_INCREMENT,
  `nombre` varchar(150) NOT NULL,
  `descripcion` varchar(500) DEFAULT NULL,
  `precio` float(15,2) NOT NULL DEFAULT '0.00',
  `categoria_id` int(11) NOT NULL,
  `estado` tinyint(1) DEFAULT '1',
  `insumo_id` int(11) NOT NULL DEFAULT '0',
  `orden` int(11) NOT NULL,
  PRIMARY KEY (`id`)
) ENGINE=MyISAM  DEFAULT CHARSET=latin1 AUTO_INCREMENT=108 ;

--
-- Dumping data for table `productos`
--

INSERT INTO `productos` (`id`, `nombre`, `descripcion`, `precio`, `categoria_id`, `estado`, `insumo_id`, `orden`) VALUES
(14, 'P. Cordero', '', 60.00, 1, 1, 0, 0),
(13, 'P. Laping', '', 60.00, 1, 1, 0, 0),
(3, 'Cordero Pollo', '', 60.00, 2, 1, 0, 0),
(4, 'Laping Cordero', '', 60.00, 2, 1, 0, 0),
(5, 'Laping Pollo', '', 60.00, 2, 1, 0, 0),
(6, 'Lechon Cordero', '', 60.00, 2, 1, 0, 0),
(7, 'Lechon Pollo', '', 60.00, 2, 1, 0, 0),
(8, 'Lechon Laping', '', 60.00, 2, 1, 0, 0),
(9, 'Pato Pollo', '', 60.00, 2, 1, 0, 0),
(10, 'Pato Cordero', '', 60.00, 2, 1, 0, 0),
(11, 'Pato Laping', '', 62.00, 2, 1, 0, 0),
(12, 'Pato Lechon', '', 62.00, 2, 1, 0, 0),
(15, 'P. Pollo', '', 60.00, 1, 1, 0, 0),
(16, 'P. Lechon', '', 60.00, 1, 1, 0, 0),
(17, 'P. Pato', '', 69.00, 1, 1, 0, 0),
(18, 'Coca Cola 1 Litro', '', 12.00, 10, 1, 6, 0),
(19, 'Silpancho', '', 40.00, 5, 0, 0, 0),
(20, 'Fanta 1 Litro', '', 12.00, 10, 1, 7, 0),
(21, 'Kallu', '', 15.00, 7, 1, 0, 0),
(22, 'Huari', '', 17.00, 11, 1, 9, 0),
(23, 'Pace&ntilde;a', '', 16.00, 11, 1, 10, 0),
(24, 'Hamburguesa Doble', 'sadf', 20.00, 8, 0, 0, 0),
(25, 'Picante Mixto', '', 60.00, 3, 1, 0, 0),
(27, 'Picante Lengua', '', 60.00, 3, 1, 0, 0),
(26, 'Picante Conejo', '', 60.00, 3, 0, 0, 0),
(29, 'Picante Conejo', '', 50.00, 3, 1, 0, 0),
(30, 'Lambreado Conejo', '', 50.00, 5, 1, 0, 0),
(31, 'Chanka Conejo', '', 50.00, 5, 1, 0, 0),
(32, 'Quesillo', '', 8.00, 7, 1, 24, 0),
(33, 'Pique', '', 60.00, 5, 1, 0, 0),
(34, 'Sprite 1 Litro', '', 12.00, 10, 1, 28, 0),
(35, 'Chanka de Pollo', '', 50.00, 5, 0, 0, 0),
(36, 'Lambreado', '', 50.00, 5, 0, 0, 0),
(37, 'Charke', '', 60.00, 5, 1, 0, 0),
(38, 'Mote de Haba', '', 12.00, 7, 1, 0, 0),
(39, 'Salchipapa', '', 25.00, 8, 1, 0, 0),
(40, 'Pollo Dorado', '', 25.00, 8, 1, 0, 0),
(41, 'Coca Cola Zero 2 Litros', '', 18.00, 10, 1, 31, 0),
(42, 'Coca Cola Zero 1/2 Litro', '', 7.00, 10, 1, 32, 0),
(43, 'Sopa Para Bebe', '', 10.00, 8, 1, 0, 0),
(44, 'Taqui&ntilde;a', 'cerveza cochabambina', 16.00, 11, 1, 11, 0),
(45, 'Agua Mineral 1/2 Litro', '', 6.00, 10, 1, 29, 0),
(46, 'Agua Mineral 2 Litros ', NULL, 12.00, 10, 1, 30, 0),
(47, 'Agua C/G Mineral 1/2 Litro ', NULL, 6.00, 10, 0, 33, 0),
(48, 'Agua Mineral C/G 2 Litros', '', 12.00, 10, 1, 34, 0),
(49, 'Durazno', NULL, 15.00, 15, 1, 14, 0),
(50, 'Guayaba', NULL, 15.00, 15, 1, 19, 0),
(51, 'Guinda', '', 15.00, 15, 1, 17, 0),
(52, 'Manzana', NULL, 15.00, 15, 1, 15, 0),
(53, 'Tamarindo', NULL, 15.00, 15, 1, 18, 0),
(54, 'Tumbo', NULL, 15.00, 15, 1, 16, 0),
(55, 'Chicle Top Line', '', 2.00, 8, 1, 43, 0),
(56, 'picante de pollo', 'consta de medio pollo con una porcion de arroz,papa,chuo y su ensalada de cebolla con tomate', 60.00, 3, 0, 0, 0),
(58, 'cabernet sauvignon arcangel', '', 180.00, 23, 0, 44, 0),
(59, 'Empanada de charque', 'empanada frita con charque', 12.00, 8, 0, 0, 0),
(60, 'Bi-cervecina Inca', NULL, 15.00, 11, 1, 54, 0),
(61, 'Garapina en Jarra', NULL, 15.00, 12, 1, 20, 0),
(62, 'platano', '', 1.00, 19, 1, 61, 0),
(63, 'arroz', NULL, 6.00, 19, 1, 58, 0),
(64, 'papa', NULL, 5.00, 19, 1, 59, 0),
(65, 'camote', NULL, 5.00, 19, 0, 60, 0),
(66, 'Balon de garapina', 'copa de garapina', 6.00, 12, 1, 0, 0),
(67, 'Choclo', NULL, 5.00, 19, 1, 63, 0),
(68, 'Cordero Pollo', 'mixto cordero pollo', 60.00, 0, 0, 0, 0),
(69, 'Copa de vino', 'copa de vino', 10.00, 20, 0, 0, 0),
(70, 'POSTR viva vinto', 'helado', 20.00, 0, 1, 0, 0),
(71, 'REFRESCO LIMON', 'JUGOS', 20.00, 13, 1, 0, 0),
(72, ' REFRESCOS MARACUYA', 'REFRESCOS', 20.00, 13, 0, 0, 0),
(73, 'REFRESCO TUMBO', '', 20.00, 0, 1, 0, 0),
(74, 'sunday', 'postre', 20.00, 20, 1, 0, 0),
(75, 'PITUFO', '1porcion de helado, crema, cherry, galletas', 7.00, 20, 1, 0, 0),
(76, 'ENSALADA DE FRUTAS', 'variedad de frutas, glatina, crema, cherry, galletas', 12.00, 0, 1, 0, 0),
(77, 'GELATINA', 'crema, cherry, gelatina', 5.00, 0, 1, 0, 0),
(78, 'PIPOSITOS', '2 porciones de helado, crema, cherry, gomitas de osito, galletas', 15.00, 0, 1, 0, 0),
(79, 'GUSANITO', '4 porciones de helado, crema, cherry, durazno al jugo, chispas de colores ', 20.00, 0, 1, 0, 0),
(80, 'VIENNESSA', '4 porciones de helado de vainilla, bano de cafe, crema,cherry, galletas', 20.00, 20, 1, 0, 0),
(81, 'TURRON ESPANOL', '4 porciones de helado, ron, crema, cherry verde, mani azucarado, galletas', 20.00, 20, 1, 0, 0),
(82, 'MELVA', 'gelatina, variedad de frutas, tres porciones de helado, crema, galletas ', 20.00, 20, 1, 0, 0),
(83, 'Copa viva vinto', '', 20.00, 0, 1, 0, 0),
(84, 'chuflay', 'singani, jugo de limon, hielo, gaseosa', 18.00, 14, 1, 0, 0),
(85, 'Cuba Libre', '', 18.00, 0, 1, 0, 0),
(86, 'Cordillera', NULL, 15.00, 11, 1, 12, 0),
(87, 'Caipirinha', '', 15.00, 14, 1, 0, 0),
(90, 'cabernet sauvignon  cepas de altura2001', NULL, 320.00, 23, 1, 72, 0),
(91, 'cabernet sauvignon vino altura 2008', NULL, 120.00, 23, 1, 73, 0),
(92, 'cabernet sauvignon arcangel', NULL, 180.00, 23, 1, 74, 0),
(93, 'clasico de mesa ', NULL, 60.00, 24, 1, 75, 0),
(94, 'cabernet sauvignon  2009 -2010', NULL, 110.00, 24, 1, 76, 0),
(95, 'cabernet sauvignon 2008', NULL, 120.00, 24, 1, 77, 0),
(96, 'mertol 2008-2009-2010', NULL, 120.00, 24, 1, 78, 0),
(97, 'malbec 2006 - 2007 ', NULL, 120.00, 24, 1, 79, 0),
(98, 'malbec 2009 - 2010', NULL, 110.00, 24, 1, 80, 0),
(99, 'Chanka de Pollo', '', 50.00, 5, 1, 83, 0),
(100, 'whiscky', NULL, 35.00, 14, 1, 88, 0),
(101, 'plato vegetariano', '', 35.00, 5, 1, 90, 0),
(102, 'porcion de camote', NULL, 6.00, 19, 1, 91, 0),
(103, 'refresco de tumbo', NULL, 20.00, 13, 1, 87, 0),
(104, 'P. 1/2 DE POLLO', '', 40.00, 1, 1, 0, 0),
(105, 'cerverza real', NULL, 15.00, 11, 1, 92, 0),
(106, 'cafe', NULL, 5.00, 20, 1, 94, 0),
(107, 'te', NULL, 5.00, 20, 1, 95, 0);

-- --------------------------------------------------------

--
-- Table structure for table `productosobservaciones`
--

CREATE TABLE IF NOT EXISTS `productosobservaciones` (
  `id` int(11) NOT NULL AUTO_INCREMENT,
  `producto_id` int(11) NOT NULL,
  `observacion` varchar(500) NOT NULL,
  `estado` int(2) NOT NULL DEFAULT '1',
  PRIMARY KEY (`id`),
  KEY `id` (`id`)
) ENGINE=MyISAM  DEFAULT CHARSET=latin1 AUTO_INCREMENT=6 ;

--
-- Dumping data for table `productosobservaciones`
--

INSERT INTO `productosobservaciones` (`id`, `producto_id`, `observacion`, `estado`) VALUES
(1, 3, 'Pollo Pecho', 1),
(2, 3, 'Pollo Pierna', 1),
(3, 3, 'Sin Camote', 1),
(4, 4, 'Solo ensalada', 1),
(5, 4, 'Sin camote', 1);

-- --------------------------------------------------------

--
-- Table structure for table `recibos`
--

CREATE TABLE IF NOT EXISTS `recibos` (
  `id` int(11) NOT NULL AUTO_INCREMENT,
  `pedido_id` int(11) DEFAULT NULL,
  `nombre` varchar(150) DEFAULT NULL,
  `total` float(10,2) DEFAULT NULL,
  `totaldescuento` decimal(10,2) DEFAULT NULL,
  `descuento` float(10,2) DEFAULT NULL,
  `efectivo` decimal(10,2) DEFAULT NULL,
  `cambio` decimal(10,2) DEFAULT NULL,
  `created` date DEFAULT NULL,
  PRIMARY KEY (`id`)
) ENGINE=MyISAM  DEFAULT CHARSET=latin1 AUTO_INCREMENT=62 ;

--
-- Dumping data for table `recibos`
--

INSERT INTO `recibos` (`id`, `pedido_id`, `nombre`, `total`, `totaldescuento`, `descuento`, `efectivo`, `cambio`, `created`) VALUES
(1, NULL, 'Herrera', NULL, NULL, NULL, NULL, NULL, '2012-10-04'),
(2, NULL, 'Herrera', 32.00, NULL, 0.00, NULL, NULL, '2012-10-04'),
(3, 137, 'MIRANDA', 75.00, NULL, 0.10, 100.00, 25.00, NULL),
(4, 137, 'MIRANDA', 75.00, NULL, 0.10, 70.00, 2.50, NULL),
(5, 136, 'HERRERA', 75.00, NULL, 0.00, 100.00, 25.00, NULL),
(6, 138, 'HERRERA', 75.00, NULL, 0.10, 100.00, 32.50, '2013-02-24'),
(7, 138, 'ana', 75.00, NULL, 0.10, 100.00, 32.50, '2013-02-24'),
(8, 138, 'ana', 75.00, 67.50, 0.10, 100.00, 32.50, '2013-02-24'),
(9, 138, 'ana', 75.00, 67.50, 0.10, 100.00, 32.50, '2013-02-24'),
(10, 138, 'ana', 75.00, 67.50, 0.10, 100.00, 32.50, '2013-02-24'),
(11, 136, 'JUANA', 75.00, 67.50, 0.10, 100.00, 32.50, '2013-02-24'),
(12, 153, 'CRISTIAM HERRERA', 75.00, 67.50, 0.10, 100.00, 32.50, '2013-02-24'),
(13, 166, 'FERNANDEZ', 255.00, 229.50, 0.10, 300.00, 70.50, '2013-03-02'),
(14, 1, '', 660.00, 528.00, 0.20, 670.00, 142.00, '2013-03-05'),
(15, 37, 'CARLOS CASTRO', 3630.00, 0.00, 0.00, 3700.00, 70.00, '2013-03-05'),
(16, 46, 'GHHHH', 360.00, 0.00, 0.00, 400.00, 40.00, '2013-03-05'),
(17, 22, 'ninguno', 60.00, 0.00, 0.00, 60.00, 0.00, '2013-03-11'),
(18, 8, 'vinto', 350.00, 0.00, 0.00, 400.00, 50.00, '2013-03-16'),
(19, 6, 'vinto', 197.00, 0.00, 0.00, 200.00, 3.00, '2013-03-16'),
(20, 18, 'vinto', 114.00, 0.00, 0.00, 200.00, 86.00, '2013-03-16'),
(21, 12, 'vinto', 135.00, 0.00, 0.00, 150.00, 15.00, '2013-03-16'),
(22, 5, '', 135.00, 0.00, 0.00, 200.00, 65.00, '2013-03-16'),
(23, 21, 'vinto', 91.00, 0.00, 0.00, 100.00, 9.00, '2013-03-16'),
(24, 19, 'vinto', 167.00, 0.00, 0.00, 200.00, 33.00, '2013-03-16'),
(25, 14, 'vinto', 283.00, 0.00, 0.00, 300.00, 17.00, '2013-03-16'),
(26, 24, 'vinto', 75.00, 0.00, 0.00, 100.00, 25.00, '2013-03-16'),
(27, 10, 'vinto', 301.00, 0.00, 0.00, 320.00, 19.00, '2013-03-23'),
(28, 1, 'vinto', 232.00, 0.00, 0.00, 250.00, 18.00, '2013-03-23'),
(29, 2, 'vinto', 665.00, 0.00, 0.00, 700.00, 35.00, '2013-03-23'),
(30, 3, 'vinto', 208.00, 0.00, 0.00, 250.00, 42.00, '2013-03-23'),
(31, 4, 'vinto', 85.00, 0.00, 0.00, 100.00, 15.00, '2013-03-23'),
(32, 8, 'vinto', 243.00, 0.00, 0.00, 250.00, 7.00, '2013-03-23'),
(33, 11, 'vinto', 396.00, 0.00, 0.00, 400.00, 4.00, '2013-03-23'),
(34, 12, 'vinto', 128.00, 0.00, 0.00, 200.00, 72.00, '2013-03-23'),
(35, 13, 'vinto', 72.00, 0.00, 0.00, 100.00, 28.00, '2013-03-23'),
(36, 15, 'vinto', 125.00, 0.00, 0.00, 150.00, 25.00, '2013-03-23'),
(37, 18, 'vinto', 660.00, 0.00, 0.00, 660.00, 0.00, '2013-03-23'),
(38, 1, 'vinto', 167.00, 0.00, 0.00, 200.00, 33.00, '2013-03-24'),
(39, 38, 'vinto', 40.00, 0.00, 0.00, 50.00, 10.00, '2013-03-24'),
(40, 10, 'vinto', 209.00, 0.00, 0.00, 210.00, 1.00, '2013-03-24'),
(41, 9, 'vinto', 337.00, 0.00, 0.00, 400.00, 63.00, '2013-03-24'),
(42, 17, 'vinto', 341.00, 0.00, 0.00, 350.00, 9.00, '2013-03-24'),
(43, 15, 'vinto', 117.00, 0.00, 0.00, 120.00, 3.00, '2013-03-24'),
(44, 12, 'vinto', 247.00, 0.00, 0.00, 250.00, 3.00, '2013-03-24'),
(45, 11, 'vinto', 158.00, 0.00, 0.00, NULL, 0.00, '2013-03-24'),
(46, 27, 'vinto', 212.00, 0.00, 0.00, NULL, 0.00, '2013-03-24'),
(47, 28, 'vinto', 134.00, 0.00, 0.00, NULL, 0.00, '2013-03-24'),
(48, 28, 'vinto', 134.00, 0.00, 0.00, 150.00, 16.00, '2013-03-24'),
(49, 36, 'vinto', 75.00, 0.00, 0.00, 90.00, 15.00, '2013-03-24'),
(50, 30, 'vinto', 134.00, 0.00, 0.00, 150.00, 16.00, '2013-03-24'),
(51, 34, 'vinto', 341.00, 0.00, 0.00, 350.00, 9.00, '2013-03-24'),
(52, 31, 'vinto', 254.00, 0.00, 0.00, 300.00, 46.00, '2013-03-24'),
(53, 35, 'vinto', 272.00, 0.00, 0.00, 300.00, 28.00, '2013-03-24'),
(54, 25, 'vinto', 482.00, 0.00, 0.00, 500.00, 18.00, '2013-03-24'),
(55, 42, 'vinto', 102.00, 0.00, 0.00, 200.00, 98.00, '2013-03-24'),
(56, 41, 'vinto', 202.00, 0.00, 0.00, 202.00, 0.00, '2013-03-24'),
(57, 39, 'vinto', 401.00, 0.00, 0.00, 401.00, 0.00, '2013-03-24'),
(58, 51, 'vinto', 68.00, 0.00, 0.00, 100.00, 32.00, '2013-03-24'),
(59, 44, 'vinto', 154.00, 0.00, 0.00, 160.00, 6.00, '2013-03-24'),
(60, 4, 'vinto', 207.00, 0.00, 0.00, 210.00, 3.00, '2013-03-24'),
(61, 54, 'vinto', 212.00, 0.00, 0.00, 300.00, 88.00, '2013-03-24');

-- --------------------------------------------------------

--
-- Table structure for table `reservas`
--

CREATE TABLE IF NOT EXISTS `reservas` (
  `id` int(11) unsigned NOT NULL AUTO_INCREMENT,
  `cliente_id` int(11) NOT NULL,
  `tipoevento_id` int(11) NOT NULL,
  `cantidad_personas` int(5) NOT NULL DEFAULT '0',
  `fecha` datetime NOT NULL,
  `observaciones` text,
  PRIMARY KEY (`id`)
) ENGINE=MyISAM  DEFAULT CHARSET=utf8 AUTO_INCREMENT=17 ;

--
-- Dumping data for table `reservas`
--

INSERT INTO `reservas` (`id`, `cliente_id`, `tipoevento_id`, `cantidad_personas`, `fecha`, `observaciones`) VALUES
(1, 2, 2, 24, '2012-08-22 16:22:07', NULL),
(9, 6, 2, 56, '2012-08-26 15:45:00', 'asdf'),
(8, 2, 2, 23, '2012-08-15 17:45:00', 'asdf'),
(10, 3, 8, 40, '2012-09-15 15:15:00', ''),
(11, 2, 5, 50, '2012-09-15 15:15:00', ''),
(12, 6, 2, 50, '2012-09-29 15:00:00', 'Cancelo anticipo del 50%'),
(13, 5, 5, 9, '2012-09-15 14:30:00', 'CFGFC'),
(14, 2, 5, 5, '2012-09-10 16:15:00', 'bdbd'),
(15, 3, 2, 100, '2012-09-19 16:30:00', 'sdsdfc'),
(16, 2, 10, 200, '2012-10-10 11:30:00', '');

-- --------------------------------------------------------

--
-- Table structure for table `retrasos`
--

CREATE TABLE IF NOT EXISTS `retrasos` (
  `id` int(11) NOT NULL AUTO_INCREMENT,
  `usuario_id` int(11) DEFAULT NULL,
  `horas` int(2) DEFAULT NULL,
  `minutos` int(2) DEFAULT NULL,
  `descuento` float(8,2) DEFAULT NULL,
  `fecha` date DEFAULT NULL,
  PRIMARY KEY (`id`)
) ENGINE=MyISAM  DEFAULT CHARSET=latin1 AUTO_INCREMENT=8 ;

--
-- Dumping data for table `retrasos`
--

INSERT INTO `retrasos` (`id`, `usuario_id`, `horas`, `minutos`, `descuento`, `fecha`) VALUES
(1, 2, 14, 25, 100.00, '2012-09-07'),
(2, 2, 4, 20, 100.00, '2012-09-10'),
(3, 2, 6, 51, 100.00, '2012-09-17'),
(4, 2, 11, 14, 100.00, '2012-09-18'),
(5, 2, 5, 32, 100.00, '2012-09-21'),
(6, 2, 14, 0, 100.00, '2012-10-05'),
(7, 3, 14, 4, 100.00, '2012-10-05');

-- --------------------------------------------------------

--
-- Table structure for table `sucursales`
--

CREATE TABLE IF NOT EXISTS `sucursales` (
  `id` int(11) NOT NULL AUTO_INCREMENT,
  `nombre` varchar(200) DEFAULT NULL,
  `direccion` varchar(255) DEFAULT NULL,
  `departamento_id` int(20) DEFAULT NULL,
  PRIMARY KEY (`id`)
) ENGINE=InnoDB  DEFAULT CHARSET=latin1 AUTO_INCREMENT=2 ;

--
-- Dumping data for table `sucursales`
--

INSERT INTO `sucursales` (`id`, `nombre`, `direccion`, `departamento_id`) VALUES
(1, 'VIVA VINTO', 'AV. VINTO #123', 2);

-- --------------------------------------------------------

--
-- Table structure for table `tipoeventos`
--

CREATE TABLE IF NOT EXISTS `tipoeventos` (
  `id` int(11) NOT NULL AUTO_INCREMENT,
  `nombre` varchar(50) NOT NULL,
  `descripcion` text,
  `estado` int(1) NOT NULL DEFAULT '1',
  PRIMARY KEY (`id`)
) ENGINE=MyISAM  DEFAULT CHARSET=latin1 AUTO_INCREMENT=11 ;

--
-- Dumping data for table `tipoeventos`
--

INSERT INTO `tipoeventos` (`id`, `nombre`, `descripcion`, `estado`) VALUES
(5, 'Matrimonio', '', 1),
(2, 'Bautizo', NULL, 1),
(3, 'Cena', '', 1),
(4, 'Cumpleanos', '', 1),
(6, 'Almuerzo', '', 1),
(7, 'Bautizo universitario', '', 1),
(8, 'Evento demo', '', 1),
(9, 'Recepcion social', 'Reuniones especiales', 1),
(10, 'Evento de Prueba', 'Aqui la descripcion', 1);

-- --------------------------------------------------------

--
-- Table structure for table `tipos`
--

CREATE TABLE IF NOT EXISTS `tipos` (
  `id` int(11) NOT NULL AUTO_INCREMENT,
  `nombre` varchar(50) NOT NULL,
  `descripcion` text,
  `tipo` varchar(50) DEFAULT NULL,
  `estado` int(1) NOT NULL DEFAULT '1',
  PRIMARY KEY (`id`)
) ENGINE=MyISAM  DEFAULT CHARSET=latin1 AUTO_INCREMENT=21 ;

--
-- Dumping data for table `tipos`
--

INSERT INTO `tipos` (`id`, `nombre`, `descripcion`, `tipo`, `estado`) VALUES
(1, 'Alimentos', 'Obas alimentos', NULL, 1),
(2, 'Casa Real', '', NULL, 1),
(3, 'Vino Dulce', '', NULL, 1),
(4, 'Refrescos 1 Litro', '', NULL, 1),
(5, 'Vajillas', '', NULL, 1),
(6, 'Cerveza', '', NULL, 1),
(7, 'Jugos Del Valle', '', NULL, 1),
(8, 'Bebidas Locales', '', NULL, 1),
(9, 'Para Picar', '', NULL, 1),
(10, 'Vegetales', '', NULL, 1),
(11, 'Electronicos', 'Equipos de Computacion', NULL, 1),
(12, 'Agua', '', NULL, 1),
(13, 'Refrescos 2 Litros', '', NULL, 1),
(14, 'Refrescos 1/2 Litro', '', NULL, 1),
(15, 'Golosinas', '', NULL, 0),
(16, 'Golosinas', '', NULL, 1),
(17, 'vino tinto', '', NULL, 1),
(18, 'vino blanco', '', NULL, 1),
(19, 'singani', '', NULL, 1),
(20, 'postres', '', NULL, 1);

-- --------------------------------------------------------

--
-- Table structure for table `users`
--

CREATE TABLE IF NOT EXISTS `users` (
  `id` int(10) unsigned NOT NULL AUTO_INCREMENT,
  `username` varchar(50) DEFAULT NULL,
  `nombre` varchar(50) DEFAULT NULL,
  `ci` varchar(15) DEFAULT NULL,
  `direccion` varchar(500) DEFAULT NULL,
  `celular` varchar(50) DEFAULT NULL,
  `password` varchar(50) DEFAULT NULL,
  `codigo` varchar(15) DEFAULT NULL,
  `ambiente_id` int(11) DEFAULT NULL,
  `role` varchar(20) DEFAULT NULL,
  `created` datetime DEFAULT NULL,
  `modified` datetime DEFAULT NULL,
  PRIMARY KEY (`id`)
) ENGINE=InnoDB  DEFAULT CHARSET=latin1 AUTO_INCREMENT=39 ;

--
-- Dumping data for table `users`
--

INSERT INTO `users` (`id`, `username`, `nombre`, `ci`, `direccion`, `celular`, `password`, `codigo`, `ambiente_id`, `role`, `created`, `modified`) VALUES
(2, 'cherrera', 'Cristiam Herrera Daza', NULL, 'Calle yanacocha #123', '73253830', '8a1f83f11914d00b6e317a46ea01b0eda569d9c0', NULL, NULL, 'Administrador', '2013-02-26 01:43:46', '2013-02-26 01:43:46'),
(3, 'adriana1', 'Adriana Miranda de Herrera', NULL, 'Calle uno', '34123', '8a1f83f11914d00b6e317a46ea01b0eda569d9c0', NULL, NULL, 'Cajero', '2013-02-26 01:51:49', '2013-03-16 17:08:04'),
(4, 'adolfo', 'Adolfo Guillen Vargas', NULL, 'Viva Vinto', '6052323', '8a1f83f11914d00b6e317a46ea01b0eda569d9c0', NULL, NULL, 'Administrador', '2013-02-26 02:02:20', '2013-02-26 02:02:20'),
(5, 'aquiroga', 'Anabel Quiroga', NULL, 'Calle uno', '79', '139060fd4013d96b9acd2593f6bf483dcfe456e2', '1333', NULL, 'Administrador', '2013-03-02 02:07:26', '2013-03-05 04:16:11'),
(7, 'cguillen', 'Cristhian Guillen', NULL, '', '', 'bef2486a9b03cc8bdb87564c74d23501388263c6', '1111', NULL, 'Moso', '2013-03-05 04:18:57', '2013-10-21 19:30:59'),
(8, 'leonel', 'Leonel', NULL, 'dfsfsf', '4324324', '139060fd4013d96b9acd2593f6bf483dcfe456e2', '2222', 1, 'jefe', '2013-03-05 12:55:41', '2013-10-22 22:11:36'),
(9, 'aurora', 'Josue', NULL, 'Vinto barrio Litoral ', '45365346', '139060fd4013d96b9acd2593f6bf483dcfe456e2', '71', NULL, 'Moso', '2013-03-05 12:56:24', '2013-03-16 18:29:03'),
(10, 'cristian', 'Rodrigo', NULL, '', '', '139060fd4013d96b9acd2593f6bf483dcfe456e2', '07', NULL, 'Moso', '2013-03-05 12:57:03', '2013-03-05 12:57:03'),
(11, 'sergio', 'Sergio', NULL, '', '', '139060fd4013d96b9acd2593f6bf483dcfe456e2', '87', NULL, 'Moso', '2013-03-05 12:57:25', '2013-03-05 12:57:25'),
(12, 'maria', 'Maria', NULL, '', '', '139060fd4013d96b9acd2593f6bf483dcfe456e2', '15', NULL, 'Moso', '2013-03-05 12:57:48', '2013-03-05 12:57:48'),
(13, 'rudi', 'Rudi', NULL, '', '', '139060fd4013d96b9acd2593f6bf483dcfe456e2', '05', NULL, 'Moso', '2013-03-05 13:00:11', '2013-03-05 13:00:11'),
(14, 'wilber', 'Wilber', NULL, '', '', '139060fd4013d96b9acd2593f6bf483dcfe456e2', '8888', NULL, 'Moso', '2013-03-05 13:00:32', '2013-03-05 13:00:32'),
(15, 'crisguillen', 'Cristhian Guillen', NULL, '', '', 'a50374dd03e66039795d92f49c25fc4c7ce50d23', '', NULL, 'Administrador', '2013-03-05 13:08:44', '2013-03-05 13:08:44'),
(17, 'jmamani', 'Juan Perez Mamani', NULL, 'calle costa rica 123', '123424', 'bef2486a9b03cc8bdb87564c74d23501388263c6', '', NULL, 'Almacenes', '2013-03-16 13:06:50', '2013-03-16 13:06:50'),
(18, 'adriana', 'Adriana Zambrana Sanchez', NULL, 'Avenida Martin Cardenas #09', '72224249', 'e682e077c1b972417541645f9f0b6f0085bd021f', '', NULL, 'Cajero', '2013-03-16 17:09:05', '2013-10-22 21:43:17'),
(19, 'llevar', 'PARA LLEVAR', NULL, '', '', '139060fd4013d96b9acd2593f6bf483dcfe456e2', '2233', NULL, 'Moso', '2013-03-17 16:34:10', '2013-03-17 16:34:10'),
(20, 'omar', 'OMAR', NULL, '', '', '139060fd4013d96b9acd2593f6bf483dcfe456e2', '9999', NULL, 'Moso', '2013-03-17 17:21:59', '2013-03-17 17:21:59'),
(22, 'edson1', 'Edson ', NULL, 'Sexta Parte ', '77497377', '139060fd4013d96b9acd2593f6bf483dcfe456e2', '33', NULL, 'Moso', '2013-03-23 18:46:49', '2013-03-23 18:46:49'),
(23, 'ninoska1', 'Ninoska Balderrama', NULL, 'Km 6 y 1/2', '75980072', '139060fd4013d96b9acd2593f6bf483dcfe456e2', '2412', NULL, 'Moso', '2013-03-23 19:27:02', '2013-03-23 19:27:02'),
(24, 'cherrera2', 'Cristiam Herrera Daza', NULL, '', '', 'f8fa53bd31339f8d85f795f1046fb49c7dc66bff', '', NULL, 'Administrador', '2013-03-23 19:27:35', '2013-03-23 19:27:35'),
(25, 'ruth1', 'Ruth Cespedes', NULL, 'Zona Sipe Sipe ', '70351468', '139060fd4013d96b9acd2593f6bf483dcfe456e2', '321', NULL, 'Moso', '2013-03-23 19:28:52', '2013-03-23 19:28:52'),
(26, 'kiki', 'juan adolfo guillen ', NULL, '', '', '5d302b5059ac08fce1e90da55c725e1565af71bd', '', NULL, 'Administrador', '2013-03-23 21:51:23', '2013-03-23 21:51:23'),
(27, 'kiki', 'juan adolfo guillen ', NULL, '', '', '473dbee4f05e7dae10d8631d9cc751d17b27280f', '', NULL, 'Administrador', '2013-03-23 21:53:49', '2013-03-23 21:53:49'),
(38, 'pperez', 'pepito perez', '63765332', 'calle 12 de octubre', '67637632', '1c2659ff166de61eded5bfa4ea6057f7231f7c5f', '', NULL, 'Moso', '2013-12-17 16:37:26', '2013-12-17 16:44:05');

-- --------------------------------------------------------

--
-- Table structure for table `usuarios`
--

CREATE TABLE IF NOT EXISTS `usuarios` (
  `id` int(11) NOT NULL AUTO_INCREMENT,
  `nombre` varchar(50) NOT NULL,
  `direccion` varchar(200) DEFAULT NULL,
  `usuario` varchar(50) DEFAULT NULL,
  `pass` varchar(50) DEFAULT NULL,
  `codigo` varchar(10) DEFAULT NULL,
  `perfile_id` int(11) DEFAULT NULL,
  `sucursal_id` int(11) DEFAULT NULL,
  `estado_id` int(11) DEFAULT NULL,
  PRIMARY KEY (`id`)
) ENGINE=MyISAM  DEFAULT CHARSET=latin1 AUTO_INCREMENT=12 ;

--
-- Dumping data for table `usuarios`
--

INSERT INTO `usuarios` (`id`, `nombre`, `direccion`, `usuario`, `pass`, `codigo`, `perfile_id`, `sucursal_id`, `estado_id`) VALUES
(1, 'Juan Perez', 'calle uno', 'jperez', '63982e54a7aeb0d89910475ba6dbd3ca6dd4e5a1', '1111', 2, 1, 1),
(2, 'Carlos Flores B.', 'calle uno', 'cflores', '62e5b45919a9ae30db2271432bb800d8d0aabb6d', '2222', 2, 1, 1),
(3, 'Abdon Pinto', 'calle uno', 'apinto', '40a89c3119995f9898d4d4ad156047608e582ef4', '3333', 2, 1, 1),
(5, 'Adolfo Guillen', 'C. Arapata 123', 'vinto', 'd033e22ae348aeb5660fc2140aec35850c4da997', '', 1, 1, 2),
(9, 'Cristiam Herrera Daza', 'Calle Yanacocha #123', 'cristiamherrera', '7c222fb2927d828af22f592134e8932480637c0d', '9999', 2, NULL, 1),
(10, 'Alvaro Guerra', 'Calle Junin', 'alvaro', 'da39a3ee5e6b4b0d3255bfef95601890afd80709', '6666', 2, NULL, 2),
(11, 'Cristina Guillen', 'Calle 3', 'cristina', '40bd001563085fc35165329ea1ff5c5ecbdbbeef', '2345', 3, NULL, 1);

-- --------------------------------------------------------

--
-- Table structure for table `usuarios2`
--

CREATE TABLE IF NOT EXISTS `usuarios2` (
  `id` int(11) NOT NULL AUTO_INCREMENT,
  `nombre` varchar(50) NOT NULL,
  `direccion` varchar(200) DEFAULT NULL,
  `usuario` varchar(50) NOT NULL,
  `pass` varchar(50) NOT NULL,
  `codigo` varchar(10) DEFAULT NULL,
  `perfile_id` int(11) NOT NULL,
  PRIMARY KEY (`id`)
) ENGINE=MyISAM  DEFAULT CHARSET=latin1 AUTO_INCREMENT=4 ;

--
-- Dumping data for table `usuarios2`
--

INSERT INTO `usuarios2` (`id`, `nombre`, `direccion`, `usuario`, `pass`, `codigo`, `perfile_id`) VALUES
(1, 'Juan Perez', 'calle uno', 'jperez', '81dc9bdb52d04dc20036dbd8313ed055', '1111', 1),
(2, 'Carlos Flores', 'calle uno', 'cflores', '81dc9bdb52d04dc20036dbd8313ed055', '2222', 1),
(3, 'Abdon Pinto', 'calle uno', 'apinto', '81dc9bdb52d04dc20036dbd8313ed055', '3333', 1);

/*!40101 SET CHARACTER_SET_CLIENT=@OLD_CHARACTER_SET_CLIENT */;
/*!40101 SET CHARACTER_SET_RESULTS=@OLD_CHARACTER_SET_RESULTS */;
/*!40101 SET COLLATION_CONNECTION=@OLD_COLLATION_CONNECTION */;
