-- phpMyAdmin SQL Dump
-- version 3.5.5
-- http://www.phpmyadmin.net
--
-- Host: localhost
-- Generation Time: Feb 23, 2013 at 08:50 PM
-- Server version: 5.5.16
-- PHP Version: 5.3.8

SET SQL_MODE="NO_AUTO_VALUE_ON_ZERO";
SET time_zone = "+00:00";


/*!40101 SET @OLD_CHARACTER_SET_CLIENT=@@CHARACTER_SET_CLIENT */;
/*!40101 SET @OLD_CHARACTER_SET_RESULTS=@@CHARACTER_SET_RESULTS */;
/*!40101 SET @OLD_COLLATION_CONNECTION=@@COLLATION_CONNECTION */;
/*!40101 SET NAMES utf8 */;

--
-- Database: `sisvinto`
--

-- --------------------------------------------------------

--
-- Table structure for table `acos`
--

CREATE TABLE IF NOT EXISTS `acos` (
  `id` int(10) NOT NULL AUTO_INCREMENT,
  `parent_id` int(10) DEFAULT NULL,
  `model` varchar(255) DEFAULT NULL,
  `foreign_key` int(10) DEFAULT NULL,
  `alias` varchar(255) DEFAULT NULL,
  `lft` int(10) DEFAULT NULL,
  `rght` int(10) DEFAULT NULL,
  PRIMARY KEY (`id`)
) ENGINE=MyISAM DEFAULT CHARSET=latin1 AUTO_INCREMENT=1 ;

-- --------------------------------------------------------

--
-- Table structure for table `almacen`
--

CREATE TABLE IF NOT EXISTS `almacen` (
  `id` int(11) NOT NULL AUTO_INCREMENT,
  `insumo_id` int(11) NOT NULL,
  `preciocompra` float(15,2) NOT NULL DEFAULT '0.00',
  `ingreso` int(11) NOT NULL DEFAULT '0',
  `salida` int(11) NOT NULL DEFAULT '0',
  `total` int(11) NOT NULL DEFAULT '0',
  `fecha` date NOT NULL,
  `lugar` varchar(255) NOT NULL,
  `observaciones` varchar(500) DEFAULT NULL,
  `usuario_id` int(11) DEFAULT NULL,
  PRIMARY KEY (`id`)
) ENGINE=MyISAM  DEFAULT CHARSET=latin1 AUTO_INCREMENT=112 ;

--
-- Dumping data for table `almacen`
--

INSERT INTO `almacen` (`id`, `insumo_id`, `preciocompra`, `ingreso`, `salida`, `total`, `fecha`, `lugar`, `observaciones`, `usuario_id`) VALUES
(1, 1, 0.00, 0, 0, 0, '2012-09-21', '', NULL, 1),
(2, 2, 0.00, 0, 0, 0, '2012-09-21', '', NULL, 1),
(3, 3, 0.00, 0, 0, 0, '2012-09-21', '', NULL, 1),
(4, 4, 0.00, 0, 0, 0, '2012-09-21', '', NULL, NULL),
(5, 5, 0.00, 0, 0, 0, '2012-09-21', '', NULL, NULL),
(6, 6, 0.00, 0, 0, 0, '2012-09-21', '', NULL, NULL),
(7, 7, 0.00, 0, 0, 0, '2012-09-21', '', NULL, NULL),
(8, 8, 0.00, 0, 0, 0, '2012-09-21', '', NULL, NULL),
(9, 9, 0.00, 0, 0, 0, '2012-09-21', '', NULL, NULL),
(10, 10, 0.00, 0, 0, 0, '2012-09-21', '', NULL, NULL),
(11, 11, 0.00, 72, 0, 72, '2012-09-21', '', NULL, NULL),
(12, 12, 0.00, 0, 0, 0, '2012-09-21', '', NULL, NULL),
(13, 13, 0.00, 0, 0, 0, '2012-09-21', '', NULL, NULL),
(14, 14, 0.00, 0, 0, 0, '2012-09-21', '', NULL, NULL),
(15, 15, 0.00, 0, 0, 0, '2012-09-21', '', NULL, NULL),
(16, 16, 0.00, 0, 0, 0, '2012-09-21', '', NULL, NULL),
(17, 17, 0.00, 0, 0, 0, '2012-09-21', '', NULL, NULL),
(18, 18, 0.00, 0, 0, 0, '2012-09-21', '', NULL, NULL),
(19, 19, 0.00, 0, 0, 0, '2012-09-21', '', NULL, NULL),
(20, 20, 0.00, 0, 0, 0, '2012-09-21', '', NULL, NULL),
(21, 21, 0.00, 0, 0, 0, '2012-09-21', '', NULL, NULL),
(22, 22, 0.00, 0, 0, 0, '2012-09-21', '', NULL, NULL),
(23, 23, 0.00, 0, 0, 0, '2012-09-21', '', NULL, NULL),
(24, 24, 0.00, 0, 0, 0, '2012-09-21', '', NULL, NULL),
(25, 25, 0.00, 0, 0, 0, '2012-09-21', '', NULL, NULL),
(26, 6, 11.00, 10, 0, 10, '2012-09-22', '', NULL, NULL),
(27, 6, 11.00, 0, 10, 0, '2012-09-22', '', NULL, NULL),
(28, 1, 12.00, 20, 0, 20, '2012-09-22', '', NULL, NULL),
(29, 1, 12.00, 0, 10, 10, '2012-09-22', '', NULL, NULL),
(30, 6, 11.00, 20, 0, 20, '2012-09-22', '', NULL, NULL),
(31, 6, 11.00, 0, 18, 2, '2012-09-22', '', NULL, NULL),
(32, 1, 12.00, 90, 0, 100, '2012-09-22', '', NULL, NULL),
(33, 1, 12.00, 0, 50, 50, '2012-09-22', '', NULL, NULL),
(34, 6, 11.00, 48, 0, 50, '2012-09-22', '', NULL, NULL),
(35, 6, 11.00, 0, 50, 0, '2012-09-22', '', NULL, NULL),
(36, 6, 11.00, 10, 0, 10, '2012-09-24', '', NULL, NULL),
(37, 1, 12.00, 0, 20, 30, '2012-09-24', '', NULL, NULL),
(38, 26, 700.00, 2, 0, 2, '2012-09-28', '', NULL, NULL),
(39, 7, 0.00, 12, 0, 12, '2012-09-28', '', NULL, NULL),
(40, 7, 0.00, 0, 1, 11, '2012-09-28', '', NULL, NULL),
(41, 7, 0.00, 0, 5, 6, '2012-09-28', '', NULL, NULL),
(42, 1, 12.00, 0, 25, 5, '2012-09-28', '', NULL, NULL),
(43, 27, 12.00, 10, 0, 10, '2012-10-03', '', NULL, NULL),
(44, 28, 12.00, 10, 0, 10, '2012-10-03', '', NULL, NULL),
(45, 24, 0.00, 80, 0, 80, '2012-10-04', '', NULL, NULL),
(46, 24, 0.00, 0, 10, 70, '2012-10-04', '', NULL, NULL),
(47, 24, 0.00, 0, 70, 0, '2012-10-04', '', NULL, NULL),
(48, 5, 0.00, 10, 0, 10, '2012-10-05', '', NULL, NULL),
(49, 2, 0.00, 10, 0, 10, '2012-10-05', '', NULL, NULL),
(50, 5, 0.00, 0, 5, 5, '2012-10-05', '', NULL, NULL),
(51, 2, 0.00, 0, 5, 5, '2012-10-05', '', NULL, NULL),
(52, 2, 0.00, 0, 5, 0, '2012-10-05', '', NULL, NULL),
(53, 5, 0.00, 0, 5, 0, '2012-10-05', '', NULL, NULL),
(54, 29, 0.00, 0, 0, 0, '2012-10-06', '', NULL, NULL),
(55, 30, 0.00, 0, 0, 0, '2012-10-06', '', NULL, NULL),
(56, 31, 0.00, 0, 0, 0, '2012-10-06', '', NULL, NULL),
(57, 32, 0.00, 0, 0, 0, '2012-10-06', '', NULL, NULL),
(58, 33, 0.00, 0, 0, 0, '2012-10-06', '', NULL, NULL),
(59, 34, 0.00, 0, 0, 0, '2012-10-06', '', NULL, NULL),
(60, 5, 0.00, 50, 0, 50, '2012-10-06', '', NULL, NULL),
(61, 1, 12.00, 45, 0, 50, '2012-10-06', '', NULL, NULL),
(62, 2, 0.00, 50, 0, 50, '2012-10-06', '', NULL, NULL),
(63, 3, 0.00, 50, 0, 50, '2012-10-06', '', NULL, NULL),
(64, 4, 0.00, 50, 0, 50, '2012-10-06', '', NULL, NULL),
(65, 2, 0.00, 0, 50, 0, '2012-10-06', '', NULL, NULL),
(66, 5, 0.00, 0, 50, 0, '2012-10-06', '', NULL, NULL),
(67, 7, 0.00, 44, 0, 50, '2012-10-06', '', NULL, NULL),
(68, 7, 0.00, 0, 50, 0, '2012-10-06', '', NULL, NULL),
(69, 7, 0.00, 50, 0, 50, '2012-10-06', '', NULL, NULL),
(70, 7, 0.00, 0, 50, 0, '2012-10-06', '', NULL, NULL),
(85, 29, 0.00, 2, 0, 8, '2012-12-29', '', NULL, NULL),
(84, 6, 11.00, 2, 0, 12, '2012-12-29', '', NULL, NULL),
(83, 33, 0.00, 4, 0, 7, '2012-12-27', '', NULL, NULL),
(82, 29, 0.00, 3, 0, 6, '2012-12-27', '', NULL, NULL),
(81, 29, 0.00, 3, 0, 3, '2012-12-27', '', NULL, NULL),
(80, 33, 0.00, 3, 0, 3, '2012-12-27', '', NULL, NULL),
(86, 5, 0.00, 50, 0, 50, '2013-02-06', '', NULL, NULL),
(87, 5, 0.00, 0, 20, 30, '2013-02-06', '', NULL, NULL),
(88, 10, 0.00, 5, 0, 5, '2013-02-07', '', NULL, NULL),
(89, 10, 0.00, 0, 2, 3, '2013-02-07', '', NULL, NULL),
(90, 10, 0.00, 0, 2, 1, '2013-02-07', '', NULL, NULL),
(91, 14, 0.00, 50, 0, 50, '2013-02-11', '', NULL, NULL),
(92, 14, 0.00, 0, 50, 0, '2013-02-11', '', NULL, NULL),
(93, 14, 0.00, 50, 0, 50, '2013-02-11', '', NULL, NULL),
(94, 14, 0.00, 0, 40, 10, '2013-02-11', '', NULL, NULL),
(95, 15, 0.00, 50, 0, 50, '2013-02-11', '', NULL, NULL),
(96, 15, 0.00, 0, 40, 10, '2013-02-11', '', NULL, NULL),
(97, 12, 0.00, 50, 0, 50, '2013-02-16', '', NULL, NULL),
(98, 12, 0.00, 0, 30, 20, '2013-02-16', '', NULL, NULL),
(99, 13, 0.00, 50, 0, 50, '2013-02-16', '', NULL, NULL),
(100, 16, 0.00, 50, 0, 50, '2013-02-16', '', NULL, NULL),
(101, 16, 0.00, 0, 20, 30, '2013-02-16', '', NULL, NULL),
(102, 43, 0.20, 40, 0, 40, '2013-02-16', '', NULL, NULL),
(103, 43, 0.20, 0, 10, 40, '2013-02-16', '', NULL, NULL),
(104, 1, 12.00, 1000, 0, 1050, '2013-02-17', '', NULL, NULL),
(105, 1, 12.00, 0, 1000, 50, '2013-02-17', '', NULL, NULL),
(106, 14, 0.00, 1000, 0, 1010, '2013-02-17', '', NULL, NULL),
(107, 14, 0.00, 0, 1000, 10, '2013-02-17', '', NULL, NULL),
(108, 4, 0.00, 1000, 0, 1050, '2013-02-17', '', NULL, NULL),
(109, 15, 0.00, 1000, 0, 1010, '2013-02-17', '', NULL, NULL),
(110, 4, 0.00, 0, 1000, 50, '2013-02-17', '', NULL, NULL),
(111, 15, 0.00, 0, 1000, 10, '2013-02-17', '', NULL, NULL);

-- --------------------------------------------------------

--
-- Table structure for table `aros`
--

CREATE TABLE IF NOT EXISTS `aros` (
  `id` int(10) NOT NULL AUTO_INCREMENT,
  `parent_id` int(10) DEFAULT NULL,
  `model` varchar(255) DEFAULT NULL,
  `foreign_key` int(10) DEFAULT NULL,
  `alias` varchar(255) DEFAULT NULL,
  `lft` int(10) DEFAULT NULL,
  `rght` int(10) DEFAULT NULL,
  PRIMARY KEY (`id`)
) ENGINE=MyISAM  DEFAULT CHARSET=latin1 AUTO_INCREMENT=4 ;

--
-- Dumping data for table `aros`
--

INSERT INTO `aros` (`id`, `parent_id`, `model`, `foreign_key`, `alias`, `lft`, `rght`) VALUES
(1, NULL, NULL, NULL, 'Administrador', 1, 4),
(2, NULL, NULL, NULL, 'Moso', 5, 6),
(3, 1, NULL, NULL, 'Cristiam', 2, 3);

-- --------------------------------------------------------

--
-- Table structure for table `aros_acos`
--

CREATE TABLE IF NOT EXISTS `aros_acos` (
  `id` int(10) NOT NULL AUTO_INCREMENT,
  `aro_id` int(10) NOT NULL,
  `aco_id` int(10) NOT NULL,
  `_create` varchar(2) NOT NULL DEFAULT '0',
  `_read` varchar(2) NOT NULL DEFAULT '0',
  `_update` varchar(2) NOT NULL DEFAULT '0',
  `_delete` varchar(2) NOT NULL DEFAULT '0',
  PRIMARY KEY (`id`),
  UNIQUE KEY `ARO_ACO_KEY` (`aro_id`,`aco_id`)
) ENGINE=MyISAM DEFAULT CHARSET=latin1 AUTO_INCREMENT=1 ;

-- --------------------------------------------------------

--
-- Table structure for table `asistencias`
--

CREATE TABLE IF NOT EXISTS `asistencias` (
  `id` int(11) NOT NULL AUTO_INCREMENT,
  `usuario_id` int(11) NOT NULL,
  `horaingreso` time NOT NULL,
  `horasalida` time NOT NULL,
  `fecha` date NOT NULL,
  `observaciones` text,
  PRIMARY KEY (`id`)
) ENGINE=MyISAM  DEFAULT CHARSET=latin1 AUTO_INCREMENT=22 ;

--
-- Dumping data for table `asistencias`
--

INSERT INTO `asistencias` (`id`, `usuario_id`, `horaingreso`, `horasalida`, `fecha`, `observaciones`) VALUES
(1, 2, '18:11:21', '00:00:00', '2012-07-21', NULL),
(2, 5, '18:13:21', '00:00:00', '2012-07-21', NULL),
(3, 2, '01:50:37', '00:00:00', '2012-07-23', NULL),
(4, 3, '17:01:22', '00:00:00', '2012-07-23', NULL),
(5, 2, '23:34:31', '00:00:00', '2012-08-20', NULL),
(6, 1, '23:34:53', '00:00:00', '2012-08-20', NULL),
(7, 2, '14:12:15', '00:00:00', '2012-09-06', NULL),
(16, 2, '13:20:50', '00:00:00', '2012-09-10', NULL),
(15, 2, '23:25:19', '00:00:00', '2012-09-07', NULL),
(17, 2, '15:51:03', '00:00:00', '2012-09-17', NULL),
(18, 2, '20:14:04', '00:00:00', '2012-09-18', NULL),
(19, 2, '14:32:26', '00:00:00', '2012-09-21', NULL),
(20, 2, '23:00:39', '00:00:00', '2012-10-05', NULL),
(21, 3, '23:04:45', '00:00:00', '2012-10-05', NULL);

-- --------------------------------------------------------

--
-- Table structure for table `bodegas`
--

CREATE TABLE IF NOT EXISTS `bodegas` (
  `id` int(11) NOT NULL AUTO_INCREMENT,
  `insumo_id` int(11) NOT NULL,
  `preciocompra` float(15,2) NOT NULL DEFAULT '0.00',
  `ingreso` int(11) NOT NULL DEFAULT '0',
  `salida` int(11) NOT NULL DEFAULT '0',
  `total` int(11) NOT NULL DEFAULT '0',
  `fecha` date NOT NULL,
  `lugar` varchar(255) DEFAULT NULL,
  `observaciones` varchar(500) DEFAULT NULL,
  PRIMARY KEY (`id`)
) ENGINE=MyISAM  DEFAULT CHARSET=latin1 AUTO_INCREMENT=642 ;

--
-- Dumping data for table `bodegas`
--

INSERT INTO `bodegas` (`id`, `insumo_id`, `preciocompra`, `ingreso`, `salida`, `total`, `fecha`, `lugar`, `observaciones`) VALUES
(1, 6, 11.00, 10, 0, 10, '2012-09-22', NULL, NULL),
(2, 6, 11.00, 0, 1, 9, '2012-09-22', NULL, NULL),
(3, 6, 11.00, 0, 1, 8, '2012-09-22', NULL, NULL),
(4, 6, 11.00, 0, 1, 7, '2012-09-22', NULL, NULL),
(5, 6, 11.00, 0, 1, 6, '2012-09-22', NULL, NULL),
(6, 6, 11.00, 0, 1, 5, '2012-09-22', NULL, NULL),
(7, 6, 11.00, 0, 1, 4, '2012-09-22', NULL, NULL),
(8, 6, 11.00, 0, 1, 3, '2012-09-22', NULL, NULL),
(9, 1, 12.00, 10, 0, 10, '2012-09-22', NULL, NULL),
(10, 6, 11.00, 18, 0, 21, '2012-09-22', NULL, NULL),
(11, 6, 11.00, 0, 1, 20, '2012-09-22', NULL, NULL),
(12, 6, 11.00, 0, 1, 19, '2012-09-22', NULL, NULL),
(13, 1, 12.00, 0, 1, 9, '2012-09-22', NULL, NULL),
(14, 6, 11.00, 0, 1, 18, '2012-09-22', NULL, NULL),
(15, 6, 11.00, 0, 1, 17, '2012-09-22', NULL, NULL),
(16, 6, 11.00, 0, 1, 16, '2012-09-22', NULL, NULL),
(17, 1, 12.00, 0, 1, 8, '2012-09-22', NULL, NULL),
(18, 1, 12.00, 0, 1, 7, '2012-09-22', NULL, NULL),
(19, 1, 12.00, 0, 1, 6, '2012-09-22', NULL, NULL),
(20, 1, 12.00, 0, 1, 5, '2012-09-22', NULL, NULL),
(21, 1, 12.00, 0, 1, 4, '2012-09-22', NULL, NULL),
(22, 1, 12.00, 0, 1, 3, '2012-09-22', NULL, NULL),
(23, 1, 12.00, 0, 1, 2, '2012-09-22', NULL, NULL),
(24, 6, 11.00, 0, 1, 15, '2012-09-22', NULL, NULL),
(25, 6, 11.00, 0, 1, 14, '2012-09-22', NULL, NULL),
(26, 1, 12.00, 0, 1, 1, '2012-09-22', NULL, NULL),
(27, 1, 12.00, 0, 1, 0, '2012-09-22', NULL, NULL),
(28, 1, 12.00, 50, 0, 50, '2012-09-22', NULL, NULL),
(29, 6, 11.00, 50, 0, 64, '2012-09-22', NULL, NULL),
(30, 1, 12.00, 0, 1, 49, '2012-09-22', NULL, NULL),
(31, 1, 12.00, 0, 1, 48, '2012-09-22', NULL, NULL),
(32, 6, 11.00, 0, 1, 63, '2012-09-22', NULL, NULL),
(33, 6, 11.00, 0, 1, 62, '2012-09-22', NULL, NULL),
(34, 1, 12.00, 0, 1, 47, '2012-09-22', NULL, NULL),
(35, 1, 12.00, 0, 1, 46, '2012-09-22', NULL, NULL),
(36, 1, 12.00, 0, 1, 45, '2012-09-22', NULL, NULL),
(37, 6, 11.00, 0, 1, 61, '2012-09-22', NULL, NULL),
(38, 6, 11.00, 0, 1, 60, '2012-09-22', NULL, NULL),
(39, 1, 12.00, 0, 1, 44, '2012-09-22', NULL, NULL),
(40, 1, 12.00, 0, 1, 43, '2012-09-22', NULL, NULL),
(41, 1, 12.00, 0, 1, 42, '2012-09-22', NULL, NULL),
(42, 6, 11.00, 0, 1, 59, '2012-09-22', NULL, NULL),
(43, 1, 12.00, 20, 0, 62, '2012-09-24', NULL, NULL),
(44, 6, 11.00, 0, 1, 58, '2012-09-24', NULL, NULL),
(45, 1, 12.00, 0, 1, 61, '2012-09-24', NULL, NULL),
(46, 1, 12.00, 0, 1, 60, '2012-09-24', NULL, NULL),
(47, 6, 11.00, 0, 1, 57, '2012-09-26', NULL, NULL),
(48, 6, 11.00, 0, 1, 56, '2012-09-27', NULL, NULL),
(49, 6, 11.00, 0, 1, 55, '2012-09-27', NULL, NULL),
(50, 6, 11.00, 0, 1, 54, '2012-09-27', NULL, NULL),
(51, 6, 11.00, 0, 1, 53, '2012-09-27', NULL, NULL),
(52, 1, 12.00, 0, 1, 59, '2012-09-28', NULL, NULL),
(53, 1, 12.00, 0, 1, 58, '2012-09-28', NULL, NULL),
(54, 6, 11.00, 0, 1, 52, '2012-09-28', NULL, NULL),
(55, 1, 12.00, 0, 1, 57, '2012-09-28', NULL, NULL),
(56, 6, 11.00, 0, 1, 51, '2012-09-28', NULL, NULL),
(57, 6, 11.00, 0, 1, 50, '2012-09-28', NULL, NULL),
(58, 6, 11.00, 0, 1, 49, '2012-09-28', NULL, NULL),
(59, 6, 11.00, 0, 1, 48, '2012-09-28', NULL, NULL),
(60, 6, 11.00, 0, 1, 47, '2012-09-28', NULL, NULL),
(61, 1, 12.00, 0, 1, 56, '2012-09-28', NULL, NULL),
(62, 7, 0.00, 1, 0, 1, '2012-09-28', NULL, NULL),
(63, 7, 0.00, 0, 1, 0, '2012-09-28', NULL, NULL),
(64, 7, 0.00, 5, 0, 5, '2012-09-28', NULL, NULL),
(65, 7, 0.00, 0, 1, 4, '2012-09-28', NULL, NULL),
(66, 1, 12.00, 25, 0, 81, '2012-09-28', NULL, NULL),
(67, 1, 12.00, 0, 1, 80, '2012-09-28', NULL, NULL),
(68, 1, 12.00, 0, 1, 79, '2012-09-28', NULL, NULL),
(69, 7, 0.00, 0, 1, 3, '2012-09-29', NULL, NULL),
(70, 1, 12.00, 0, 1, 78, '2012-09-29', NULL, NULL),
(71, 1, 12.00, 0, 1, 77, '2012-09-29', NULL, NULL),
(72, 7, 0.00, 0, 1, 2, '2012-09-29', NULL, NULL),
(73, 1, 12.00, 0, 1, 76, '2012-09-30', NULL, NULL),
(74, 1, 12.00, 0, 1, 75, '2012-09-30', NULL, NULL),
(75, 7, 0.00, 0, 1, 1, '2012-09-30', NULL, NULL),
(76, 7, 0.00, 0, 1, 0, '2012-09-30', NULL, NULL),
(77, 24, 0.00, 10, 0, 10, '2012-10-04', NULL, NULL),
(78, 24, 0.00, 0, 1, 9, '2012-10-04', NULL, NULL),
(79, 6, 11.00, 0, 1, 46, '2012-10-04', NULL, NULL),
(80, 24, 0.00, 0, 1, 8, '2012-10-04', NULL, NULL),
(81, 6, 11.00, 0, 1, 45, '2012-10-04', NULL, NULL),
(82, 24, 0.00, 0, 1, 7, '2012-10-04', NULL, NULL),
(83, 6, 11.00, 0, 1, 44, '2012-10-04', NULL, NULL),
(84, 6, 11.00, 0, 1, 43, '2012-10-04', NULL, NULL),
(85, 24, 0.00, 0, 1, 6, '2012-10-04', NULL, NULL),
(86, 6, 11.00, 0, 1, 42, '2012-10-04', NULL, NULL),
(87, 24, 0.00, 0, 1, 5, '2012-10-04', NULL, NULL),
(88, 24, 0.00, 0, 1, 4, '2012-10-04', NULL, NULL),
(89, 6, 11.00, 0, 1, 41, '2012-10-04', NULL, NULL),
(90, 24, 0.00, 0, 1, 3, '2012-10-04', NULL, NULL),
(91, 6, 11.00, 0, 1, 40, '2012-10-04', NULL, NULL),
(92, 24, 0.00, 0, 1, 2, '2012-10-04', NULL, NULL),
(93, 6, 11.00, 0, 1, 39, '2012-10-04', NULL, NULL),
(94, 24, 0.00, 0, 1, 1, '2012-10-04', NULL, NULL),
(95, 6, 11.00, 0, 1, 38, '2012-10-04', NULL, NULL),
(96, 6, 11.00, 0, 1, 37, '2012-10-04', NULL, NULL),
(97, 24, 0.00, 70, 0, 71, '2012-10-04', NULL, NULL),
(98, 24, 0.00, 0, 1, 70, '2012-10-04', NULL, NULL),
(99, 6, 11.00, 0, 1, 36, '2012-10-04', NULL, NULL),
(100, 6, 11.00, 0, 1, 35, '2012-10-04', NULL, NULL),
(101, 24, 0.00, 0, 1, 69, '2012-10-04', NULL, NULL),
(102, 24, 0.00, 0, 1, 68, '2012-10-04', NULL, NULL),
(103, 24, 0.00, 0, 1, 67, '2012-10-04', NULL, NULL),
(104, 24, 0.00, 0, 1, 66, '2012-10-04', NULL, NULL),
(105, 6, 11.00, 0, 1, 34, '2012-10-04', NULL, NULL),
(106, 6, 11.00, 0, 1, 33, '2012-10-04', NULL, NULL),
(107, 24, 0.00, 0, 1, 65, '2012-10-04', NULL, NULL),
(108, 6, 11.00, 0, 1, 32, '2012-10-04', NULL, NULL),
(109, 6, 11.00, 0, 1, 31, '2012-10-04', NULL, NULL),
(110, 6, 11.00, 0, 1, 30, '2012-10-04', NULL, NULL),
(111, 24, 0.00, 0, 1, 64, '2012-10-04', NULL, NULL),
(112, 24, 0.00, 0, 1, 63, '2012-10-05', NULL, NULL),
(113, 24, 0.00, 0, 1, 62, '2012-10-05', NULL, NULL),
(114, 6, 11.00, 0, 1, 29, '2012-10-05', NULL, NULL),
(115, 6, 11.00, 0, 1, 28, '2012-10-05', NULL, NULL),
(116, 5, 0.00, 5, 0, 5, '2012-10-05', NULL, NULL),
(117, 2, 0.00, 5, 0, 5, '2012-10-05', NULL, NULL),
(118, 5, 0.00, 0, 1, 4, '2012-10-05', NULL, NULL),
(119, 2, 0.00, 0, 1, 4, '2012-10-05', NULL, NULL),
(120, 5, 0.00, 0, 1, 3, '2012-10-05', NULL, NULL),
(121, 2, 0.00, 0, 1, 3, '2012-10-05', NULL, NULL),
(122, 6, 11.00, 0, 1, 27, '2012-10-05', NULL, NULL),
(123, 5, 0.00, 0, 1, 2, '2012-10-05', NULL, NULL),
(124, 2, 0.00, 0, 1, 2, '2012-10-05', NULL, NULL),
(125, 6, 11.00, 0, 1, 26, '2012-10-05', NULL, NULL),
(126, 5, 0.00, 0, 1, 1, '2012-10-05', NULL, NULL),
(127, 2, 0.00, 0, 1, 1, '2012-10-05', NULL, NULL),
(128, 5, 0.00, 0, 1, 0, '2012-10-05', NULL, NULL),
(129, 2, 0.00, 0, 1, 0, '2012-10-05', NULL, NULL),
(130, 6, 11.00, 0, 1, 25, '2012-10-05', NULL, NULL),
(131, 2, 0.00, 5, 0, 5, '2012-10-05', NULL, NULL),
(132, 5, 0.00, 5, 0, 5, '2012-10-05', NULL, NULL),
(133, 5, 0.00, 0, 1, 4, '2012-10-05', NULL, NULL),
(134, 2, 0.00, 0, 1, 4, '2012-10-05', NULL, NULL),
(135, 5, 0.00, 0, 1, 3, '2012-10-06', NULL, NULL),
(136, 2, 0.00, 0, 1, 3, '2012-10-06', NULL, NULL),
(137, 5, 0.00, 0, 1, 2, '2012-10-06', NULL, NULL),
(138, 5, 0.00, 0, 1, 1, '2012-10-06', NULL, NULL),
(139, 5, 0.00, 0, 1, 0, '2012-10-06', NULL, NULL),
(140, 1, 12.00, 0, 1, 74, '2012-10-06', NULL, NULL),
(141, 2, 0.00, 50, 0, 53, '2012-10-06', NULL, NULL),
(142, 5, 0.00, 50, 0, 50, '2012-10-06', NULL, NULL),
(143, 7, 0.00, 50, 0, 50, '2012-10-06', NULL, NULL),
(144, 7, 0.00, 50, 0, 100, '2012-10-06', NULL, NULL),
(145, 5, 0.00, 0, 1, 49, '2012-10-06', NULL, NULL),
(146, 2, 0.00, 0, 1, 52, '2012-10-06', NULL, NULL),
(147, 6, 11.00, 0, 1, 24, '2012-10-06', NULL, NULL),
(148, 5, 0.00, 0, 1, 48, '2012-10-07', NULL, NULL),
(149, 2, 0.00, 0, 1, 51, '2012-10-07', NULL, NULL),
(150, 5, 0.00, 0, 1, 47, '2012-10-07', NULL, NULL),
(151, 2, 0.00, 0, 1, 50, '2012-10-07', NULL, NULL),
(152, 6, 11.00, 0, 1, 23, '2012-10-07', NULL, NULL),
(153, 5, 0.00, 0, 1, 46, '2012-10-07', NULL, NULL),
(154, 2, 0.00, 0, 1, 49, '2012-10-07', NULL, NULL),
(155, 6, 11.00, 0, 1, 22, '2012-10-07', NULL, NULL),
(156, 5, 0.00, 0, 1, 45, '2012-10-07', NULL, NULL),
(157, 5, 0.00, 0, 1, 44, '2012-10-07', NULL, NULL),
(158, 2, 0.00, 0, 1, 48, '2012-10-07', NULL, NULL),
(159, 5, 0.00, 0, 1, 43, '2012-10-07', NULL, NULL),
(160, 2, 0.00, 0, 1, 47, '2012-10-07', NULL, NULL),
(161, 7, 0.00, 0, 1, 99, '2012-10-07', NULL, NULL),
(162, 5, 0.00, 0, 1, 42, '2012-10-07', NULL, NULL),
(163, 5, 0.00, 0, 1, 41, '2012-10-07', NULL, NULL),
(164, 5, 0.00, 0, 1, 40, '2012-10-07', NULL, NULL),
(165, 2, 0.00, 0, 1, 46, '2012-10-07', NULL, NULL),
(166, 5, 0.00, 0, 1, 39, '2012-10-07', NULL, NULL),
(167, 2, 0.00, 0, 1, 45, '2012-10-07', NULL, NULL),
(168, 5, 0.00, 0, 1, 38, '2012-10-07', NULL, NULL),
(169, 6, 11.00, 0, 1, 21, '2012-10-07', NULL, NULL),
(170, 5, 0.00, 0, 1, 37, '2012-12-18', NULL, NULL),
(171, 2, 0.00, 0, 1, 44, '2012-12-18', NULL, NULL),
(172, 5, 0.00, 0, 1, 36, '2012-12-18', NULL, NULL),
(173, 1, 12.00, 0, 1, 73, '2012-12-18', NULL, NULL),
(174, 5, 0.00, 0, 1, 35, '2012-12-18', NULL, NULL),
(175, 1, 12.00, 0, 1, 72, '2012-12-18', NULL, NULL),
(176, 5, 0.00, 0, 1, 34, '2012-12-18', NULL, NULL),
(177, 1, 12.00, 0, 1, 71, '2012-12-18', NULL, NULL),
(178, 2, 0.00, 0, 1, 43, '2012-12-18', NULL, NULL),
(179, 2, 0.00, 0, 1, 42, '2012-12-18', NULL, NULL),
(180, 5, 0.00, 0, 1, 33, '2012-12-18', NULL, NULL),
(181, 5, 0.00, 0, 1, 32, '2012-12-18', NULL, NULL),
(182, 1, 12.00, 0, 1, 70, '2012-12-18', NULL, NULL),
(183, 2, 0.00, 0, 1, 41, '2012-12-18', NULL, NULL),
(184, 5, 0.00, 0, 1, 31, '2012-12-18', NULL, NULL),
(185, 5, 0.00, 0, 1, 30, '2012-12-18', NULL, NULL),
(186, 2, 0.00, 0, 1, 40, '2012-12-18', NULL, NULL),
(187, 1, 12.00, 0, 1, 69, '2012-12-18', NULL, NULL),
(188, 1, 12.00, 0, 1, 68, '2012-12-18', NULL, NULL),
(189, 5, 0.00, 0, 1, 29, '2012-12-18', NULL, NULL),
(190, 5, 0.00, 0, 1, 28, '2012-12-18', NULL, NULL),
(191, 5, 0.00, 0, 1, 27, '2012-12-18', NULL, NULL),
(192, 5, 0.00, 0, 1, 26, '2012-12-18', NULL, NULL),
(193, 5, 0.00, 0, 1, 25, '2012-12-18', NULL, NULL),
(194, 1, 12.00, 0, 1, 67, '2012-12-18', NULL, NULL),
(195, 5, 0.00, 0, 1, 24, '2012-12-18', NULL, NULL),
(196, 5, 0.00, 0, 1, 23, '2012-12-18', NULL, NULL),
(197, 5, 0.00, 0, 1, 22, '2012-12-18', NULL, NULL),
(198, 5, 0.00, 0, 1, 21, '2012-12-18', NULL, NULL),
(199, 5, 0.00, 0, 1, 20, '2012-12-18', NULL, NULL),
(200, 5, 0.00, 0, 1, 19, '2012-12-18', NULL, NULL),
(201, 5, 0.00, 0, 1, 18, '2012-12-18', NULL, NULL),
(202, 1, 12.00, 0, 1, 66, '2012-12-18', NULL, NULL),
(203, 2, 0.00, 0, 1, 39, '2012-12-18', NULL, NULL),
(204, 2, 0.00, 0, 1, 38, '2012-12-18', NULL, NULL),
(205, 5, 0.00, 0, 1, 17, '2012-12-18', NULL, NULL),
(206, 5, 0.00, 0, 1, 16, '2012-12-18', NULL, NULL),
(207, 1, 12.00, 0, 1, 65, '2012-12-18', NULL, NULL),
(208, 2, 0.00, 0, 1, 37, '2012-12-18', NULL, NULL),
(209, 5, 0.00, 0, 1, 15, '2012-12-18', NULL, NULL),
(210, 2, 0.00, 0, 1, 36, '2012-12-18', NULL, NULL),
(211, 2, 0.00, 0, 1, 35, '2012-12-18', NULL, NULL),
(212, 2, 0.00, 0, 1, 34, '2012-12-18', NULL, NULL),
(213, 1, 12.00, 0, 1, 64, '2012-12-18', NULL, NULL),
(214, 5, 0.00, 0, 1, 14, '2012-12-18', NULL, NULL),
(215, 1, 12.00, 0, 1, 63, '2012-12-18', NULL, NULL),
(216, 5, 0.00, 0, 1, 13, '2012-12-18', NULL, NULL),
(217, 1, 12.00, 0, 1, 62, '2012-12-18', NULL, NULL),
(218, 5, 0.00, 0, 1, 12, '2012-12-18', NULL, NULL),
(219, 1, 12.00, 0, 1, 61, '2012-12-18', NULL, NULL),
(220, 5, 0.00, 0, 1, 11, '2012-12-18', NULL, NULL),
(221, 5, 0.00, 0, 1, 10, '2012-12-18', NULL, NULL),
(222, 5, 0.00, 0, 1, 9, '2012-12-18', NULL, NULL),
(223, 1, 12.00, 0, 1, 60, '2012-12-18', NULL, NULL),
(224, 5, 0.00, 0, 1, 8, '2012-12-18', NULL, NULL),
(225, 1, 12.00, 0, 1, 59, '2012-12-18', NULL, NULL),
(226, 5, 0.00, 0, 1, 7, '2012-12-18', NULL, NULL),
(227, 1, 12.00, 0, 1, 58, '2012-12-18', NULL, NULL),
(228, 5, 0.00, 0, 1, 6, '2012-12-18', NULL, NULL),
(229, 1, 12.00, 0, 1, 57, '2012-12-18', NULL, NULL),
(230, 5, 0.00, 0, 1, 5, '2012-12-18', NULL, NULL),
(231, 1, 12.00, 0, 1, 56, '2012-12-18', NULL, NULL),
(232, 2, 0.00, 0, 1, 33, '2012-12-18', NULL, NULL),
(233, 5, 0.00, 0, 1, 4, '2012-12-18', NULL, NULL),
(234, 1, 12.00, 0, 1, 55, '2012-12-18', NULL, NULL),
(235, 2, 0.00, 0, 1, 32, '2012-12-18', NULL, NULL),
(236, 2, 0.00, 0, 1, 31, '2012-12-18', NULL, NULL),
(237, 5, 0.00, 0, 1, 3, '2012-12-18', NULL, NULL),
(238, 2, 0.00, 0, 1, 30, '2012-12-18', NULL, NULL),
(239, 2, 0.00, 0, 1, 29, '2012-12-18', NULL, NULL),
(240, 5, 0.00, 0, 1, 2, '2012-12-18', NULL, NULL),
(241, 1, 12.00, 0, 1, 54, '2012-12-18', NULL, NULL),
(242, 2, 0.00, 0, 1, 28, '2012-12-18', NULL, NULL),
(243, 5, 0.00, 0, 1, 1, '2012-12-18', NULL, NULL),
(244, 1, 12.00, 0, 1, 53, '2012-12-18', NULL, NULL),
(245, 2, 0.00, 0, 1, 27, '2012-12-18', NULL, NULL),
(246, 2, 0.00, 0, 1, 26, '2012-12-18', NULL, NULL),
(247, 1, 12.00, 0, 1, 52, '2012-12-18', NULL, NULL),
(248, 2, 0.00, 0, 1, 25, '2012-12-18', NULL, NULL),
(249, 5, 0.00, 0, 0, 1, '2012-12-18', NULL, NULL),
(250, 1, 12.00, 0, 1, 51, '2012-12-18', NULL, NULL),
(251, 1, 12.00, 0, 0, 51, '2012-12-18', NULL, NULL),
(252, 7, 0.00, 0, 1, 98, '2012-12-18', NULL, NULL),
(253, 2, 0.00, 0, 1, 24, '2012-12-18', NULL, NULL),
(254, 2, 0.00, 0, 1, 23, '2012-12-18', NULL, NULL),
(255, 1, 12.00, 0, 1, 50, '2012-12-18', NULL, NULL),
(256, 2, 0.00, 0, 1, 22, '2012-12-18', NULL, NULL),
(257, 5, 0.00, 0, 1, 0, '2012-12-18', NULL, NULL),
(258, 1, 12.00, 0, 1, 49, '2012-12-18', NULL, NULL),
(259, 1, 12.00, 0, 1, 48, '2012-12-18', NULL, NULL),
(260, 2, 0.00, 0, 1, 21, '2012-12-18', NULL, NULL),
(261, 2, 0.00, 0, 1, 20, '2012-12-18', NULL, NULL),
(262, 1, 12.00, 0, 1, 47, '2012-12-18', NULL, NULL),
(264, 2, 0.00, 0, 1, 19, '2012-12-21', NULL, NULL),
(265, 1, 12.00, 0, 1, 46, '2012-12-21', NULL, NULL),
(266, 1, 12.00, 0, 1, 45, '2012-12-21', NULL, NULL),
(267, 2, 0.00, 0, 1, 18, '2012-12-21', NULL, NULL),
(268, 2, 0.00, 0, 1, 17, '2012-12-21', NULL, NULL),
(269, 2, 0.00, 0, 1, 16, '2012-12-21', NULL, NULL),
(270, 1, 12.00, 0, 1, 44, '2012-12-21', NULL, NULL),
(271, 2, 0.00, 0, 1, 15, '2012-12-21', NULL, NULL),
(272, 1, 12.00, 0, 1, 43, '2012-12-21', NULL, NULL),
(273, 2, 0.00, 0, 1, 14, '2012-12-21', NULL, NULL),
(274, 1, 12.00, 0, 1, 42, '2012-12-21', NULL, NULL),
(275, 6, 11.00, 0, 1, 20, '2012-12-21', NULL, NULL),
(276, 2, 0.00, 0, 1, 13, '2012-12-22', NULL, NULL),
(277, 2, 0.00, 0, 1, 12, '2013-01-31', NULL, NULL),
(278, 2, 0.00, 0, 1, 11, '2013-01-31', NULL, NULL),
(279, 1, 12.00, 0, 1, 41, '2013-01-31', NULL, NULL),
(280, 2, 0.00, 0, 1, 10, '2013-01-31', NULL, NULL),
(281, 1, 12.00, 0, 1, 40, '2013-01-31', NULL, NULL),
(282, 1, 12.00, 0, 1, 39, '2013-01-31', NULL, NULL),
(283, 2, 0.00, 0, 1, 9, '2013-02-02', NULL, NULL),
(284, 1, 12.00, 0, 1, 38, '2013-02-02', NULL, NULL),
(285, 2, 0.00, 0, 1, 8, '2013-02-02', NULL, NULL),
(286, 1, 12.00, 0, 1, 37, '2013-02-02', NULL, NULL),
(287, 6, 11.00, 0, 1, 19, '2013-02-02', NULL, NULL),
(288, 2, 0.00, 0, 1, 7, '2013-02-02', NULL, NULL),
(289, 1, 12.00, 0, 1, 36, '2013-02-02', NULL, NULL),
(290, 2, 0.00, 0, 1, 6, '2013-02-02', NULL, NULL),
(291, 1, 12.00, 0, 1, 35, '2013-02-02', NULL, NULL),
(292, 2, 0.00, 0, 0, 6, '2013-02-02', NULL, NULL),
(293, 1, 12.00, 0, 0, 35, '2013-02-02', NULL, NULL),
(294, 7, 0.00, 0, 1, 97, '2013-02-02', NULL, NULL),
(295, 2, 0.00, 0, 1, 5, '2013-02-06', NULL, NULL),
(296, 5, 0.00, 20, 0, 20, '2013-02-06', NULL, NULL),
(297, 5, 0.00, 0, 1, 19, '2013-02-06', NULL, NULL),
(298, 5, 0.00, 0, 1, 18, '2013-02-06', NULL, NULL),
(299, 5, 0.00, 0, 1, 17, '2013-02-07', NULL, NULL),
(300, 2, 0.00, 0, 1, 4, '2013-02-07', NULL, NULL),
(301, 1, 12.00, 0, 1, 34, '2013-02-07', NULL, NULL),
(302, 10, 0.00, 2, 0, 2, '2013-02-07', NULL, NULL),
(303, 10, 0.00, 2, 0, 4, '2013-02-07', NULL, NULL),
(304, 1, 12.00, 0, 1, 33, '2013-02-11', NULL, NULL),
(305, 1, 12.00, 0, 1, 32, '2013-02-11', NULL, NULL),
(306, 14, 0.00, 50, 0, 50, '2013-02-11', NULL, NULL),
(307, 14, 0.00, 0, 1, 49, '2013-02-11', NULL, NULL),
(308, 14, 0.00, 0, 1, 48, '2013-02-11', NULL, NULL),
(309, 5, 0.00, 0, 1, 16, '2013-02-11', NULL, NULL),
(310, 2, 0.00, 0, 1, 3, '2013-02-11', NULL, NULL),
(311, 5, 0.00, 0, 1, 15, '2013-02-11', NULL, NULL),
(312, 2, 0.00, 0, 1, 2, '2013-02-11', NULL, NULL),
(313, 2, 0.00, 0, 1, 1, '2013-02-11', NULL, NULL),
(314, 1, 12.00, 0, 1, 31, '2013-02-11', NULL, NULL),
(315, 2, 0.00, 0, 0, 2, '2013-02-11', NULL, NULL),
(316, 1, 12.00, 0, 0, 32, '2013-02-11', NULL, NULL),
(317, 2, 0.00, 0, 1, 1, '2013-02-11', NULL, NULL),
(318, 1, 12.00, 0, 1, 31, '2013-02-11', NULL, NULL),
(319, 14, 0.00, 0, 1, 47, '2013-02-11', NULL, NULL),
(320, 14, 0.00, 0, 1, 46, '2013-02-11', NULL, NULL),
(321, 14, 0.00, 40, 0, 86, '2013-02-11', NULL, NULL),
(322, 14, 0.00, 0, 0, 87, '2013-02-11', NULL, NULL),
(323, 14, 0.00, 0, 1, 86, '2013-02-11', NULL, NULL),
(324, 15, 0.00, 40, 0, 40, '2013-02-11', NULL, NULL),
(325, 15, 0.00, 0, 1, 39, '2013-02-11', NULL, NULL),
(326, 2, 0.00, 0, 1, 0, '2013-02-11', NULL, NULL),
(327, 1, 12.00, 0, 1, 30, '2013-02-11', NULL, NULL),
(328, 1, 12.00, 0, 1, 29, '2013-02-11', NULL, NULL),
(329, 5, 0.00, 0, 1, 14, '2013-02-11', NULL, NULL),
(330, 5, 0.00, 0, 1, 13, '2013-02-11', NULL, NULL),
(331, 5, 0.00, 0, 1, 12, '2013-02-11', NULL, NULL),
(332, 5, 0.00, 0, 1, 11, '2013-02-11', NULL, NULL),
(333, 1, 12.00, 0, 1, 28, '2013-02-11', NULL, NULL),
(334, 1, 12.00, 0, 1, 27, '2013-02-11', NULL, NULL),
(335, 15, 0.00, 0, 1, 38, '2013-02-11', NULL, NULL),
(336, 14, 0.00, 0, 1, 85, '2013-02-11', NULL, NULL),
(337, 5, 0.00, 0, 1, 10, '2013-02-15', NULL, NULL),
(338, 5, 0.00, 0, 1, 9, '2013-02-15', NULL, NULL),
(339, 5, 0.00, 0, 1, 8, '2013-02-15', NULL, NULL),
(340, 1, 12.00, 0, 1, 26, '2013-02-15', NULL, NULL),
(341, 1, 12.00, 0, 1, 25, '2013-02-15', NULL, NULL),
(342, 14, 0.00, 0, 1, 84, '2013-02-15', NULL, NULL),
(343, 15, 0.00, 0, 1, 37, '2013-02-15', NULL, NULL),
(344, 12, 0.00, 30, 0, 30, '2013-02-16', NULL, NULL),
(345, 16, 0.00, 20, 0, 20, '2013-02-16', NULL, NULL),
(346, 43, 0.20, 10, 0, 10, '2013-02-16', NULL, NULL),
(347, 5, 0.00, 0, 1, 7, '2013-02-16', NULL, NULL),
(348, 5, 0.00, 0, 1, 6, '2013-02-16', NULL, NULL),
(349, 43, 0.20, 0, 1, 9, '2013-02-17', NULL, NULL),
(350, 43, 0.20, 0, 1, 8, '2013-02-17', NULL, NULL),
(351, 1, 12.00, 0, 1, 24, '2013-02-17', NULL, NULL),
(352, 5, 0.00, 0, 1, 5, '2013-02-17', NULL, NULL),
(353, 1, 12.00, 0, 1, 23, '2013-02-17', NULL, NULL),
(354, 5, 0.00, 0, 1, 4, '2013-02-17', NULL, NULL),
(355, 5, 0.00, 0, 1, 3, '2013-02-17', NULL, NULL),
(356, 14, 0.00, 0, 1, 83, '2013-02-17', NULL, NULL),
(357, 15, 0.00, 0, 1, 36, '2013-02-17', NULL, NULL),
(358, 5, 0.00, 0, 1, 2, '2013-02-17', NULL, NULL),
(359, 15, 0.00, 0, 1, 35, '2013-02-17', NULL, NULL),
(360, 1, 12.00, 0, 1, 22, '2013-02-17', NULL, NULL),
(361, 1, 12.00, 0, 1, 21, '2013-02-17', NULL, NULL),
(362, 1, 12.00, 0, 1, 20, '2013-02-17', NULL, NULL),
(363, 14, 0.00, 0, 1, 82, '2013-02-17', NULL, NULL),
(364, 14, 0.00, 0, 1, 81, '2013-02-17', NULL, NULL),
(365, 15, 0.00, 0, 1, 34, '2013-02-17', NULL, NULL),
(366, 14, 0.00, 0, 1, 80, '2013-02-17', NULL, NULL),
(367, 15, 0.00, 0, 1, 33, '2013-02-17', NULL, NULL),
(368, 1, 12.00, 0, 1, 19, '2013-02-17', NULL, NULL),
(369, 1, 12.00, 0, 1, 18, '2013-02-17', NULL, NULL),
(370, 15, 0.00, 0, 1, 32, '2013-02-17', NULL, NULL),
(371, 1, 12.00, 0, 1, 17, '2013-02-17', NULL, NULL),
(372, 14, 0.00, 0, 1, 79, '2013-02-17', NULL, NULL),
(373, 14, 0.00, 0, 1, 78, '2013-02-17', NULL, NULL),
(374, 1, 12.00, 0, 1, 16, '2013-02-17', NULL, NULL),
(375, 1, 12.00, 0, 1, 15, '2013-02-17', NULL, NULL),
(376, 1, 12.00, 0, 1, 14, '2013-02-17', NULL, NULL),
(377, 15, 0.00, 0, 1, 31, '2013-02-17', NULL, NULL),
(378, 15, 0.00, 0, 1, 30, '2013-02-17', NULL, NULL),
(379, 1, 12.00, 0, 1, 13, '2013-02-17', NULL, NULL),
(380, 5, 0.00, 0, 1, 1, '2013-02-17', NULL, NULL),
(381, 14, 0.00, 0, 1, 77, '2013-02-17', NULL, NULL),
(382, 1, 12.00, 0, 1, 12, '2013-02-17', NULL, NULL),
(383, 1, 12.00, 0, 1, 11, '2013-02-17', NULL, NULL),
(384, 5, 0.00, 0, 1, 0, '2013-02-17', NULL, NULL),
(385, 14, 0.00, 0, 1, 76, '2013-02-17', NULL, NULL),
(386, 1, 12.00, 0, 1, 10, '2013-02-17', NULL, NULL),
(387, 14, 0.00, 0, 1, 75, '2013-02-17', NULL, NULL),
(388, 1, 12.00, 0, 1, 9, '2013-02-17', NULL, NULL),
(389, 14, 0.00, 0, 1, 74, '2013-02-17', NULL, NULL),
(390, 1, 12.00, 0, 1, 8, '2013-02-17', NULL, NULL),
(391, 1, 12.00, 0, 1, 7, '2013-02-17', NULL, NULL),
(392, 1, 12.00, 0, 1, 6, '2013-02-17', NULL, NULL),
(393, 1, 12.00, 0, 1, 5, '2013-02-17', NULL, NULL),
(394, 1, 12.00, 0, 1, 4, '2013-02-17', NULL, NULL),
(395, 1, 12.00, 0, 1, 3, '2013-02-17', NULL, NULL),
(396, 1, 12.00, 0, 1, 2, '2013-02-17', NULL, NULL),
(397, 1, 12.00, 0, 1, 1, '2013-02-17', NULL, NULL),
(398, 1, 12.00, 0, 1, 0, '2013-02-17', NULL, NULL),
(399, 1, 12.00, 1000, 0, 1000, '2013-02-17', NULL, NULL),
(400, 14, 0.00, 1000, 0, 1074, '2013-02-17', NULL, NULL),
(401, 1, 12.00, 0, 1, 999, '2013-02-17', NULL, NULL),
(402, 14, 0.00, 0, 1, 1073, '2013-02-17', NULL, NULL),
(403, 1, 12.00, 0, 1, 998, '2013-02-17', NULL, NULL),
(404, 14, 0.00, 0, 1, 1072, '2013-02-17', NULL, NULL),
(405, 1, 12.00, 0, 1, 997, '2013-02-17', NULL, NULL),
(406, 14, 0.00, 0, 1, 1071, '2013-02-17', NULL, NULL),
(407, 1, 12.00, 0, 1, 996, '2013-02-17', NULL, NULL),
(408, 14, 0.00, 0, 1, 1070, '2013-02-17', NULL, NULL),
(409, 1, 12.00, 0, 1, 995, '2013-02-17', NULL, NULL),
(410, 14, 0.00, 0, 1, 1069, '2013-02-17', NULL, NULL),
(411, 1, 12.00, 0, 1, 994, '2013-02-17', NULL, NULL),
(412, 14, 0.00, 0, 1, 1068, '2013-02-17', NULL, NULL),
(413, 1, 12.00, 0, 1, 993, '2013-02-17', NULL, NULL),
(414, 14, 0.00, 0, 1, 1067, '2013-02-17', NULL, NULL),
(415, 1, 12.00, 0, 0, 993, '2013-02-17', NULL, NULL),
(416, 4, 0.00, 1000, 0, 1000, '2013-02-17', NULL, NULL),
(417, 15, 0.00, 1000, 0, 1030, '2013-02-17', NULL, NULL),
(418, 1, 12.00, 0, 1, 992, '2013-02-17', NULL, NULL),
(419, 14, 0.00, 0, 1, 1066, '2013-02-17', NULL, NULL),
(420, 4, 0.00, 0, 1, 999, '2013-02-17', NULL, NULL),
(421, 15, 0.00, 0, 1, 1029, '2013-02-17', NULL, NULL),
(422, 15, 0.00, 0, 1, 1028, '2013-02-17', NULL, NULL),
(423, 15, 0.00, 0, 1, 1027, '2013-02-17', NULL, NULL),
(424, 1, 12.00, 0, 1, 991, '2013-02-17', NULL, NULL),
(425, 1, 12.00, 0, 1, 990, '2013-02-17', NULL, NULL),
(426, 4, 0.00, 0, 1, 998, '2013-02-17', NULL, NULL),
(427, 14, 0.00, 0, 1, 1065, '2013-02-17', NULL, NULL),
(428, 15, 0.00, 0, 1, 1026, '2013-02-17', NULL, NULL),
(429, 4, 0.00, 0, 1, 997, '2013-02-17', NULL, NULL),
(430, 1, 12.00, 0, 1, 989, '2013-02-17', NULL, NULL),
(431, 14, 0.00, 0, 1, 1064, '2013-02-17', NULL, NULL),
(432, 4, 0.00, 0, 1, 996, '2013-02-17', NULL, NULL),
(433, 1, 12.00, 0, 1, 988, '2013-02-17', NULL, NULL),
(434, 4, 0.00, 0, 1, 995, '2013-02-17', NULL, NULL),
(435, 15, 0.00, 0, 1, 1025, '2013-02-17', NULL, NULL),
(436, 15, 0.00, 0, 1, 1024, '2013-02-17', NULL, NULL),
(437, 15, 0.00, 0, 1, 1023, '2013-02-17', NULL, NULL),
(438, 4, 0.00, 0, 1, 994, '2013-02-17', NULL, NULL),
(439, 4, 0.00, 0, 1, 993, '2013-02-17', NULL, NULL),
(440, 4, 0.00, 0, 1, 992, '2013-02-17', NULL, NULL),
(441, 1, 12.00, 0, 1, 987, '2013-02-17', NULL, NULL),
(442, 14, 0.00, 0, 1, 1063, '2013-02-17', NULL, NULL),
(443, 1, 12.00, 0, 1, 986, '2013-02-17', NULL, NULL),
(444, 4, 0.00, 0, 1, 991, '2013-02-17', NULL, NULL),
(445, 14, 0.00, 0, 1, 1062, '2013-02-17', NULL, NULL),
(446, 15, 0.00, 0, 1, 1022, '2013-02-17', NULL, NULL),
(447, 4, 0.00, 0, 1, 990, '2013-02-17', NULL, NULL),
(448, 4, 0.00, 0, 1, 989, '2013-02-17', NULL, NULL),
(449, 4, 0.00, 0, 1, 988, '2013-02-17', NULL, NULL),
(450, 15, 0.00, 0, 1, 1021, '2013-02-17', NULL, NULL),
(451, 15, 0.00, 0, 1, 1020, '2013-02-17', NULL, NULL),
(452, 4, 0.00, 0, 1, 987, '2013-02-17', NULL, NULL),
(453, 1, 12.00, 0, 1, 985, '2013-02-17', NULL, NULL),
(454, 14, 0.00, 0, 1, 1061, '2013-02-17', NULL, NULL),
(455, 1, 12.00, 0, 1, 984, '2013-02-17', NULL, NULL),
(456, 4, 0.00, 0, 1, 986, '2013-02-17', NULL, NULL),
(457, 15, 0.00, 0, 1, 1019, '2013-02-17', NULL, NULL),
(458, 1, 12.00, 0, 1, 983, '2013-02-17', NULL, NULL),
(459, 14, 0.00, 0, 1, 1060, '2013-02-17', NULL, NULL),
(460, 4, 0.00, 0, 1, 985, '2013-02-17', NULL, NULL),
(461, 14, 0.00, 0, 1, 1059, '2013-02-17', NULL, NULL),
(462, 1, 12.00, 0, 1, 982, '2013-02-17', NULL, NULL),
(463, 14, 0.00, 0, 1, 1058, '2013-02-17', NULL, NULL),
(464, 4, 0.00, 0, 1, 984, '2013-02-17', NULL, NULL),
(465, 4, 0.00, 0, 1, 983, '2013-02-17', NULL, NULL),
(466, 15, 0.00, 0, 1, 1018, '2013-02-17', NULL, NULL),
(467, 1, 12.00, 0, 1, 981, '2013-02-17', NULL, NULL),
(468, 4, 0.00, 0, 1, 982, '2013-02-17', NULL, NULL),
(469, 4, 0.00, 0, 1, 981, '2013-02-17', NULL, NULL),
(470, 1, 12.00, 0, 1, 980, '2013-02-17', NULL, NULL),
(471, 1, 12.00, 0, 1, 979, '2013-02-17', NULL, NULL),
(472, 15, 0.00, 0, 1, 1017, '2013-02-17', NULL, NULL),
(473, 15, 0.00, 0, 1, 1016, '2013-02-17', NULL, NULL),
(474, 14, 0.00, 0, 1, 1057, '2013-02-17', NULL, NULL),
(475, 1, 12.00, 0, 1, 978, '2013-02-17', NULL, NULL),
(476, 14, 0.00, 0, 1, 1056, '2013-02-17', NULL, NULL),
(477, 1, 12.00, 0, 1, 977, '2013-02-17', NULL, NULL),
(478, 4, 0.00, 0, 1, 980, '2013-02-17', NULL, NULL),
(479, 1, 12.00, 0, 1, 976, '2013-02-17', NULL, NULL),
(480, 14, 0.00, 0, 1, 1055, '2013-02-17', NULL, NULL),
(481, 1, 12.00, 0, 1, 975, '2013-02-17', NULL, NULL),
(482, 15, 0.00, 0, 1, 1015, '2013-02-17', NULL, NULL),
(483, 15, 0.00, 0, 1, 1014, '2013-02-17', NULL, NULL),
(484, 1, 12.00, 0, 1, 974, '2013-02-17', NULL, NULL),
(485, 4, 0.00, 0, 1, 979, '2013-02-17', NULL, NULL),
(486, 1, 12.00, 0, 1, 973, '2013-02-17', NULL, NULL),
(487, 1, 12.00, 0, 1, 972, '2013-02-17', NULL, NULL),
(488, 14, 0.00, 0, 1, 1054, '2013-02-17', NULL, NULL),
(489, 15, 0.00, 0, 1, 1013, '2013-02-17', NULL, NULL),
(490, 1, 12.00, 0, 1, 971, '2013-02-17', NULL, NULL),
(491, 1, 12.00, 0, 1, 970, '2013-02-17', NULL, NULL),
(492, 4, 0.00, 0, 1, 978, '2013-02-17', NULL, NULL),
(493, 15, 0.00, 0, 1, 1012, '2013-02-17', NULL, NULL),
(494, 1, 12.00, 0, 1, 969, '2013-02-17', NULL, NULL),
(495, 1, 12.00, 0, 1, 968, '2013-02-17', NULL, NULL),
(496, 1, 12.00, 0, 1, 967, '2013-02-17', NULL, NULL),
(497, 4, 0.00, 0, 1, 977, '2013-02-17', NULL, NULL),
(498, 14, 0.00, 0, 1, 1053, '2013-02-17', NULL, NULL),
(499, 14, 0.00, 0, 1, 1052, '2013-02-17', NULL, NULL),
(500, 4, 0.00, 0, 1, 976, '2013-02-17', NULL, NULL),
(501, 4, 0.00, 0, 1, 975, '2013-02-17', NULL, NULL),
(502, 1, 12.00, 0, 1, 966, '2013-02-17', NULL, NULL),
(503, 4, 0.00, 0, 1, 974, '2013-02-17', NULL, NULL),
(504, 14, 0.00, 0, 1, 1051, '2013-02-17', NULL, NULL),
(505, 14, 0.00, 0, 1, 1050, '2013-02-17', NULL, NULL),
(506, 14, 0.00, 0, 1, 1049, '2013-02-17', NULL, NULL),
(507, 15, 0.00, 0, 1, 1011, '2013-02-17', NULL, NULL),
(508, 1, 12.00, 0, 1, 965, '2013-02-17', NULL, NULL),
(509, 4, 0.00, 0, 1, 973, '2013-02-17', NULL, NULL),
(510, 14, 0.00, 0, 1, 1048, '2013-02-17', NULL, NULL),
(511, 1, 12.00, 0, 1, 964, '2013-02-17', NULL, NULL),
(512, 4, 0.00, 0, 1, 972, '2013-02-17', NULL, NULL),
(513, 14, 0.00, 0, 1, 1047, '2013-02-17', NULL, NULL),
(514, 1, 12.00, 0, 1, 963, '2013-02-17', NULL, NULL),
(515, 14, 0.00, 0, 1, 1046, '2013-02-17', NULL, NULL),
(516, 1, 12.00, 0, 1, 962, '2013-02-17', NULL, NULL),
(517, 1, 12.00, 0, 1, 961, '2013-02-17', NULL, NULL),
(518, 4, 0.00, 0, 1, 971, '2013-02-17', NULL, NULL),
(519, 1, 12.00, 0, 1, 960, '2013-02-17', NULL, NULL),
(520, 1, 12.00, 0, 1, 959, '2013-02-17', NULL, NULL),
(521, 15, 0.00, 0, 1, 1010, '2013-02-17', NULL, NULL),
(522, 15, 0.00, 0, 1, 1009, '2013-02-17', NULL, NULL),
(523, 4, 0.00, 0, 1, 970, '2013-02-17', NULL, NULL),
(524, 1, 12.00, 0, 1, 958, '2013-02-17', NULL, NULL),
(525, 14, 0.00, 0, 1, 1045, '2013-02-17', NULL, NULL),
(526, 1, 12.00, 0, 1, 957, '2013-02-17', NULL, NULL),
(527, 1, 12.00, 0, 1, 956, '2013-02-17', NULL, NULL),
(528, 15, 0.00, 0, 1, 1008, '2013-02-17', NULL, NULL),
(529, 1, 12.00, 0, 1, 955, '2013-02-17', NULL, NULL),
(530, 4, 0.00, 0, 1, 969, '2013-02-17', NULL, NULL),
(531, 14, 0.00, 0, 1, 1044, '2013-02-17', NULL, NULL),
(532, 15, 0.00, 0, 1, 1007, '2013-02-17', NULL, NULL),
(533, 4, 0.00, 0, 1, 968, '2013-02-17', NULL, NULL),
(534, 1, 12.00, 0, 1, 954, '2013-02-17', NULL, NULL),
(535, 14, 0.00, 0, 1, 1043, '2013-02-17', NULL, NULL),
(536, 1, 12.00, 0, 1, 953, '2013-02-17', NULL, NULL),
(537, 4, 0.00, 0, 1, 967, '2013-02-17', NULL, NULL),
(538, 14, 0.00, 0, 1, 1042, '2013-02-17', NULL, NULL),
(539, 1, 12.00, 0, 1, 952, '2013-02-17', NULL, NULL),
(540, 4, 0.00, 0, 1, 966, '2013-02-17', NULL, NULL),
(541, 14, 0.00, 0, 1, 1041, '2013-02-17', NULL, NULL),
(542, 1, 12.00, 0, 1, 951, '2013-02-17', NULL, NULL),
(543, 4, 0.00, 0, 1, 965, '2013-02-17', NULL, NULL),
(544, 1, 12.00, 0, 1, 950, '2013-02-17', NULL, NULL),
(545, 4, 0.00, 0, 1, 964, '2013-02-17', NULL, NULL),
(546, 14, 0.00, 0, 1, 1040, '2013-02-17', NULL, NULL),
(547, 1, 12.00, 0, 1, 949, '2013-02-17', NULL, NULL),
(548, 4, 0.00, 0, 1, 963, '2013-02-17', NULL, NULL),
(549, 14, 0.00, 0, 1, 1039, '2013-02-17', NULL, NULL),
(550, 1, 12.00, 0, 1, 948, '2013-02-17', NULL, NULL),
(551, 4, 0.00, 0, 1, 962, '2013-02-17', NULL, NULL),
(552, 14, 0.00, 0, 1, 1038, '2013-02-17', NULL, NULL),
(553, 1, 12.00, 0, 1, 947, '2013-02-17', NULL, NULL),
(554, 14, 0.00, 0, 1, 1037, '2013-02-17', NULL, NULL),
(555, 1, 12.00, 0, 1, 946, '2013-02-17', NULL, NULL),
(556, 1, 12.00, 0, 1, 945, '2013-02-17', NULL, NULL),
(557, 4, 0.00, 0, 1, 961, '2013-02-17', NULL, NULL),
(558, 14, 0.00, 0, 1, 1036, '2013-02-17', NULL, NULL),
(559, 1, 12.00, 0, 1, 944, '2013-02-17', NULL, NULL),
(560, 4, 0.00, 0, 1, 960, '2013-02-17', NULL, NULL),
(561, 15, 0.00, 0, 1, 1006, '2013-02-17', NULL, NULL),
(562, 14, 0.00, 0, 1, 1035, '2013-02-17', NULL, NULL),
(563, 1, 12.00, 0, 1, 943, '2013-02-17', NULL, NULL),
(564, 1, 12.00, 0, 1, 942, '2013-02-17', NULL, NULL),
(565, 15, 0.00, 0, 1, 1005, '2013-02-17', NULL, NULL),
(566, 1, 12.00, 0, 1, 941, '2013-02-17', NULL, NULL),
(567, 4, 0.00, 0, 1, 959, '2013-02-17', NULL, NULL),
(568, 4, 0.00, 0, 1, 958, '2013-02-17', NULL, NULL),
(569, 14, 0.00, 0, 1, 1034, '2013-02-17', NULL, NULL),
(570, 4, 0.00, 0, 1, 957, '2013-02-17', NULL, NULL),
(571, 14, 0.00, 0, 1, 1033, '2013-02-17', NULL, NULL),
(572, 14, 0.00, 0, 1, 1032, '2013-02-17', NULL, NULL),
(573, 1, 12.00, 0, 1, 940, '2013-02-17', NULL, NULL),
(574, 4, 0.00, 0, 1, 956, '2013-02-17', NULL, NULL),
(575, 1, 12.00, 0, 1, 939, '2013-02-17', NULL, NULL),
(576, 4, 0.00, 0, 1, 955, '2013-02-17', NULL, NULL),
(577, 14, 0.00, 0, 1, 1031, '2013-02-17', NULL, NULL),
(578, 15, 0.00, 0, 1, 1004, '2013-02-17', NULL, NULL),
(579, 10, 0.00, 0, 1, 3, '2013-02-17', NULL, NULL),
(580, 15, 0.00, 0, 1, 1003, '2013-02-17', NULL, NULL),
(581, 1, 12.00, 0, 1, 938, '2013-02-17', NULL, NULL),
(582, 1, 12.00, 0, 1, 937, '2013-02-17', NULL, NULL),
(583, 1, 12.00, 0, 1, 936, '2013-02-17', NULL, NULL),
(584, 1, 12.00, 0, 1, 935, '2013-02-17', NULL, NULL),
(585, 4, 0.00, 0, 1, 954, '2013-02-17', NULL, NULL),
(586, 4, 0.00, 0, 1, 953, '2013-02-17', NULL, NULL),
(587, 14, 0.00, 0, 1, 1030, '2013-02-17', NULL, NULL),
(588, 14, 0.00, 0, 1, 1029, '2013-02-17', NULL, NULL),
(589, 1, 12.00, 0, 1, 934, '2013-02-17', NULL, NULL),
(590, 4, 0.00, 0, 1, 952, '2013-02-17', NULL, NULL),
(591, 14, 0.00, 0, 1, 1028, '2013-02-17', NULL, NULL),
(592, 4, 0.00, 0, 1, 951, '2013-02-17', NULL, NULL),
(593, 1, 12.00, 0, 1, 933, '2013-02-17', NULL, NULL),
(594, 4, 0.00, 0, 1, 950, '2013-02-17', NULL, NULL),
(595, 1, 12.00, 0, 1, 932, '2013-02-17', NULL, NULL),
(596, 15, 0.00, 0, 1, 1002, '2013-02-17', NULL, NULL),
(597, 16, 0.00, 0, 1, 19, '2013-02-17', NULL, NULL),
(598, 14, 0.00, 0, 1, 1027, '2013-02-17', NULL, NULL),
(599, 1, 12.00, 0, 1, 931, '2013-02-17', NULL, NULL),
(600, 4, 0.00, 0, 1, 949, '2013-02-17', NULL, NULL),
(601, 14, 0.00, 0, 1, 1026, '2013-02-17', NULL, NULL),
(602, 1, 12.00, 0, 1, 930, '2013-02-17', NULL, NULL),
(603, 4, 0.00, 0, 1, 948, '2013-02-17', NULL, NULL),
(604, 14, 0.00, 0, 1, 1025, '2013-02-17', NULL, NULL),
(605, 1, 12.00, 0, 1, 929, '2013-02-17', NULL, NULL),
(606, 16, 0.00, 0, 1, 18, '2013-02-17', NULL, NULL),
(607, 1, 12.00, 0, 1, 928, '2013-02-17', NULL, NULL),
(608, 4, 0.00, 0, 1, 947, '2013-02-17', NULL, NULL),
(609, 14, 0.00, 0, 1, 1024, '2013-02-17', NULL, NULL),
(610, 4, 0.00, 0, 1, 946, '2013-02-17', NULL, NULL),
(611, 1, 12.00, 0, 1, 927, '2013-02-17', NULL, NULL),
(612, 4, 0.00, 0, 1, 945, '2013-02-17', NULL, NULL),
(613, 1, 12.00, 0, 1, 926, '2013-02-17', NULL, NULL),
(614, 1, 12.00, 0, 1, 925, '2013-02-17', NULL, NULL),
(615, 15, 0.00, 0, 1, 1001, '2013-02-17', NULL, NULL),
(616, 15, 0.00, 0, 1, 1000, '2013-02-17', NULL, NULL),
(617, 15, 0.00, 0, 1, 999, '2013-02-17', NULL, NULL),
(618, 1, 12.00, 0, 1, 924, '2013-02-17', NULL, NULL),
(619, 4, 0.00, 0, 1, 944, '2013-02-17', NULL, NULL),
(620, 1, 12.00, 0, 1, 923, '2013-02-17', NULL, NULL),
(621, 4, 0.00, 0, 1, 943, '2013-02-17', NULL, NULL),
(622, 1, 12.00, 0, 1, 922, '2013-02-17', NULL, NULL),
(623, 4, 0.00, 0, 1, 942, '2013-02-17', NULL, NULL),
(624, 14, 0.00, 0, 1, 1023, '2013-02-17', NULL, NULL),
(625, 1, 12.00, 0, 1, 921, '2013-02-18', NULL, NULL),
(626, 4, 0.00, 0, 1, 941, '2013-02-18', NULL, NULL),
(627, 14, 0.00, 0, 1, 1022, '2013-02-18', NULL, NULL),
(628, 15, 0.00, 0, 1, 998, '2013-02-18', NULL, NULL),
(629, 1, 12.00, 0, 1, 920, '2013-02-18', NULL, NULL),
(630, 14, 0.00, 0, 1, 1021, '2013-02-18', NULL, NULL),
(631, 1, 12.00, 0, 1, 919, '2013-02-18', NULL, NULL),
(632, 15, 0.00, 0, 1, 997, '2013-02-18', NULL, NULL),
(633, 4, 0.00, 0, 1, 940, '2013-02-18', NULL, NULL),
(634, 15, 0.00, 0, 1, 996, '2013-02-18', NULL, NULL),
(635, 15, 0.00, 0, 1, 995, '2013-02-18', NULL, NULL),
(636, 1, 12.00, 0, 1, 918, '2013-02-18', NULL, NULL),
(637, 4, 0.00, 0, 1, 939, '2013-02-18', NULL, NULL),
(638, 4, 0.00, 0, 1, 938, '2013-02-18', NULL, NULL),
(639, 1, 12.00, 0, 1, 917, '2013-02-18', NULL, NULL),
(640, 4, 0.00, 0, 1, 937, '2013-02-18', NULL, NULL),
(641, 14, 0.00, 0, 1, 1020, '2013-02-18', NULL, NULL);

-- --------------------------------------------------------

--
-- Table structure for table `categorias`
--

CREATE TABLE IF NOT EXISTS `categorias` (
  `id` int(11) NOT NULL AUTO_INCREMENT,
  `nombre` varchar(50) NOT NULL,
  `descripcion` text,
  `tipo` varchar(50) DEFAULT NULL,
  `estado` int(1) NOT NULL DEFAULT '1',
  PRIMARY KEY (`id`)
) ENGINE=MyISAM  DEFAULT CHARSET=latin1 AUTO_INCREMENT=16 ;

--
-- Dumping data for table `categorias`
--

INSERT INTO `categorias` (`id`, `nombre`, `descripcion`, `tipo`, `estado`) VALUES
(2, 'Phampaku Mixto', 'platos de phampaku', 'Comida', 1),
(1, 'Phampaku', '', 'Comida', 1),
(3, 'Picante', '', 'Comida', 1),
(4, 'Conejo', '', 'Comida', 0),
(5, 'Otros', '', 'Comida', 1),
(6, 'Demo', '', 'Comida', 0),
(7, 'Para Picar', '', 'Comida', 1),
(8, 'Para ni&ntilde;os', '', 'Comida', 1),
(9, 'Hamburguesas', '', 'Comida', 0),
(10, 'Refrescos', '', 'Bebidas', 1),
(11, 'Cerveza', '', 'Bebidas', 1),
(12, 'Otras Bebidas', '', 'Bebidas', 1),
(13, 'Jugos en Jarra', '', 'Bebidas', 1),
(14, 'Cocteles', '', 'Bebidas', 1),
(15, 'Jugos del Valle', '', 'Bebidas', 1);

-- --------------------------------------------------------

--
-- Table structure for table `clientes`
--

CREATE TABLE IF NOT EXISTS `clientes` (
  `id` int(11) NOT NULL AUTO_INCREMENT COMMENT 'Es la llave primaria de la tabla clientes',
  `nombre` varchar(50) NOT NULL,
  `direccion` varchar(200) DEFAULT NULL,
  `telefono` varchar(30) DEFAULT NULL,
  `estado` int(1) DEFAULT '1',
  PRIMARY KEY (`id`)
) ENGINE=MyISAM  DEFAULT CHARSET=latin1 AUTO_INCREMENT=11 ;

--
-- Dumping data for table `clientes`
--

INSERT INTO `clientes` (`id`, `nombre`, `direccion`, `telefono`, `estado`) VALUES
(2, 'Mauricio Ayllon', 'calle uno', '110', 1),
(3, 'Antonio Lopez', 'Calle Garzilazo', '951478', 0),
(5, 'Demo', 'demo', '1231', 1),
(6, 'oscar prieto', 'calle 34', '12345', 1),
(7, 'bryan calderon', 'ceja el alto', '8765654', 1),
(9, 'Adriana Miranda', 'C. Vida Nueva 1234', '70688246', 0),
(10, 'John Maxwel', 'aqui la direccion', '123123', 1);

-- --------------------------------------------------------

--
-- Table structure for table `confmultas`
--

CREATE TABLE IF NOT EXISTS `confmultas` (
  `id` int(11) NOT NULL AUTO_INCREMENT,
  `horas` int(2) DEFAULT NULL,
  `minutos` int(2) DEFAULT NULL,
  `monto` float(15,2) NOT NULL DEFAULT '0.00',
  `observaciones` text,
  PRIMARY KEY (`id`)
) ENGINE=MyISAM  DEFAULT CHARSET=latin1 AUTO_INCREMENT=5 ;

--
-- Dumping data for table `confmultas`
--

INSERT INTO `confmultas` (`id`, `horas`, `minutos`, `monto`, `observaciones`) VALUES
(3, 0, 30, 50.00, 'retraso leve'),
(2, 0, 45, 100.00, 'otro'),
(4, 16, 0, 10.00, 'por atrasones');

-- --------------------------------------------------------

--
-- Table structure for table `contratos`
--

CREATE TABLE IF NOT EXISTS `contratos` (
  `id` int(11) NOT NULL AUTO_INCREMENT,
  `usuario_id` int(11) NOT NULL,
  `sueldo` float(10,2) DEFAULT NULL,
  `fechainicio` date NOT NULL,
  `fechafin` date NOT NULL,
  `observaciones` text,
  PRIMARY KEY (`id`)
) ENGINE=MyISAM  DEFAULT CHARSET=latin1 AUTO_INCREMENT=2 ;

--
-- Dumping data for table `contratos`
--

INSERT INTO `contratos` (`id`, `usuario_id`, `sueldo`, `fechainicio`, `fechafin`, `observaciones`) VALUES
(1, 2, 1000.00, '2012-09-01', '2012-12-31', NULL);

-- --------------------------------------------------------

--
-- Table structure for table `departamentos`
--

CREATE TABLE IF NOT EXISTS `departamentos` (
  `id` int(11) NOT NULL AUTO_INCREMENT,
  `nombre` varchar(200) NOT NULL,
  PRIMARY KEY (`id`)
) ENGINE=InnoDB  DEFAULT CHARSET=latin1 AUTO_INCREMENT=3 ;

--
-- Dumping data for table `departamentos`
--

INSERT INTO `departamentos` (`id`, `nombre`) VALUES
(1, 'La Paz'),
(2, 'Cochabamba');

-- --------------------------------------------------------

--
-- Table structure for table `descuentos`
--

CREATE TABLE IF NOT EXISTS `descuentos` (
  `id` int(11) NOT NULL AUTO_INCREMENT,
  `porcentaje` float(10,2) DEFAULT NULL,
  `observacion` varchar(120) DEFAULT NULL,
  PRIMARY KEY (`id`)
) ENGINE=MyISAM  DEFAULT CHARSET=latin1 AUTO_INCREMENT=4 ;

--
-- Dumping data for table `descuentos`
--

INSERT INTO `descuentos` (`id`, `porcentaje`, `observacion`) VALUES
(1, 0.00, '10 %'),
(3, 0.20, '20 %');

-- --------------------------------------------------------

--
-- Table structure for table `estados`
--

CREATE TABLE IF NOT EXISTS `estados` (
  `id` int(11) NOT NULL AUTO_INCREMENT,
  `nombre` varchar(100) DEFAULT NULL,
  PRIMARY KEY (`id`)
) ENGINE=InnoDB  DEFAULT CHARSET=latin1 AUTO_INCREMENT=5 ;

--
-- Dumping data for table `estados`
--

INSERT INTO `estados` (`id`, `nombre`) VALUES
(1, 'alta'),
(2, 'baja'),
(3, 'vacacion'),
(4, 'permiso');

-- --------------------------------------------------------

--
-- Table structure for table `facturas`
--

CREATE TABLE IF NOT EXISTS `facturas` (
  `id` int(11) NOT NULL AUTO_INCREMENT,
  `codigo_control` varchar(20) DEFAULT NULL,
  `cliente` varchar(255) DEFAULT NULL,
  `nit` varchar(30) DEFAULT NULL,
  `importetotal` decimal(10,2) DEFAULT NULL,
  `fecha` date DEFAULT NULL,
  PRIMARY KEY (`id`)
) ENGINE=MyISAM  DEFAULT CHARSET=latin1 AUTO_INCREMENT=106 ;

--
-- Dumping data for table `facturas`
--

INSERT INTO `facturas` (`id`, `codigo_control`, `cliente`, `nit`, `importetotal`, `fecha`) VALUES
(95, NULL, 'Herreraa', '1234567', '137.00', NULL),
(94, NULL, 'Herreraa', '1234567', '137.00', NULL),
(93, NULL, 'Perez', '1417692017', '137.00', NULL),
(92, NULL, 'Perez', '4189179011', '137.00', NULL),
(91, NULL, 'Herrera', '4376810', '137.00', NULL),
(90, NULL, 'Herrera', '4189179011', '137.00', NULL),
(89, NULL, 'Herrera', '4189179011', '132.00', NULL),
(88, NULL, 'Herrera', '4477890104', '132.00', NULL),
(87, NULL, 'Herrera', '4376810', '137.00', NULL),
(86, NULL, 'Herrera', '4376810', '137.00', NULL),
(85, NULL, 'Herrera', '4376810', '137.00', NULL),
(84, NULL, 'Herrera', '4376810', '132.00', NULL),
(83, NULL, 'Herrera', '4376810', '132.00', NULL),
(82, NULL, 'Herrera', '4376810', '132.00', NULL),
(81, NULL, 'Herrera', '4376810', '132.00', NULL),
(80, NULL, 'Herrera', '4376810', '132.00', NULL),
(79, NULL, 'Herrera', '4376810', '132.00', NULL),
(78, NULL, 'Herrera', '4376810', '132.00', NULL),
(77, NULL, 'Herrera', '4376810', '132.00', NULL),
(76, NULL, 'Herrera', '4376810', '132.00', NULL),
(75, NULL, 'Herrera', '4376810', '132.00', NULL),
(74, NULL, 'Herrera', '4376810', '132.00', NULL),
(73, NULL, 'Herrera', '4376810', '132.00', NULL),
(72, NULL, 'Herrera', '4376810', '132.00', NULL),
(71, NULL, 'Herrera', '4376810', '132.00', NULL),
(70, NULL, 'Herrera', '4376810', '132.00', NULL),
(69, NULL, 'Herrera', '4376810', '132.00', NULL),
(68, NULL, 'Herrera', '4376810', '132.00', NULL),
(67, NULL, 'Herrera', '4376810', '132.00', NULL),
(66, NULL, 'Herrera', '4376810', '132.00', NULL),
(65, NULL, 'Herrera', '123123', '132.00', NULL),
(64, NULL, 'Herrera', '123123', '132.00', NULL),
(63, NULL, 'Herrera', '123123', '132.00', NULL),
(62, NULL, 'Herrera', '123123', '132.00', NULL),
(61, NULL, 'Herrera', '123123', '132.00', NULL),
(60, NULL, 'Herrera', '123123', '132.00', NULL),
(59, NULL, 'Herrera', '123123', '132.00', NULL),
(58, NULL, 'Herrera', '123123', '132.00', NULL),
(57, NULL, 'Herrera', '123123', '132.00', NULL),
(56, NULL, 'Herrera', '123123', '132.00', NULL),
(55, NULL, 'Herrera', '123123', '132.00', NULL),
(54, NULL, 'Herrera', NULL, '132.00', NULL),
(53, NULL, 'Herrera', NULL, '132.00', NULL),
(52, NULL, 'Herrera', NULL, '132.00', NULL),
(51, NULL, 'Herrera', '123123', '132.00', NULL),
(50, NULL, 'Herrera', '123123', '132.00', NULL),
(96, NULL, 'Herreraa', '1234567', '137.00', NULL),
(97, NULL, 'Herreraa', '1234567', '137.00', NULL),
(98, NULL, 'Herreraa', '1417692017', '137.00', NULL),
(99, NULL, 'Herreraa', '1417692017', '137.00', NULL),
(100, NULL, 'Herreraa', '1417692017', '137.00', NULL),
(101, NULL, 'Perez', '1234567890', '137.00', NULL),
(102, NULL, 'Perez', '1234567890', '137.00', NULL),
(103, NULL, 'Herrea', '1234567890', '132.00', NULL),
(104, NULL, 'miranda', '4839295013', '150.00', NULL),
(105, NULL, 'miranda', '4839295013', '75.00', NULL);

-- --------------------------------------------------------

--
-- Table structure for table `horarios`
--

CREATE TABLE IF NOT EXISTS `horarios` (
  `id` int(11) NOT NULL AUTO_INCREMENT,
  `entrada` time DEFAULT NULL,
  `salida` time DEFAULT NULL,
  `observacion` varchar(200) DEFAULT NULL,
  `habil` int(1) DEFAULT NULL,
  `dia` varchar(30) DEFAULT NULL,
  PRIMARY KEY (`id`)
) ENGINE=MyISAM  DEFAULT CHARSET=latin1 AUTO_INCREMENT=2 ;

--
-- Dumping data for table `horarios`
--

INSERT INTO `horarios` (`id`, `entrada`, `salida`, `observacion`, `habil`, `dia`) VALUES
(1, '09:00:00', '20:00:00', 'ninguna', 1, 'lunes');

-- --------------------------------------------------------

--
-- Table structure for table `insumos`
--

CREATE TABLE IF NOT EXISTS `insumos` (
  `id` int(11) NOT NULL AUTO_INCREMENT,
  `nombre` varchar(50) NOT NULL,
  `preciocompra` float(15,2) NOT NULL DEFAULT '0.00',
  `precioventa` float(15,2) NOT NULL DEFAULT '0.00',
  `fecha` date NOT NULL,
  `total` int(11) NOT NULL DEFAULT '0',
  `bodega` int(11) NOT NULL DEFAULT '0',
  `tipo_id` int(11) NOT NULL DEFAULT '0',
  `estado` int(1) NOT NULL DEFAULT '1',
  `observaciones` varchar(255) DEFAULT NULL,
  PRIMARY KEY (`id`)
) ENGINE=MyISAM  DEFAULT CHARSET=latin1 AUTO_INCREMENT=44 ;

--
-- Dumping data for table `insumos`
--

INSERT INTO `insumos` (`id`, `nombre`, `preciocompra`, `precioventa`, `fecha`, `total`, `bodega`, `tipo_id`, `estado`, `observaciones`) VALUES
(1, 'Pollo', 12.00, 0.00, '2012-08-24', 50, 1000, 1, 1, ''),
(2, 'Cerdo', 0.00, 0.00, '2012-08-24', 0, 53, 1, 1, ''),
(3, 'Laping', 0.00, 0.00, '2012-08-24', 50, 7, 1, 1, ''),
(4, 'Cordero', 0.00, 0.00, '2012-08-24', 50, 1000, 1, 1, ''),
(5, 'Pato', 0.00, 0.00, '2012-08-24', 30, 20, 1, 1, ''),
(6, 'Coca Cola', 11.00, 12.00, '2012-08-24', 12, 64, 4, 1, ''),
(7, 'Fanta', 0.00, 0.00, '2012-08-24', 0, 100, 4, 1, ''),
(8, 'platos', 6.00, 0.00, '2012-08-25', 40, 0, 5, 1, ''),
(9, 'Huari', 12.00, 0.00, '2012-08-26', 58, 62, 6, 1, ''),
(10, 'Pacena', 0.00, 0.00, '2012-08-26', 1, 4, 6, 1, ''),
(11, 'Taqui&ntilde;a', 0.00, 0.00, '2012-08-26', 72, 48, 6, 1, ''),
(12, 'Cordillera', 0.00, 0.00, '2012-08-26', 20, 30, 6, 1, ''),
(13, 'Inca', 0.00, 0.00, '2012-08-26', 50, 24, 6, 1, ''),
(14, 'Durazno', 0.00, 0.00, '2012-08-26', 10, 1074, 7, 1, ''),
(15, 'Manzana', 0.00, 0.00, '2012-08-26', 10, 1030, 7, 1, ''),
(16, 'Tumbo', 0.00, 0.00, '2012-08-26', 30, 20, 7, 1, ''),
(17, 'Guinda', 0.00, 0.00, '2012-08-26', 12, 24, 7, 1, ''),
(18, 'Tamarindo', 0.00, 0.00, '2012-08-26', 12, 24, 7, 1, ''),
(19, 'Guayaba', 0.00, 0.00, '2012-08-26', 12, 24, 7, 1, ''),
(20, 'Garapina', 0.00, 0.00, '2012-08-26', 50, 30, 8, 1, ''),
(21, 'Mote de Haba', 0.00, 0.00, '2012-08-26', 0, 20, 9, 1, ''),
(22, 'Cebolla', 0.00, 0.00, '2012-08-26', 9, 4, 10, 0, ''),
(23, 'Tomate', 0.00, 0.00, '2012-08-26', 10, 5, 10, 1, ''),
(24, 'Queso', 0.00, 0.00, '2012-08-26', 0, 71, 10, 1, ''),
(25, 'Locoto', 0.00, 0.00, '2012-08-26', 20, 20, 10, 1, ''),
(26, 'Impresora Epson Mp20', 700.00, 0.00, '2012-09-28', 2, 0, 11, 1, ''),
(27, 'Mote', 12.00, 14.00, '2012-10-03', 10, 0, 10, 1, ''),
(28, 'Sprite', 12.00, 15.00, '2012-10-03', 10, 0, 4, 1, ''),
(29, 'Agua Mineral 1/2 Litro', 0.00, 0.00, '2012-10-06', 8, 0, 12, 1, ''),
(30, 'Agua Mineral 2 Litros ', 0.00, 0.00, '2012-10-06', 0, 0, 12, 1, ''),
(31, 'Coca Cola Zero', 0.00, 0.00, '2012-10-06', 0, 0, 13, 1, ''),
(32, 'Coca Cola Zero', 0.00, 0.00, '2012-10-06', 0, 0, 14, 1, ''),
(33, 'Agua C/G Mineral 1/2 Litro ', 0.00, 0.00, '2012-10-06', 7, 0, 12, 1, ''),
(34, 'Agua Mineral C/G 2 Litros', 0.00, 0.00, '2012-10-06', 0, 0, 12, 1, ''),
(43, 'Chicle Top Line', 0.20, 0.50, '2013-02-16', 40, 10, 16, 1, '');

-- --------------------------------------------------------

--
-- Table structure for table `items`
--

CREATE TABLE IF NOT EXISTS `items` (
  `id` int(11) NOT NULL AUTO_INCREMENT,
  `pedido_id` int(11) NOT NULL,
  `producto_id` int(11) NOT NULL,
  `cantidad` smallint(2) NOT NULL DEFAULT '0',
  `precio` float(15,2) NOT NULL DEFAULT '0.00',
  `fecha` datetime NOT NULL,
  PRIMARY KEY (`id`)
) ENGINE=MyISAM  DEFAULT CHARSET=latin1 AUTO_INCREMENT=303 ;

--
-- Dumping data for table `items`
--

INSERT INTO `items` (`id`, `pedido_id`, `producto_id`, `cantidad`, `precio`, `fecha`) VALUES
(19, 13, 12, 1, 60.00, '2012-10-06 16:25:51'),
(20, 14, 12, 1, 60.00, '2012-10-06 19:57:18'),
(21, 14, 18, 1, 12.00, '2012-10-06 19:57:24'),
(22, 15, 12, 2, 120.00, '2012-10-07 00:43:07'),
(23, 15, 18, 1, 12.00, '2012-10-07 00:43:13'),
(24, 16, 12, 1, 60.00, '2012-10-07 13:09:42'),
(25, 16, 18, 1, 12.00, '2012-10-07 13:09:48'),
(26, 16, 17, 1, 65.00, '2012-10-07 13:09:51'),
(27, 17, 12, 2, 120.00, '2012-10-07 15:23:59'),
(28, 17, 20, 1, 12.00, '2012-10-07 15:24:07'),
(29, 18, 12, 2, 120.00, '2012-10-07 22:43:42'),
(30, 18, 17, 1, 65.00, '2012-10-07 22:43:47'),
(31, 18, 18, 1, 12.00, '2012-10-07 22:43:52'),
(32, 19, 12, 1, 60.00, '2012-12-18 19:53:32'),
(33, 19, 9, 3, 180.00, '2012-12-18 19:55:56'),
(34, 20, 14, 4, 240.00, '2012-12-18 21:01:59'),
(35, 20, 9, 16, 960.00, '2012-12-18 21:04:45'),
(36, 20, 15, 2, 120.00, '2012-12-18 21:12:01'),
(37, 20, 3, 3, 180.00, '2012-12-18 21:31:40'),
(38, 20, 20, 1, 12.00, '2012-12-18 22:12:16'),
(39, 21, 3, 2, 120.00, '2012-12-21 20:16:34'),
(40, 21, 18, 1, 12.00, '2012-12-21 20:16:40'),
(41, 22, 14, 1, 60.00, '2012-12-22 20:39:24'),
(42, 24, 16, 2, 120.00, '2013-01-31 17:28:14'),
(43, 24, 15, 1, 60.00, '2013-01-31 17:28:20'),
(44, 25, 16, 2, 120.00, '2013-02-02 23:20:23'),
(45, 25, 18, 1, 12.00, '2013-02-02 23:20:33'),
(46, 26, 16, 2, 120.00, '2013-02-02 23:41:06'),
(47, 26, 20, 1, 12.00, '2013-02-02 23:41:30'),
(48, 27, 17, 2, 130.00, '2013-02-06 23:38:40'),
(49, 28, 17, 1, 65.00, '2013-02-07 01:55:40'),
(50, 28, 16, 1, 60.00, '2013-02-07 01:55:42'),
(51, 29, 15, 2, 120.00, '2013-02-11 19:25:27'),
(52, 29, 49, 2, 30.00, '2013-02-11 19:26:29'),
(53, 30, 12, 2, 120.00, '2013-02-11 20:50:06'),
(55, 30, 7, 1, 60.00, '2013-02-11 20:50:17'),
(56, 30, 49, 2, 30.00, '2013-02-11 20:50:59'),
(57, 30, 52, 1, 15.00, '2013-02-11 20:53:57'),
(58, 31, 7, 1, 60.00, '2013-02-11 20:55:20'),
(59, 31, 52, 1, 15.00, '2013-02-11 20:55:43'),
(60, 31, 49, 1, 15.00, '2013-02-11 20:55:44'),
(61, 32, 17, 1, 65.00, '2013-02-15 15:59:46'),
(62, 32, 15, 1, 60.00, '2013-02-15 15:59:50'),
(63, 32, 49, 1, 15.00, '2013-02-15 15:59:57'),
(64, 32, 52, 1, 15.00, '2013-02-15 16:00:01'),
(65, 33, 17, 1, 65.00, '2013-02-16 21:23:50'),
(66, 34, 55, 2, 3.00, '2013-02-17 15:25:44'),
(67, 34, 17, 1, 65.00, '2013-02-17 15:25:52'),
(68, 35, 17, 2, 130.00, '2013-02-17 16:11:01'),
(69, 35, 49, 1, 15.00, '2013-02-17 16:11:07'),
(70, 35, 52, 1, 15.00, '2013-02-17 16:11:12'),
(71, 36, 17, 1, 65.00, '2013-02-17 16:12:15'),
(72, 36, 52, 1, 15.00, '2013-02-17 16:12:21'),
(73, 37, 15, 2, 120.00, '2013-02-17 16:13:01'),
(74, 37, 49, 1, 15.00, '2013-02-17 16:13:07'),
(75, 38, 49, 1, 15.00, '2013-02-17 16:13:49'),
(76, 38, 52, 1, 15.00, '2013-02-17 16:13:50'),
(77, 39, 49, 1, 15.00, '2013-02-17 16:14:41'),
(78, 39, 52, 1, 15.00, '2013-02-17 16:14:45'),
(79, 39, 15, 2, 120.00, '2013-02-17 16:14:52'),
(80, 40, 52, 1, 15.00, '2013-02-17 16:15:53'),
(81, 41, 15, 1, 60.00, '2013-02-17 16:21:34'),
(82, 41, 49, 1, 15.00, '2013-02-17 16:21:38'),
(83, 42, 49, 1, 15.00, '2013-02-17 16:29:53'),
(84, 43, 15, 1, 60.00, '2013-02-17 16:30:15'),
(85, 44, 15, 1, 60.00, '2013-02-17 16:37:13'),
(86, 45, 15, 1, 60.00, '2013-02-17 16:37:13'),
(87, 44, 52, 1, 15.00, '2013-02-17 16:37:16'),
(88, 45, 52, 1, 15.00, '2013-02-17 16:37:18'),
(89, 46, 17, 1, 65.00, '2013-02-17 18:23:10'),
(90, 46, 49, 1, 15.00, '2013-02-17 18:23:14'),
(91, 47, 15, 1, 60.00, '2013-02-17 18:25:44'),
(92, 47, 17, 1, 65.00, '2013-02-17 18:25:48'),
(93, 47, 49, 1, 15.00, '2013-02-17 18:25:52'),
(94, 48, 15, 1, 60.00, '2013-02-17 18:27:49'),
(95, 48, 49, 1, 15.00, '2013-02-17 18:27:51'),
(96, 49, 15, 1, 60.00, '2013-02-17 18:28:27'),
(97, 49, 49, 1, 15.00, '2013-02-17 18:28:31'),
(98, 50, 15, 1, 60.00, '2013-02-17 18:29:05'),
(99, 51, 15, 1, 60.00, '2013-02-17 18:30:35'),
(100, 52, 15, 1, 60.00, '2013-02-17 18:31:04'),
(101, 53, 15, 1, 60.00, '2013-02-17 18:31:47'),
(102, 54, 15, 1, 60.00, '2013-02-17 18:33:04'),
(103, 55, 15, 1, 60.00, '2013-02-17 18:34:44'),
(104, 56, 15, 1, 60.00, '2013-02-17 18:39:13'),
(105, 57, 15, 1, 60.00, '2013-02-17 18:42:18'),
(106, 57, 49, 1, 15.00, '2013-02-17 18:42:21'),
(107, 58, 15, 1, 60.00, '2013-02-17 18:43:20'),
(108, 58, 49, 1, 15.00, '2013-02-17 18:43:23'),
(109, 59, 15, 1, 60.00, '2013-02-17 18:45:33'),
(110, 59, 49, 1, 15.00, '2013-02-17 18:45:36'),
(111, 60, 15, 1, 60.00, '2013-02-17 18:47:44'),
(112, 60, 49, 1, 15.00, '2013-02-17 18:47:48'),
(113, 61, 15, 1, 60.00, '2013-02-17 18:49:12'),
(114, 61, 49, 1, 15.00, '2013-02-17 18:49:14'),
(115, 62, 15, 1, 60.00, '2013-02-17 18:51:36'),
(116, 62, 49, 1, 15.00, '2013-02-17 18:51:40'),
(117, 63, 15, 1, 60.00, '2013-02-17 18:53:12'),
(118, 63, 49, 1, 15.00, '2013-02-17 18:53:15'),
(120, 66, 15, 1, 60.00, '2013-02-17 18:59:58'),
(121, 66, 49, 1, 15.00, '2013-02-17 19:00:06'),
(122, 67, 14, 1, 60.00, '2013-02-17 19:00:12'),
(123, 67, 52, 1, 15.00, '2013-02-17 19:00:21'),
(124, 68, 52, 2, 30.00, '2013-02-17 19:01:49'),
(125, 68, 15, 1, 60.00, '2013-02-17 19:01:54'),
(126, 69, 15, 1, 60.00, '2013-02-17 19:01:55'),
(127, 68, 14, 1, 60.00, '2013-02-17 19:01:55'),
(128, 69, 49, 1, 15.00, '2013-02-17 19:02:00'),
(129, 70, 52, 1, 15.00, '2013-02-17 19:02:57'),
(130, 70, 14, 1, 60.00, '2013-02-17 19:02:59'),
(131, 71, 15, 1, 60.00, '2013-02-17 19:03:27'),
(132, 71, 49, 1, 15.00, '2013-02-17 19:03:32'),
(133, 71, 14, 1, 60.00, '2013-02-17 19:03:36'),
(134, 72, 15, 1, 60.00, '2013-02-17 19:04:32'),
(135, 72, 14, 1, 60.00, '2013-02-17 19:04:33'),
(136, 72, 52, 2, 30.00, '2013-02-17 19:04:36'),
(137, 73, 52, 1, 15.00, '2013-02-17 19:07:58'),
(138, 73, 14, 2, 120.00, '2013-02-17 19:08:01'),
(139, 74, 14, 1, 60.00, '2013-02-17 19:08:06'),
(140, 74, 15, 1, 60.00, '2013-02-17 19:08:09'),
(141, 74, 49, 1, 15.00, '2013-02-17 19:08:14'),
(142, 75, 15, 1, 60.00, '2013-02-17 19:09:38'),
(143, 75, 14, 1, 60.00, '2013-02-17 19:09:39'),
(144, 75, 49, 1, 15.00, '2013-02-17 19:09:42'),
(145, 75, 52, 1, 15.00, '2013-02-17 19:09:44'),
(146, 76, 14, 3, 180.00, '2013-02-17 19:31:50'),
(147, 76, 52, 2, 30.00, '2013-02-17 19:31:54'),
(148, 77, 14, 1, 60.00, '2013-02-17 19:31:57'),
(149, 77, 15, 1, 60.00, '2013-02-17 19:31:58'),
(150, 77, 49, 1, 15.00, '2013-02-17 19:32:03'),
(151, 79, 15, 1, 60.00, '2013-02-17 19:52:07'),
(152, 79, 14, 1, 60.00, '2013-02-17 19:52:08'),
(153, 79, 52, 1, 15.00, '2013-02-17 19:52:10'),
(154, 78, 15, 1, 60.00, '2013-02-17 19:52:11'),
(155, 79, 49, 1, 15.00, '2013-02-17 19:52:11'),
(156, 78, 14, 1, 60.00, '2013-02-17 19:52:12'),
(157, 78, 49, 1, 15.00, '2013-02-17 19:52:14'),
(158, 80, 15, 1, 60.00, '2013-02-17 19:57:54'),
(159, 80, 49, 1, 15.00, '2013-02-17 19:57:58'),
(160, 81, 14, 2, 120.00, '2013-02-17 19:58:29'),
(161, 81, 52, 1, 15.00, '2013-02-17 19:58:33'),
(162, 82, 15, 3, 180.00, '2013-02-17 19:58:45'),
(163, 82, 14, 2, 120.00, '2013-02-17 19:58:46'),
(164, 82, 52, 2, 30.00, '2013-02-17 19:58:51'),
(165, 82, 49, 1, 15.00, '2013-02-17 19:58:53'),
(166, 83, 15, 1, 60.00, '2013-02-17 20:09:05'),
(167, 83, 49, 1, 15.00, '2013-02-17 20:09:08'),
(168, 84, 14, 1, 60.00, '2013-02-17 20:09:40'),
(169, 84, 15, 1, 60.00, '2013-02-17 20:09:41'),
(170, 84, 49, 1, 15.00, '2013-02-17 20:09:44'),
(171, 85, 15, 2, 120.00, '2013-02-17 20:10:13'),
(172, 85, 52, 2, 30.00, '2013-02-17 20:10:16'),
(173, 86, 14, 1, 60.00, '2013-02-17 20:10:25'),
(174, 86, 15, 2, 120.00, '2013-02-17 20:10:26'),
(175, 86, 49, 1, 15.00, '2013-02-17 20:10:33'),
(176, 86, 52, 1, 15.00, '2013-02-17 20:10:35'),
(177, 87, 15, 1, 60.00, '2013-02-17 20:10:44'),
(178, 87, 14, 1, 60.00, '2013-02-17 20:10:48'),
(179, 87, 52, 1, 15.00, '2013-02-17 20:10:50'),
(180, 88, 15, 2, 120.00, '2013-02-17 20:12:13'),
(181, 89, 15, 1, 60.00, '2013-02-17 20:12:14'),
(182, 88, 14, 1, 60.00, '2013-02-17 20:12:15'),
(183, 89, 49, 1, 15.00, '2013-02-17 20:12:18'),
(184, 88, 49, 1, 15.00, '2013-02-17 20:12:18'),
(185, 90, 14, 2, 120.00, '2013-02-17 20:12:50'),
(186, 91, 15, 1, 60.00, '2013-02-17 20:12:52'),
(187, 91, 14, 1, 60.00, '2013-02-17 20:12:53'),
(188, 90, 49, 2, 30.00, '2013-02-17 20:12:53'),
(189, 91, 49, 1, 15.00, '2013-02-17 20:12:56'),
(190, 91, 52, 1, 15.00, '2013-02-17 20:12:57'),
(191, 92, 15, 1, 60.00, '2013-02-17 20:15:04'),
(192, 92, 14, 1, 60.00, '2013-02-17 20:15:05'),
(193, 92, 49, 1, 15.00, '2013-02-17 20:15:08'),
(194, 93, 15, 1, 60.00, '2013-02-17 20:15:54'),
(195, 93, 14, 1, 60.00, '2013-02-17 20:15:55'),
(196, 93, 49, 1, 15.00, '2013-02-17 20:15:57'),
(197, 94, 15, 1, 60.00, '2013-02-17 20:16:49'),
(198, 94, 49, 1, 15.00, '2013-02-17 20:16:52'),
(199, 95, 15, 2, 120.00, '2013-02-17 20:16:53'),
(200, 94, 14, 1, 60.00, '2013-02-17 20:16:56'),
(201, 96, 15, 2, 120.00, '2013-02-17 20:17:23'),
(202, 96, 52, 2, 30.00, '2013-02-17 20:17:25'),
(203, 97, 14, 1, 60.00, '2013-02-17 20:17:31'),
(204, 97, 15, 1, 60.00, '2013-02-17 20:17:32'),
(205, 97, 49, 1, 15.00, '2013-02-17 20:17:35'),
(206, 98, 15, 2, 120.00, '2013-02-17 20:23:30'),
(207, 98, 52, 1, 15.00, '2013-02-17 20:23:33'),
(208, 99, 15, 1, 60.00, '2013-02-17 20:23:37'),
(209, 99, 14, 1, 60.00, '2013-02-17 20:23:38'),
(210, 99, 49, 1, 15.00, '2013-02-17 20:23:39'),
(211, 99, 52, 1, 15.00, '2013-02-17 20:23:41'),
(212, 100, 14, 1, 60.00, '2013-02-17 20:35:22'),
(213, 100, 15, 1, 60.00, '2013-02-17 20:35:23'),
(214, 100, 49, 1, 15.00, '2013-02-17 20:35:26'),
(215, 101, 15, 1, 60.00, '2013-02-17 20:35:54'),
(216, 101, 14, 1, 60.00, '2013-02-17 20:35:56'),
(217, 101, 49, 1, 15.00, '2013-02-17 20:36:00'),
(218, 102, 15, 1, 60.00, '2013-02-17 20:40:23'),
(219, 102, 14, 1, 60.00, '2013-02-17 20:40:23'),
(220, 102, 49, 1, 15.00, '2013-02-17 20:40:26'),
(221, 103, 15, 1, 60.00, '2013-02-17 20:57:13'),
(222, 103, 14, 1, 60.00, '2013-02-17 20:57:14'),
(223, 104, 15, 1, 60.00, '2013-02-17 21:00:27'),
(224, 104, 14, 1, 60.00, '2013-02-17 21:00:28'),
(225, 104, 49, 1, 15.00, '2013-02-17 21:00:31'),
(226, 105, 15, 1, 60.00, '2013-02-17 21:22:10'),
(227, 105, 14, 1, 60.00, '2013-02-17 21:22:11'),
(228, 105, 49, 1, 15.00, '2013-02-17 21:22:13'),
(229, 106, 15, 1, 60.00, '2013-02-17 21:24:48'),
(230, 106, 14, 1, 60.00, '2013-02-17 21:24:49'),
(231, 106, 49, 1, 15.00, '2013-02-17 21:24:51'),
(232, 107, 15, 1, 60.00, '2013-02-17 21:28:30'),
(233, 107, 49, 1, 15.00, '2013-02-17 21:28:33'),
(234, 108, 15, 1, 60.00, '2013-02-17 21:31:57'),
(235, 108, 14, 1, 60.00, '2013-02-17 21:31:58'),
(236, 108, 49, 1, 15.00, '2013-02-17 21:32:00'),
(237, 109, 15, 1, 60.00, '2013-02-17 21:35:00'),
(238, 110, 14, 1, 60.00, '2013-02-17 21:35:01'),
(239, 110, 52, 1, 15.00, '2013-02-17 21:35:04'),
(240, 109, 49, 1, 15.00, '2013-02-17 21:35:09'),
(241, 112, 15, 2, 120.00, '2013-02-17 21:36:41'),
(242, 112, 52, 1, 15.00, '2013-02-17 21:36:44'),
(243, 113, 15, 1, 60.00, '2013-02-17 21:36:52'),
(244, 113, 14, 1, 60.00, '2013-02-17 21:36:53'),
(245, 114, 14, 2, 120.00, '2013-02-17 21:37:00'),
(246, 113, 49, 1, 15.00, '2013-02-17 21:37:00'),
(247, 114, 49, 2, 30.00, '2013-02-17 21:37:08'),
(248, 115, 15, 1, 60.00, '2013-02-17 21:44:08'),
(249, 115, 14, 1, 60.00, '2013-02-17 21:44:10'),
(250, 116, 15, 1, 60.00, '2013-02-17 21:44:12'),
(251, 116, 14, 1, 60.00, '2013-02-17 21:44:13'),
(252, 115, 49, 1, 15.00, '2013-02-17 21:44:14'),
(253, 116, 52, 1, 15.00, '2013-02-17 21:44:16'),
(254, 116, 23, 1, 15.00, '2013-02-17 21:44:28'),
(255, 117, 52, 1, 15.00, '2013-02-17 21:44:44'),
(256, 117, 15, 2, 120.00, '2013-02-17 21:44:48'),
(257, 118, 15, 2, 120.00, '2013-02-17 21:45:26'),
(258, 119, 14, 2, 120.00, '2013-02-17 21:45:53'),
(259, 119, 49, 2, 30.00, '2013-02-17 21:45:57'),
(260, 120, 15, 1, 60.00, '2013-02-17 21:47:19'),
(261, 120, 14, 1, 60.00, '2013-02-17 21:47:20'),
(262, 120, 49, 1, 15.00, '2013-02-17 21:47:22'),
(263, 121, 14, 2, 120.00, '2013-02-17 21:47:43'),
(264, 121, 15, 1, 60.00, '2013-02-17 21:47:52'),
(265, 121, 52, 1, 15.00, '2013-02-17 21:48:04'),
(266, 121, 54, 1, 15.00, '2013-02-17 21:48:08'),
(267, 121, 49, 1, 15.00, '2013-02-17 21:48:09'),
(268, 122, 15, 1, 60.00, '2013-02-17 21:48:20'),
(269, 122, 14, 1, 60.00, '2013-02-17 21:48:21'),
(270, 122, 49, 1, 15.00, '2013-02-17 21:48:23'),
(271, 123, 15, 1, 60.00, '2013-02-17 21:50:03'),
(272, 123, 14, 1, 60.00, '2013-02-17 21:50:04'),
(273, 123, 49, 1, 15.00, '2013-02-17 21:50:07'),
(274, 124, 15, 1, 60.00, '2013-02-17 21:50:28'),
(275, 124, 54, 1, 15.00, '2013-02-17 21:50:34'),
(276, 125, 15, 1, 60.00, '2013-02-17 21:50:54'),
(277, 125, 14, 1, 60.00, '2013-02-17 21:50:55'),
(278, 125, 49, 1, 15.00, '2013-02-17 21:50:57'),
(279, 126, 14, 1, 60.00, '2013-02-17 21:51:22'),
(280, 126, 15, 1, 60.00, '2013-02-17 21:51:25'),
(281, 126, 52, 1, 15.00, '2013-02-17 21:51:27'),
(282, 128, 52, 2, 30.00, '2013-02-17 21:52:00'),
(283, 127, 15, 2, 120.00, '2013-02-17 21:52:01'),
(284, 128, 14, 2, 120.00, '2013-02-17 21:52:02'),
(285, 129, 15, 1, 60.00, '2013-02-17 21:54:37'),
(286, 129, 14, 1, 60.00, '2013-02-17 21:54:39'),
(287, 129, 49, 1, 15.00, '2013-02-17 21:55:14'),
(288, 130, 15, 1, 60.00, '2013-02-18 14:04:07'),
(289, 130, 14, 1, 60.00, '2013-02-18 14:04:08'),
(290, 130, 49, 1, 15.00, '2013-02-18 14:04:10'),
(291, 130, 52, 1, 15.00, '2013-02-18 14:04:12'),
(292, 131, 15, 1, 60.00, '2013-02-18 14:18:29'),
(293, 131, 49, 1, 15.00, '2013-02-18 14:18:31'),
(294, 132, 52, 1, 15.00, '2013-02-18 20:17:23'),
(295, 132, 14, 1, 60.00, '2013-02-18 20:17:27'),
(296, 133, 52, 2, 30.00, '2013-02-18 20:18:43'),
(297, 133, 15, 1, 60.00, '2013-02-18 20:18:48'),
(298, 133, 14, 1, 60.00, '2013-02-18 20:18:49'),
(299, 134, 14, 1, 60.00, '2013-02-18 20:20:14'),
(300, 135, 15, 1, 60.00, '2013-02-18 22:39:44'),
(301, 135, 14, 1, 60.00, '2013-02-18 22:39:45'),
(302, 135, 49, 1, 15.00, '2013-02-18 22:39:47');

-- --------------------------------------------------------

--
-- Table structure for table `movimientos`
--

CREATE TABLE IF NOT EXISTS `movimientos` (
  `id` int(11) NOT NULL AUTO_INCREMENT,
  `insumo_id` int(11) DEFAULT NULL,
  `ingreso` int(11) DEFAULT '0',
  `salida` int(11) DEFAULT '0',
  `total` int(11) DEFAULT '0',
  `fecharegistro` date DEFAULT NULL,
  PRIMARY KEY (`id`)
) ENGINE=MyISAM DEFAULT CHARSET=latin1 AUTO_INCREMENT=1 ;

-- --------------------------------------------------------

--
-- Table structure for table `multas`
--

CREATE TABLE IF NOT EXISTS `multas` (
  `id` int(11) NOT NULL AUTO_INCREMENT,
  `usuario_id` int(11) NOT NULL,
  `conf_multa_id` int(11) NOT NULL,
  `observaciones` text,
  PRIMARY KEY (`id`)
) ENGINE=MyISAM DEFAULT CHARSET=latin1 AUTO_INCREMENT=1 ;

-- --------------------------------------------------------

--
-- Table structure for table `parametrosfacturas`
--

CREATE TABLE IF NOT EXISTS `parametrosfacturas` (
  `id` int(11) NOT NULL AUTO_INCREMENT,
  `nit` varchar(30) DEFAULT NULL,
  `numero_autorizacion` varchar(30) DEFAULT NULL,
  `llave` varchar(500) DEFAULT NULL,
  `otro2` varchar(30) DEFAULT NULL,
  `otro3` int(11) DEFAULT NULL,
  PRIMARY KEY (`id`)
) ENGINE=InnoDB  DEFAULT CHARSET=latin1 AUTO_INCREMENT=2 ;

--
-- Dumping data for table `parametrosfacturas`
--

INSERT INTO `parametrosfacturas` (`id`, `nit`, `numero_autorizacion`, `llave`, `otro2`, `otro3`) VALUES
(1, '3817445010', '29040011007', 'A3Fs4s$)2cvD(eY667A5C4A2rsdf53kw9654E2B23s24df35F5', NULL, NULL);

-- --------------------------------------------------------

--
-- Table structure for table `pedidos`
--

CREATE TABLE IF NOT EXISTS `pedidos` (
  `id` int(11) NOT NULL AUTO_INCREMENT,
  `usuario_id` int(11) NOT NULL,
  `fecha` datetime NOT NULL,
  `mesa` smallint(6) NOT NULL DEFAULT '0',
  `estado` int(1) NOT NULL DEFAULT '0' COMMENT '0 creado, 1 impreso y cosina, 2 servido, 3 pagado, 4 facturado',
  `total` float(15,2) NOT NULL DEFAULT '0.00',
  `monto` float(15,2) NOT NULL DEFAULT '0.00',
  `fechac` varchar(10) NOT NULL,
  PRIMARY KEY (`id`)
) ENGINE=MyISAM  DEFAULT CHARSET=latin1 AUTO_INCREMENT=136 ;

--
-- Dumping data for table `pedidos`
--

INSERT INTO `pedidos` (`id`, `usuario_id`, `fecha`, `mesa`, `estado`, `total`, `monto`, `fechac`) VALUES
(13, 2, '2012-10-06 16:25:32', 1, 1, 60.00, 0.00, ''),
(14, 2, '2012-10-06 19:57:14', 2, 1, 72.00, 200.00, ''),
(15, 2, '2012-10-07 00:43:04', 1, 3, 132.00, 200.00, ''),
(16, 2, '2012-10-07 13:09:39', 2, 3, 137.00, 200.00, ''),
(17, 2, '2012-10-07 15:23:57', 3, 3, 132.00, 200.00, ''),
(18, 2, '2012-10-07 22:43:35', 4, 3, 197.00, 200.00, ''),
(19, 2, '2012-12-18 19:53:24', 1, 1, 0.00, 0.00, ''),
(20, 2, '2012-12-18 20:05:40', 2, 1, 0.00, 0.00, ''),
(21, 2, '2012-12-21 18:42:47', 1, 1, 132.00, 0.00, ''),
(22, 2, '2012-12-22 20:39:05', 1, 1, 60.00, 0.00, ''),
(23, 2, '2013-01-31 15:59:22', 1, 1, 0.00, 0.00, ''),
(24, 2, '2013-01-31 17:27:58', 2, 1, 180.00, 0.00, ''),
(25, 2, '2013-02-02 23:20:09', 1, 1, 132.00, 0.00, ''),
(26, 2, '2013-02-02 23:20:58', 2, 1, 132.00, 0.00, ''),
(27, 2, '2013-02-06 23:16:45', 1, 1, 0.00, 0.00, ''),
(28, 2, '2013-02-07 01:55:32', 1, 1, 125.00, 0.00, ''),
(29, 2, '2013-02-11 19:25:17', 1, 1, 150.00, 0.00, ''),
(30, 2, '2013-02-11 20:50:00', 2, 1, 225.00, 0.00, ''),
(31, 2, '2013-02-11 20:55:17', 3, 1, 90.00, 0.00, ''),
(32, 2, '2013-02-15 15:59:35', 1, 1, 0.00, 0.00, ''),
(33, 2, '2013-02-16 21:23:40', 1, 1, 65.00, 0.00, ''),
(34, 2, '2013-02-17 15:25:35', 1, 1, 68.00, 0.00, ''),
(35, 2, '2013-02-17 16:10:54', 2, 1, 160.00, 0.00, ''),
(36, 2, '2013-02-17 16:12:07', 3, 1, 80.00, 0.00, ''),
(37, 2, '2013-02-17 16:12:48', 4, 1, 135.00, 0.00, ''),
(38, 2, '2013-02-17 16:13:45', 5, 1, 30.00, 0.00, ''),
(39, 2, '2013-02-17 16:14:31', 6, 1, 150.00, 0.00, ''),
(40, 2, '2013-02-17 16:15:44', 7, 1, 15.00, 0.00, ''),
(41, 2, '2013-02-17 16:21:29', 8, 1, 75.00, 0.00, ''),
(42, 2, '2013-02-17 16:29:49', 9, 1, 15.00, 0.00, ''),
(88, 2, '2013-02-17 20:12:06', 28, 1, 195.00, 0.00, ''),
(87, 3, '2013-02-17 20:10:29', 27, 1, 135.00, 0.00, ''),
(86, 2, '2013-02-17 20:10:12', 26, 1, 210.00, 0.00, ''),
(85, 3, '2013-02-17 20:10:09', 25, 1, 150.00, 0.00, ''),
(84, 2, '2013-02-17 20:09:33', 24, 1, 135.00, 0.00, ''),
(83, 2, '2013-02-17 20:09:00', 23, 1, 75.00, 0.00, ''),
(82, 3, '2013-02-17 19:58:41', 22, 1, 345.00, 0.00, ''),
(81, 2, '2013-02-17 19:58:24', 21, 1, 135.00, 0.00, ''),
(80, 2, '2013-02-17 19:57:48', 20, 1, 75.00, 0.00, ''),
(79, 3, '2013-02-17 19:52:04', 19, 1, 150.00, 0.00, ''),
(78, 2, '2013-02-17 19:52:02', 18, 1, 135.00, 0.00, ''),
(77, 2, '2013-02-17 19:31:50', 17, 1, 135.00, 0.00, ''),
(76, 3, '2013-02-17 19:31:39', 16, 1, 210.00, 0.00, ''),
(75, 2, '2013-02-17 19:09:33', 15, 1, 150.00, 0.00, ''),
(74, 2, '2013-02-17 19:07:58', 14, 1, 135.00, 0.00, ''),
(73, 3, '2013-02-17 19:07:55', 13, 1, 135.00, 0.00, ''),
(72, 3, '2013-02-17 19:04:26', 12, 1, 150.00, 0.00, ''),
(71, 2, '2013-02-17 19:03:15', 11, 1, 135.00, 0.00, ''),
(70, 3, '2013-02-17 19:02:54', 10, 1, 75.00, 0.00, ''),
(89, 3, '2013-02-17 20:12:11', 29, 1, 75.00, 0.00, ''),
(90, 3, '2013-02-17 20:12:47', 30, 1, 150.00, 0.00, ''),
(91, 2, '2013-02-17 20:12:48', 31, 1, 150.00, 0.00, ''),
(92, 2, '2013-02-17 20:14:59', 32, 1, 135.00, 0.00, ''),
(93, 2, '2013-02-17 20:15:50', 33, 1, 135.00, 0.00, ''),
(94, 2, '2013-02-17 20:16:45', 34, 1, 135.00, 0.00, ''),
(95, 3, '2013-02-17 20:16:51', 35, 1, 120.00, 0.00, ''),
(96, 3, '2013-02-17 20:17:19', 36, 1, 150.00, 0.00, ''),
(97, 2, '2013-02-17 20:17:26', 37, 1, 135.00, 0.00, ''),
(98, 3, '2013-02-17 20:23:26', 38, 1, 135.00, 0.00, ''),
(99, 2, '2013-02-17 20:23:34', 39, 1, 150.00, 0.00, ''),
(100, 2, '2013-02-17 20:35:19', 40, 1, 135.00, 0.00, ''),
(101, 2, '2013-02-17 20:35:51', 41, 1, 135.00, 0.00, ''),
(102, 2, '2013-02-17 20:40:18', 42, 1, 135.00, 0.00, ''),
(103, 2, '2013-02-17 20:57:09', 43, 1, 120.00, 0.00, ''),
(104, 2, '2013-02-17 21:00:22', 44, 1, 135.00, 0.00, ''),
(105, 2, '2013-02-17 21:22:06', 45, 1, 135.00, 0.00, ''),
(106, 2, '2013-02-17 21:24:44', 46, 1, 135.00, 0.00, ''),
(107, 2, '2013-02-17 21:28:26', 47, 1, 75.00, 0.00, ''),
(108, 2, '2013-02-17 21:31:52', 48, 1, 135.00, 0.00, ''),
(109, 3, '2013-02-17 21:34:47', 49, 1, 75.00, 0.00, ''),
(110, 2, '2013-02-17 21:34:52', 50, 1, 75.00, 0.00, ''),
(111, 3, '2013-02-17 21:36:23', 51, 1, 0.00, 0.00, ''),
(112, 1, '2013-02-17 21:36:38', 52, 1, 135.00, 0.00, ''),
(113, 2, '2013-02-17 21:36:43', 53, 1, 135.00, 0.00, ''),
(114, 3, '2013-02-17 21:36:49', 54, 1, 150.00, 0.00, ''),
(115, 2, '2013-02-17 21:44:00', 55, 1, 135.00, 0.00, ''),
(116, 3, '2013-02-17 21:44:04', 56, 1, 150.00, 0.00, ''),
(117, 1, '2013-02-17 21:44:42', 57, 1, 135.00, 0.00, ''),
(118, 2, '2013-02-17 21:45:22', 58, 1, 120.00, 0.00, ''),
(119, 3, '2013-02-17 21:45:48', 59, 1, 150.00, 0.00, ''),
(120, 2, '2013-02-17 21:47:15', 60, 1, 135.00, 0.00, ''),
(121, 3, '2013-02-17 21:47:30', 61, 1, 225.00, 0.00, ''),
(122, 2, '2013-02-17 21:48:14', 62, 1, 135.00, 0.00, ''),
(123, 2, '2013-02-17 21:49:49', 63, 1, 135.00, 0.00, ''),
(124, 3, '2013-02-17 21:50:23', 64, 1, 75.00, 0.00, ''),
(125, 2, '2013-02-17 21:50:51', 65, 1, 135.00, 0.00, ''),
(126, 1, '2013-02-17 21:51:16', 66, 1, 135.00, 0.00, ''),
(127, 3, '2013-02-17 21:51:55', 67, 1, 120.00, 0.00, ''),
(128, 1, '2013-02-17 21:51:57', 68, 1, 150.00, 0.00, ''),
(129, 2, '2013-02-17 21:54:32', 69, 1, 135.00, 0.00, ''),
(130, 2, '2013-02-18 14:04:00', 1, 1, 150.00, 0.00, ''),
(131, 2, '2013-02-18 14:18:25', 2, 1, 75.00, 0.00, ''),
(132, 1, '2013-02-18 20:17:16', 3, 1, 75.00, 0.00, ''),
(133, 1, '2013-02-18 20:18:40', 4, 1, 150.00, 0.00, ''),
(134, 2, '2013-02-18 20:20:11', 5, 1, 60.00, 0.00, ''),
(135, 2, '2013-02-18 22:39:40', 6, 1, 135.00, 0.00, '');

-- --------------------------------------------------------

--
-- Table structure for table `perfiles`
--

CREATE TABLE IF NOT EXISTS `perfiles` (
  `id` int(11) NOT NULL AUTO_INCREMENT,
  `nombre` varchar(50) NOT NULL,
  `descripcion` varchar(255) DEFAULT NULL,
  PRIMARY KEY (`id`)
) ENGINE=MyISAM  DEFAULT CHARSET=latin1 AUTO_INCREMENT=4 ;

--
-- Dumping data for table `perfiles`
--

INSERT INTO `perfiles` (`id`, `nombre`, `descripcion`) VALUES
(1, 'Administrador', NULL),
(2, 'mozo', NULL),
(3, 'Cobrador', 'Solo se encarga de cobrar');

-- --------------------------------------------------------

--
-- Table structure for table `porciones`
--

CREATE TABLE IF NOT EXISTS `porciones` (
  `id` int(11) NOT NULL AUTO_INCREMENT,
  `producto_id` int(11) NOT NULL,
  `insumo_id` int(11) NOT NULL,
  `cantidad` int(11) NOT NULL,
  PRIMARY KEY (`id`)
) ENGINE=MyISAM  DEFAULT CHARSET=latin1 AUTO_INCREMENT=73 ;

--
-- Dumping data for table `porciones`
--

INSERT INTO `porciones` (`id`, `producto_id`, `insumo_id`, `cantidad`) VALUES
(2, 2, 1, 2),
(3, 1, 1, 1),
(4, 1, 2, 1),
(29, 32, 24, 1),
(26, 15, 1, 2),
(30, 34, 28, 1),
(9, 18, 6, 1),
(10, 19, 1, 2),
(11, 19, 2, 1),
(12, 20, 7, 1),
(13, 21, 22, 1),
(14, 21, 23, 1),
(15, 21, 24, 1),
(17, 22, 9, 1),
(18, 23, 10, 1),
(19, 24, 4, 1),
(20, 24, 1, 1),
(28, 3, 2, 2),
(27, 3, 1, 1),
(31, 4, 3, 2),
(32, 4, 4, 2),
(33, 5, 3, 2),
(34, 5, 1, 1),
(35, 6, 2, 2),
(36, 6, 4, 2),
(37, 8, 2, 2),
(38, 8, 3, 2),
(39, 7, 2, 2),
(40, 7, 1, 1),
(41, 10, 5, 1),
(42, 10, 4, 2),
(43, 11, 5, 1),
(44, 11, 3, 2),
(45, 12, 5, 1),
(46, 12, 2, 1),
(47, 9, 5, 1),
(48, 9, 1, 1),
(72, 14, 4, 2),
(50, 13, 3, 4),
(51, 16, 2, 2),
(52, 17, 5, 2),
(53, 41, 31, 1),
(54, 42, 32, 1),
(55, 44, 11, 1),
(56, 45, 29, 1),
(57, 46, 30, 1),
(58, 47, 33, 1),
(59, 48, 34, 1),
(60, 49, 14, 1),
(61, 50, 19, 1),
(62, 51, 17, 1),
(63, 52, 15, 1),
(64, 53, 18, 1),
(65, 54, 16, 1),
(69, 16, 1, 2),
(71, 55, 43, 1);

-- --------------------------------------------------------

--
-- Table structure for table `productos`
--

CREATE TABLE IF NOT EXISTS `productos` (
  `id` int(11) NOT NULL AUTO_INCREMENT,
  `nombre` varchar(150) NOT NULL,
  `descripcion` varchar(500) DEFAULT NULL,
  `precio` float(15,2) NOT NULL DEFAULT '0.00',
  `categoria_id` int(11) NOT NULL,
  `estado` tinyint(1) DEFAULT '1',
  `insumo_id` int(11) NOT NULL DEFAULT '0',
  PRIMARY KEY (`id`)
) ENGINE=MyISAM  DEFAULT CHARSET=latin1 AUTO_INCREMENT=56 ;

--
-- Dumping data for table `productos`
--

INSERT INTO `productos` (`id`, `nombre`, `descripcion`, `precio`, `categoria_id`, `estado`, `insumo_id`) VALUES
(14, 'Phampaku Cordero', '', 60.00, 1, 1, 0),
(13, 'Phampaku Laping', '', 60.00, 1, 1, 0),
(3, 'Cordero Pollo', '', 60.00, 2, 1, 0),
(4, 'Laping Cordero', '', 60.00, 2, 1, 0),
(5, 'Laping Pollo', '', 60.00, 2, 1, 0),
(6, 'Lechon Cordero', '', 60.00, 2, 1, 0),
(7, 'Lechon Pollo', '', 60.00, 2, 1, 0),
(8, 'Lechon Laping', '', 60.00, 2, 1, 0),
(9, 'Pato Pollo', '', 60.00, 2, 1, 0),
(10, 'Pato Cordero', '', 60.00, 2, 1, 0),
(11, 'Pato Laping', '', 60.00, 2, 1, 0),
(12, 'Pato Lechon', '', 60.00, 2, 1, 0),
(15, 'Phampaku Pollo', '', 60.00, 1, 1, 0),
(16, 'Phampaku Lechon', '', 60.00, 1, 1, 0),
(17, 'Phampaku Pato', '', 65.00, 1, 1, 0),
(18, 'Coca Cola 1 Litro', '', 12.00, 10, 1, 6),
(19, 'Silpancho', '', 40.00, 6, 1, 0),
(20, 'Fanta 1 Litro', '', 12.00, 10, 1, 7),
(21, 'Kallu', '', 15.00, 7, 1, 0),
(22, 'Huari', '', 15.00, 11, 1, 9),
(23, 'Pace&ntilde;a', '', 15.00, 11, 1, 10),
(24, 'Hamburguesa Doble', 'sadf', 20.00, 9, 0, 0),
(25, 'Picante Mixto', '', 60.00, 3, 1, 0),
(28, 'Picante Pollo', '', 60.00, 3, 1, 0),
(27, 'Picante Lengua', '', 60.00, 3, 1, 0),
(26, 'Picante Conejo', '', 60.00, 3, 0, 0),
(29, 'Picante Conejo', '', 60.00, 3, 1, 0),
(30, 'Lambreado Conejo', '', 60.00, 4, 1, 0),
(31, 'Chanka Conejo', '', 50.00, 5, 1, 0),
(32, 'Quesillo', '', 8.00, 7, 1, 24),
(33, 'Pique', '', 60.00, 5, 1, 0),
(34, 'Sprite 1 Litro', '', 15.00, 10, 1, 28),
(35, 'Chanka de Pollo', '', 50.00, 5, 1, 0),
(36, 'Lambreado', '', 50.00, 5, 1, 0),
(37, 'Charke', '', 60.00, 5, 1, 0),
(38, 'Mote de Haba', '', 12.00, 7, 1, 0),
(39, 'Salchipapa', '', 25.00, 8, 1, 0),
(40, 'Pollo Dorado', '', 25.00, 8, 1, 0),
(41, 'Coca Cola Zero 2 Litros', '', 12.00, 10, 1, 31),
(42, 'Coca Cola Zero 1/2 Litro', '', 7.00, 10, 1, 32),
(43, 'Sopa Para Bebe', '', 5.00, 8, 1, 0),
(44, 'Taqui&ntilde;a', NULL, 15.00, 11, 1, 11),
(45, 'Agua Mineral 1/2 Litro', NULL, 7.00, 10, 1, 29),
(46, 'Agua Mineral 2 Litros ', NULL, 12.00, 10, 1, 30),
(47, 'Agua C/G Mineral 1/2 Litro ', NULL, 6.00, 10, 0, 33),
(48, 'Agua Mineral C/G 2 Litros', NULL, 12.00, 10, 1, 34),
(49, 'Durazno', NULL, 15.00, 15, 1, 14),
(50, 'Guayaba', NULL, 15.00, 15, 1, 19),
(51, 'Guinda', '', 15.00, 15, 1, 17),
(52, 'Manzana', NULL, 15.00, 15, 1, 15),
(53, 'Tamarindo', NULL, 15.00, 15, 1, 18),
(54, 'Tumbo', NULL, 15.00, 15, 1, 16),
(55, 'Chicle Top Line', NULL, 1.50, 8, 1, 43);

-- --------------------------------------------------------

--
-- Table structure for table `recibos`
--

CREATE TABLE IF NOT EXISTS `recibos` (
  `id` int(11) NOT NULL AUTO_INCREMENT,
  `nombre` varchar(150) DEFAULT NULL,
  `total` float(10,2) DEFAULT NULL,
  `descuento` float(10,2) DEFAULT NULL,
  `fecha` date DEFAULT NULL,
  PRIMARY KEY (`id`)
) ENGINE=MyISAM  DEFAULT CHARSET=latin1 AUTO_INCREMENT=3 ;

--
-- Dumping data for table `recibos`
--

INSERT INTO `recibos` (`id`, `nombre`, `total`, `descuento`, `fecha`) VALUES
(1, 'Herrera', NULL, NULL, '2012-10-04'),
(2, 'Herrera', 32.00, 0.00, '2012-10-04');

-- --------------------------------------------------------

--
-- Table structure for table `reservas`
--

CREATE TABLE IF NOT EXISTS `reservas` (
  `id` int(11) unsigned NOT NULL AUTO_INCREMENT,
  `cliente_id` int(11) NOT NULL,
  `tipoevento_id` int(11) NOT NULL,
  `cantidad_personas` int(5) NOT NULL DEFAULT '0',
  `fecha` datetime NOT NULL,
  `observaciones` text,
  PRIMARY KEY (`id`)
) ENGINE=MyISAM  DEFAULT CHARSET=utf8 AUTO_INCREMENT=17 ;

--
-- Dumping data for table `reservas`
--

INSERT INTO `reservas` (`id`, `cliente_id`, `tipoevento_id`, `cantidad_personas`, `fecha`, `observaciones`) VALUES
(1, 2, 2, 24, '2012-08-22 16:22:07', NULL),
(9, 6, 2, 56, '2012-08-26 15:45:00', 'asdf'),
(8, 2, 2, 23, '2012-08-15 17:45:00', 'asdf'),
(10, 3, 8, 40, '2012-09-15 15:15:00', ''),
(11, 2, 5, 50, '2012-09-15 15:15:00', ''),
(12, 6, 2, 50, '2012-09-29 15:00:00', 'Cancelo anticipo del 50%'),
(13, 5, 5, 9, '2012-09-15 14:30:00', 'CFGFC'),
(14, 2, 5, 5, '2012-09-10 16:15:00', 'bdbd'),
(15, 3, 2, 100, '2012-09-19 16:30:00', 'sdsdfc'),
(16, 2, 10, 200, '2012-10-10 11:30:00', '');

-- --------------------------------------------------------

--
-- Table structure for table `retrasos`
--

CREATE TABLE IF NOT EXISTS `retrasos` (
  `id` int(11) NOT NULL AUTO_INCREMENT,
  `usuario_id` int(11) DEFAULT NULL,
  `horas` int(2) DEFAULT NULL,
  `minutos` int(2) DEFAULT NULL,
  `descuento` float(8,2) DEFAULT NULL,
  `fecha` date DEFAULT NULL,
  PRIMARY KEY (`id`)
) ENGINE=MyISAM  DEFAULT CHARSET=latin1 AUTO_INCREMENT=8 ;

--
-- Dumping data for table `retrasos`
--

INSERT INTO `retrasos` (`id`, `usuario_id`, `horas`, `minutos`, `descuento`, `fecha`) VALUES
(1, 2, 14, 25, 100.00, '2012-09-07'),
(2, 2, 4, 20, 100.00, '2012-09-10'),
(3, 2, 6, 51, 100.00, '2012-09-17'),
(4, 2, 11, 14, 100.00, '2012-09-18'),
(5, 2, 5, 32, 100.00, '2012-09-21'),
(6, 2, 14, 0, 100.00, '2012-10-05'),
(7, 3, 14, 4, 100.00, '2012-10-05');

-- --------------------------------------------------------

--
-- Table structure for table `sucursales`
--

CREATE TABLE IF NOT EXISTS `sucursales` (
  `id` int(11) NOT NULL AUTO_INCREMENT,
  `nombre` varchar(200) DEFAULT NULL,
  `direccion` varchar(255) DEFAULT NULL,
  `departamento_id` int(20) DEFAULT NULL,
  PRIMARY KEY (`id`)
) ENGINE=InnoDB  DEFAULT CHARSET=latin1 AUTO_INCREMENT=2 ;

--
-- Dumping data for table `sucursales`
--

INSERT INTO `sucursales` (`id`, `nombre`, `direccion`, `departamento_id`) VALUES
(1, 'VIVA VINTO', 'AV. VINTO #123', 2);

-- --------------------------------------------------------

--
-- Table structure for table `tipoeventos`
--

CREATE TABLE IF NOT EXISTS `tipoeventos` (
  `id` int(11) NOT NULL AUTO_INCREMENT,
  `nombre` varchar(50) NOT NULL,
  `descripcion` text,
  `estado` int(1) NOT NULL DEFAULT '1',
  PRIMARY KEY (`id`)
) ENGINE=MyISAM  DEFAULT CHARSET=latin1 AUTO_INCREMENT=11 ;

--
-- Dumping data for table `tipoeventos`
--

INSERT INTO `tipoeventos` (`id`, `nombre`, `descripcion`, `estado`) VALUES
(5, 'Matrimonio', '', 1),
(2, 'Bautizo', NULL, 1),
(3, 'Cena', '', 1),
(4, 'Cumpleanos', '', 1),
(6, 'Almuerzo', '', 1),
(7, 'Bautizo universitario', '', 1),
(8, 'Evento demo', '', 1),
(9, 'Recepcion social', 'Reuniones especiales', 1),
(10, 'Evento de Prueba', 'Aqui la descripcion', 1);

-- --------------------------------------------------------

--
-- Table structure for table `tipos`
--

CREATE TABLE IF NOT EXISTS `tipos` (
  `id` int(11) NOT NULL AUTO_INCREMENT,
  `nombre` varchar(50) NOT NULL,
  `descripcion` text,
  `tipo` varchar(50) DEFAULT NULL,
  `estado` int(1) NOT NULL DEFAULT '1',
  PRIMARY KEY (`id`)
) ENGINE=MyISAM  DEFAULT CHARSET=latin1 AUTO_INCREMENT=17 ;

--
-- Dumping data for table `tipos`
--

INSERT INTO `tipos` (`id`, `nombre`, `descripcion`, `tipo`, `estado`) VALUES
(1, 'Alimentos', 'Obas alimentos', NULL, 1),
(2, 'Casa Real', '', NULL, 1),
(3, 'Vino Dulce', '', NULL, 1),
(4, 'Refrescos 1 Litro', '', NULL, 1),
(5, 'Vajillas', '', NULL, 1),
(6, 'Cerveza', '', NULL, 1),
(7, 'Jugos Del Valle', '', NULL, 1),
(8, 'Bebidas Locales', '', NULL, 1),
(9, 'Para Picar', '', NULL, 1),
(10, 'Vegetales', '', NULL, 1),
(11, 'Electronicos', 'Equipos de Computacion', NULL, 1),
(12, 'Agua', '', NULL, 1),
(13, 'Refrescos 2 Litros', '', NULL, 1),
(14, 'Refrescos 1/2 Litro', '', NULL, 1),
(15, 'Golosinas', '', NULL, 0),
(16, 'Golosinas', '', NULL, 1);

-- --------------------------------------------------------

--
-- Table structure for table `usuarios`
--

CREATE TABLE IF NOT EXISTS `usuarios` (
  `id` int(11) NOT NULL AUTO_INCREMENT,
  `nombre` varchar(50) NOT NULL,
  `direccion` varchar(200) DEFAULT NULL,
  `usuario` varchar(50) DEFAULT NULL,
  `pass` varchar(50) DEFAULT NULL,
  `codigo` varchar(10) DEFAULT NULL,
  `perfile_id` int(11) DEFAULT NULL,
  `sucursal_id` int(11) DEFAULT NULL,
  `estado_id` int(11) DEFAULT NULL,
  PRIMARY KEY (`id`)
) ENGINE=MyISAM  DEFAULT CHARSET=latin1 AUTO_INCREMENT=12 ;

--
-- Dumping data for table `usuarios`
--

INSERT INTO `usuarios` (`id`, `nombre`, `direccion`, `usuario`, `pass`, `codigo`, `perfile_id`, `sucursal_id`, `estado_id`) VALUES
(1, 'Juan Perez', 'calle uno', 'jperez', '63982e54a7aeb0d89910475ba6dbd3ca6dd4e5a1', '1111', 2, 1, 1),
(2, 'Carlos Flores B.', 'calle uno', 'cflores', '62e5b45919a9ae30db2271432bb800d8d0aabb6d', '2222', 2, 1, 1),
(3, 'Abdon Pinto', 'calle uno', 'apinto', '40a89c3119995f9898d4d4ad156047608e582ef4', '3333', 2, 1, 1),
(5, 'Adolfo Guillen', 'C. Arapata 123', 'vinto', 'd033e22ae348aeb5660fc2140aec35850c4da997', '', 1, 1, 2),
(9, 'Cristiam Herrera Daza', 'Calle Yanacocha #123', 'cristiamherrera', '7c222fb2927d828af22f592134e8932480637c0d', '9999', 2, NULL, 1),
(10, 'Alvaro Guerra', 'Calle Junin', 'alvaro', 'da39a3ee5e6b4b0d3255bfef95601890afd80709', '6666', 2, NULL, 2),
(11, 'Cristina Guillen', 'Calle 3', 'cristina', '40bd001563085fc35165329ea1ff5c5ecbdbbeef', '2345', 3, NULL, 1);

-- --------------------------------------------------------

--
-- Table structure for table `usuarios2`
--

CREATE TABLE IF NOT EXISTS `usuarios2` (
  `id` int(11) NOT NULL AUTO_INCREMENT,
  `nombre` varchar(50) NOT NULL,
  `direccion` varchar(200) DEFAULT NULL,
  `usuario` varchar(50) NOT NULL,
  `pass` varchar(50) NOT NULL,
  `codigo` varchar(10) DEFAULT NULL,
  `perfile_id` int(11) NOT NULL,
  PRIMARY KEY (`id`)
) ENGINE=MyISAM  DEFAULT CHARSET=latin1 AUTO_INCREMENT=4 ;

--
-- Dumping data for table `usuarios2`
--

INSERT INTO `usuarios2` (`id`, `nombre`, `direccion`, `usuario`, `pass`, `codigo`, `perfile_id`) VALUES
(1, 'Juan Perez', 'calle uno', 'jperez', '81dc9bdb52d04dc20036dbd8313ed055', '1111', 1),
(2, 'Carlos Flores', 'calle uno', 'cflores', '81dc9bdb52d04dc20036dbd8313ed055', '2222', 1),
(3, 'Abdon Pinto', 'calle uno', 'apinto', '81dc9bdb52d04dc20036dbd8313ed055', '3333', 1);

/*!40101 SET CHARACTER_SET_CLIENT=@OLD_CHARACTER_SET_CLIENT */;
/*!40101 SET CHARACTER_SET_RESULTS=@OLD_CHARACTER_SET_RESULTS */;
/*!40101 SET COLLATION_CONNECTION=@OLD_COLLATION_CONNECTION */;
